-- PrimeAudit Database Dump
-- Source: chhodscgwzpixtrvbywm (us-east-1)
-- Target: sa-east-1 (São Paulo)
-- Generated: 2026-05-08T23:06:58.315Z

SET session_replication_role = replica; -- disable FK checks during import

-- auth.users: 6 rows
INSERT INTO auth.users ("id", "instance_id", "aud", "role", "email", "encrypted_password", "email_confirmed_at", "invited_at", "confirmation_token", "confirmation_sent_at", "recovery_token", "recovery_sent_at", "email_change_token_new", "email_change", "email_change_sent_at", "last_sign_in_at", "raw_app_meta_data", "raw_user_meta_data", "is_super_admin", "created_at", "updated_at", "phone", "phone_confirmed_at", "phone_change", "phone_change_token", "phone_change_sent_at", "email_change_token_current", "email_change_confirm_status", "banned_until", "reauthentication_token", "reauthentication_sent_at", "is_sso_user", "deleted_at") VALUES ('48c3661a-7176-4d27-89ce-e8ad634593be', '00000000-0000-0000-0000-000000000000', 'authenticated', 'authenticated', 'eder30001@hotmail.com', '$2a$10$JHybtXa894V3MwgFIHe7eeLLedVj0PL03j3DzrpXtXHiS5sThoB0O', '"2026-03-30T16:56:11.026Z"', NULL, '', '"2026-03-30T16:55:23.063Z"', '', NULL, '', '', NULL, '"2026-05-08T23:00:22.524Z"', '{"provider":"email","providers":["email"]}', '{"sub":"48c3661a-7176-4d27-89ce-e8ad634593be","email":"eder30001@hotmail.com","full_name":"Eder Mendonca","email_verified":true,"phone_verified":false}', NULL, '"2026-03-30T16:55:23.013Z"', '"2026-05-08T23:00:22.581Z"', NULL, NULL, '', '', NULL, '', 0, NULL, '', NULL, false, NULL) ON CONFLICT (id) DO NOTHING;
INSERT INTO auth.users ("id", "instance_id", "aud", "role", "email", "encrypted_password", "email_confirmed_at", "invited_at", "confirmation_token", "confirmation_sent_at", "recovery_token", "recovery_sent_at", "email_change_token_new", "email_change", "email_change_sent_at", "last_sign_in_at", "raw_app_meta_data", "raw_user_meta_data", "is_super_admin", "created_at", "updated_at", "phone", "phone_confirmed_at", "phone_change", "phone_change_token", "phone_change_sent_at", "email_change_token_current", "email_change_confirm_status", "banned_until", "reauthentication_token", "reauthentication_sent_at", "is_sso_user", "deleted_at") VALUES ('43a62639-7505-4c47-9b1d-5bcfbc018a96', '00000000-0000-0000-0000-000000000000', 'authenticated', 'authenticated', 'eder30001@gmail.com', '$2a$10$LO7N8SN96Fm8B8WMed6so.fplOlI1UcMogrhac5F51y82A6I6KcH2', '"2026-03-30T17:31:26.917Z"', NULL, '', '"2026-03-30T17:29:14.838Z"', '', NULL, '', '', NULL, '"2026-05-03T12:23:38.692Z"', '{"provider":"email","providers":["email"]}', '{"sub":"43a62639-7505-4c47-9b1d-5bcfbc018a96","email":"eder30001@gmail.com","full_name":"Debora Bonato","email_verified":true,"phone_verified":false}', NULL, '"2026-03-30T17:29:14.797Z"', '"2026-05-03T12:23:38.759Z"', NULL, NULL, '', '', NULL, '', 0, NULL, '', NULL, false, NULL) ON CONFLICT (id) DO NOTHING;
INSERT INTO auth.users ("id", "instance_id", "aud", "role", "email", "encrypted_password", "email_confirmed_at", "invited_at", "confirmation_token", "confirmation_sent_at", "recovery_token", "recovery_sent_at", "email_change_token_new", "email_change", "email_change_sent_at", "last_sign_in_at", "raw_app_meta_data", "raw_user_meta_data", "is_super_admin", "created_at", "updated_at", "phone", "phone_confirmed_at", "phone_change", "phone_change_token", "phone_change_sent_at", "email_change_token_current", "email_change_confirm_status", "banned_until", "reauthentication_token", "reauthentication_sent_at", "is_sso_user", "deleted_at") VALUES ('9c7c6717-26cf-4016-8082-1b1d897c3c8d', '00000000-0000-0000-0000-000000000000', 'authenticated', 'authenticated', 'debora_bonato@hotmail.com', '$2a$10$.QelxEGB0UBLLBsEhJdlmuO7Y6gXxzIexZwvUUXVeKYIpYMV2TkRO', '"2026-03-30T17:51:37.341Z"', NULL, '', NULL, '', NULL, '', '', NULL, '"2026-04-27T11:39:24.799Z"', '{"provider":"email","providers":["email"]}', '{"sub":"9c7c6717-26cf-4016-8082-1b1d897c3c8d","email":"debora_bonato@hotmail.com","full_name":"Debora Mendonca","email_verified":true,"phone_verified":false}', NULL, '"2026-03-30T17:51:37.326Z"', '"2026-04-27T11:39:24.862Z"', NULL, NULL, '', '', NULL, '', 0, NULL, '', NULL, false, NULL) ON CONFLICT (id) DO NOTHING;
INSERT INTO auth.users ("id", "instance_id", "aud", "role", "email", "encrypted_password", "email_confirmed_at", "invited_at", "confirmation_token", "confirmation_sent_at", "recovery_token", "recovery_sent_at", "email_change_token_new", "email_change", "email_change_sent_at", "last_sign_in_at", "raw_app_meta_data", "raw_user_meta_data", "is_super_admin", "created_at", "updated_at", "phone", "phone_confirmed_at", "phone_change", "phone_change_token", "phone_change_sent_at", "email_change_token_current", "email_change_confirm_status", "banned_until", "reauthentication_token", "reauthentication_sent_at", "is_sso_user", "deleted_at") VALUES ('28df8c86-e2db-42a5-99d0-6d34d39772cf', '00000000-0000-0000-0000-000000000000', 'authenticated', 'authenticated', 'eder30002@gmail.com', '$2a$10$EEpBIM9SIfrdNRXxHQ/R2uW5L7VmZX7BlBS2YFd7bArdvI9X5wXfe', '"2026-04-19T12:48:11.681Z"', NULL, '', NULL, '', NULL, '', '', NULL, '"2026-04-30T13:58:24.238Z"', '{"provider":"email","providers":["email"]}', '{"sub":"28df8c86-e2db-42a5-99d0-6d34d39772cf","email":"eder30002@gmail.com","full_name":"Leticia Mendonça","email_verified":true,"phone_verified":false}', NULL, '"2026-04-19T12:48:11.609Z"', '"2026-05-02T18:28:26.158Z"', NULL, NULL, '', '', NULL, '', 0, NULL, '', NULL, false, NULL) ON CONFLICT (id) DO NOTHING;
INSERT INTO auth.users ("id", "instance_id", "aud", "role", "email", "encrypted_password", "email_confirmed_at", "invited_at", "confirmation_token", "confirmation_sent_at", "recovery_token", "recovery_sent_at", "email_change_token_new", "email_change", "email_change_sent_at", "last_sign_in_at", "raw_app_meta_data", "raw_user_meta_data", "is_super_admin", "created_at", "updated_at", "phone", "phone_confirmed_at", "phone_change", "phone_change_token", "phone_change_sent_at", "email_change_token_current", "email_change_confirm_status", "banned_until", "reauthentication_token", "reauthentication_sent_at", "is_sso_user", "deleted_at") VALUES ('37a24365-3a4e-4ba4-aa2e-fdbb6b59652e', '00000000-0000-0000-0000-000000000000', 'authenticated', 'authenticated', 'jose@hotmail.com', '$2a$10$g.Sbdd.p9PwkOfMtdWHseeAzgoJODTUEUs4X/ErJouQpfuEUuJ.1W', '"2026-04-27T11:49:54.269Z"', NULL, '', NULL, '', NULL, '', '', NULL, '"2026-05-07T02:57:35.066Z"', '{"provider":"email","providers":["email"]}', '{"sub":"37a24365-3a4e-4ba4-aa2e-fdbb6b59652e","email":"jose@hotmail.com","full_name":"Jose da Silva","email_verified":true,"phone_verified":false}', NULL, '"2026-04-27T11:49:54.210Z"', '"2026-05-07T02:57:35.091Z"', NULL, NULL, '', '', NULL, '', 0, NULL, '', NULL, false, NULL) ON CONFLICT (id) DO NOTHING;
INSERT INTO auth.users ("id", "instance_id", "aud", "role", "email", "encrypted_password", "email_confirmed_at", "invited_at", "confirmation_token", "confirmation_sent_at", "recovery_token", "recovery_sent_at", "email_change_token_new", "email_change", "email_change_sent_at", "last_sign_in_at", "raw_app_meta_data", "raw_user_meta_data", "is_super_admin", "created_at", "updated_at", "phone", "phone_confirmed_at", "phone_change", "phone_change_token", "phone_change_sent_at", "email_change_token_current", "email_change_confirm_status", "banned_until", "reauthentication_token", "reauthentication_sent_at", "is_sso_user", "deleted_at") VALUES ('23c45216-82b8-4bd3-ab2d-61becb9e9144', '00000000-0000-0000-0000-000000000000', 'authenticated', 'authenticated', 'eder30003@hotmail.com', '$2a$10$TnqTpRVuE1lY7P7nJAXNsuvejcz69e1lzuTYvoP8VlIn8.e88DAFG', '"2026-04-29T18:13:49.767Z"', NULL, '', NULL, '', NULL, '', '', NULL, '"2026-04-30T02:42:35.518Z"', '{"provider":"email","providers":["email"]}', '{"sub":"23c45216-82b8-4bd3-ab2d-61becb9e9144","email":"eder30003@hotmail.com","full_name":"Pedro Souza","email_verified":true,"phone_verified":false}', NULL, '"2026-04-29T18:13:49.496Z"', '"2026-04-30T13:37:36.967Z"', NULL, NULL, '', '', NULL, '', 0, NULL, '', NULL, false, NULL) ON CONFLICT (id) DO NOTHING;

-- public.companies: 4 rows
INSERT INTO "public"."companies" ("id", "name", "cnpj", "email", "phone", "address", "active", "created_at", "requires_perimeter", "segment", "modules") VALUES ('62ad0dff-236c-422e-af81-77f55b77ddda', 'CNH', '00.622.313/0001-81', 'eder.mendonca@cnh.com', '4199999999', 'Curitiba', true, '"2026-03-30T17:17:54.073Z"', true, 'industrial', '["auditoria","checklist"]') ON CONFLICT DO NOTHING;
INSERT INTO "public"."companies" ("id", "name", "cnpj", "email", "phone", "address", "active", "created_at", "requires_perimeter", "segment", "modules") VALUES ('807e2ae5-1acb-4e32-bd0f-766fb4bfa628', 'Volvo', '89.364.897/0001-46', 'eder30001@hotmail.com', '4199999999', 'Brasil', true, '"2026-03-30T22:28:04.591Z"', true, 'industrial', '["auditoria"]') ON CONFLICT DO NOTHING;
INSERT INTO "public"."companies" ("id", "name", "cnpj", "email", "phone", "address", "active", "created_at", "requires_perimeter", "segment", "modules") VALUES ('c37aa5ad-56f4-4c8c-bcc1-26ec7dd6ba02', 'Renault', '43176148000194', NULL, NULL, NULL, true, '"2026-04-18T09:37:00.174Z"', true, 'industrial', '["checklist"]') ON CONFLICT DO NOTHING;
INSERT INTO "public"."companies" ("id", "name", "cnpj", "email", "phone", "address", "active", "created_at", "requires_perimeter", "segment", "modules") VALUES ('e37e95e4-d263-4c10-aa40-b70ae2df75d7', 'Bosch', '12.345.678/0001-95', NULL, NULL, '73.864.215/0001-49', true, '"2026-05-08T03:07:19.776Z"', false, 'transportador', '["checklist"]') ON CONFLICT DO NOTHING;

-- public.profiles: 6 rows
INSERT INTO "public"."profiles" ("id", "full_name", "email", "role", "company_id", "active", "created_at") VALUES ('48c3661a-7176-4d27-89ce-e8ad634593be', 'Eder Mendonca', 'eder30001@hotmail.com', 'superuser', NULL, true, '"2026-03-30T17:13:32.188Z"') ON CONFLICT DO NOTHING;
INSERT INTO "public"."profiles" ("id", "full_name", "email", "role", "company_id", "active", "created_at") VALUES ('43a62639-7505-4c47-9b1d-5bcfbc018a96', 'Debora Bonato', 'eder30001@gmail.com', 'adm', '62ad0dff-236c-422e-af81-77f55b77ddda', true, '"2026-03-30T17:29:14.797Z"') ON CONFLICT DO NOTHING;
INSERT INTO "public"."profiles" ("id", "full_name", "email", "role", "company_id", "active", "created_at") VALUES ('9c7c6717-26cf-4016-8082-1b1d897c3c8d', 'Debora Maria', 'debora_bonato@hotmail.com', 'adm', '807e2ae5-1acb-4e32-bd0f-766fb4bfa628', true, '"2026-03-30T17:51:37.325Z"') ON CONFLICT DO NOTHING;
INSERT INTO "public"."profiles" ("id", "full_name", "email", "role", "company_id", "active", "created_at") VALUES ('37a24365-3a4e-4ba4-aa2e-fdbb6b59652e', 'Jose da Silva', 'jose@hotmail.com', 'auditor', 'c37aa5ad-56f4-4c8c-bcc1-26ec7dd6ba02', true, '"2026-04-27T11:49:54.209Z"') ON CONFLICT DO NOTHING;
INSERT INTO "public"."profiles" ("id", "full_name", "email", "role", "company_id", "active", "created_at") VALUES ('23c45216-82b8-4bd3-ab2d-61becb9e9144', 'Pedro Souza', 'eder30003@hotmail.com', 'auditor', 'c37aa5ad-56f4-4c8c-bcc1-26ec7dd6ba02', true, '"2026-04-29T18:13:49.483Z"') ON CONFLICT DO NOTHING;
INSERT INTO "public"."profiles" ("id", "full_name", "email", "role", "company_id", "active", "created_at") VALUES ('28df8c86-e2db-42a5-99d0-6d34d39772cf', 'Leticia Mendonça', 'eder30002@gmail.com', 'adm', 'c37aa5ad-56f4-4c8c-bcc1-26ec7dd6ba02', true, '"2026-04-19T12:48:11.608Z"') ON CONFLICT DO NOTHING;

-- public.audit_types: 11 rows
INSERT INTO "public"."audit_types" ("id", "name", "icon", "color", "company_id", "active", "created_at") VALUES ('aa8a75cc-825f-4b21-a0fe-61b1f03bc7a2', 'Qualidade', '🏭', '#1565C0', NULL, true, '"2026-03-30T19:18:41.100Z"') ON CONFLICT DO NOTHING;
INSERT INTO "public"."audit_types" ("id", "name", "icon", "color", "company_id", "active", "created_at") VALUES ('921a38d7-3a82-4033-b167-a1924af5926c', 'Segurança (EHS)', '🔐', '#B71C1C', NULL, true, '"2026-03-30T19:18:41.100Z"') ON CONFLICT DO NOTHING;
INSERT INTO "public"."audit_types" ("id", "name", "icon", "color", "company_id", "active", "created_at") VALUES ('d50263c1-fd20-4b6b-9d85-9ca087ada97e', 'Processo', '⚙️', '#4527A0', NULL, true, '"2026-03-30T19:18:41.100Z"') ON CONFLICT DO NOTHING;
INSERT INTO "public"."audit_types" ("id", "name", "icon", "color", "company_id", "active", "created_at") VALUES ('3788d97a-f922-4a3d-aa7e-912bc3ad0147', 'Meio Ambiente', '🌱', '#2E7D32', NULL, true, '"2026-03-30T19:18:41.100Z"') ON CONFLICT DO NOTHING;
INSERT INTO "public"."audit_types" ("id", "name", "icon", "color", "company_id", "active", "created_at") VALUES ('aca5c3fc-b27c-4db4-b69e-8dd39c4a228e', 'Compliance/Normas', '📋', '#E65100', NULL, true, '"2026-03-30T19:18:41.100Z"') ON CONFLICT DO NOTHING;
INSERT INTO "public"."audit_types" ("id", "name", "icon", "color", "company_id", "active", "created_at") VALUES ('237b3f48-e1e6-4b3d-9413-6faed3ca9c75', 'LPA', '🔁', '#00838F', NULL, true, '"2026-03-30T19:18:41.100Z"') ON CONFLICT DO NOTHING;
INSERT INTO "public"."audit_types" ("id", "name", "icon", "color", "company_id", "active", "created_at") VALUES ('ca265fa8-c944-4bce-9a72-944044acc0bd', 'Logística', '🚚', '#4E342E', NULL, true, '"2026-03-30T19:18:41.100Z"') ON CONFLICT DO NOTHING;
INSERT INTO "public"."audit_types" ("id", "name", "icon", "color", "company_id", "active", "created_at") VALUES ('8fb30874-cb34-473e-8cb1-62c5410cc809', '5S / Organização', '🧹', '#F9A825', NULL, true, '"2026-03-30T19:18:41.100Z"') ON CONFLICT DO NOTHING;
INSERT INTO "public"."audit_types" ("id", "name", "icon", "color", "company_id", "active", "created_at") VALUES ('b7d8a8ee-0041-44bd-a458-2fa349e8da09', 'Recursos Humanos', '👥', '#6A1B9A', NULL, true, '"2026-03-30T19:18:41.100Z"') ON CONFLICT DO NOTHING;
INSERT INTO "public"."audit_types" ("id", "name", "icon", "color", "company_id", "active", "created_at") VALUES ('ff334170-46d0-4b29-bb0e-a6342e046d07', 'Fornecedores', '🧾', '#283593', NULL, true, '"2026-03-30T19:18:41.100Z"') ON CONFLICT DO NOTHING;
INSERT INTO "public"."audit_types" ("id", "name", "icon", "color", "company_id", "active", "created_at") VALUES ('8dd5271a-f3f4-4e8a-a6eb-25bfc0d331c6', 'hdhd', '📋', '#2196F3', NULL, true, '"2026-04-30T13:42:36.976Z"') ON CONFLICT DO NOTHING;

-- public.perimeters: 10 rows
INSERT INTO "public"."perimeters" ("id", "company_id", "parent_id", "name", "description", "active", "created_at") VALUES ('4e0c2bd3-413f-4f15-a8a8-152892bbfc75', '62ad0dff-236c-422e-af81-77f55b77ddda', NULL, 'Perimetro 1', NULL, true, '"2026-03-30T19:02:10.922Z"') ON CONFLICT DO NOTHING;
INSERT INTO "public"."perimeters" ("id", "company_id", "parent_id", "name", "description", "active", "created_at") VALUES ('6da855cd-8144-4eb4-b44d-c987f5603dbf', '62ad0dff-236c-422e-af81-77f55b77ddda', NULL, 'Perimetro 2', NULL, true, '"2026-03-30T19:04:27.045Z"') ON CONFLICT DO NOTHING;
INSERT INTO "public"."perimeters" ("id", "company_id", "parent_id", "name", "description", "active", "created_at") VALUES ('e9bbd218-78e1-48cf-b407-a44609577295', '62ad0dff-236c-422e-af81-77f55b77ddda', '4e0c2bd3-413f-4f15-a8a8-152892bbfc75', 'Perimetro 1_1', NULL, true, '"2026-03-30T19:02:24.321Z"') ON CONFLICT DO NOTHING;
INSERT INTO "public"."perimeters" ("id", "company_id", "parent_id", "name", "description", "active", "created_at") VALUES ('e67b4bb3-6716-48e6-a0c0-5865ff8e1e36', '62ad0dff-236c-422e-af81-77f55b77ddda', '6da855cd-8144-4eb4-b44d-c987f5603dbf', 'Perimetro 2_1', NULL, true, '"2026-03-30T19:05:03.813Z"') ON CONFLICT DO NOTHING;
INSERT INTO "public"."perimeters" ("id", "company_id", "parent_id", "name", "description", "active", "created_at") VALUES ('588e50b4-0961-4b49-85de-0fd4de48a20e', '62ad0dff-236c-422e-af81-77f55b77ddda', 'e67b4bb3-6716-48e6-a0c0-5865ff8e1e36', 'Periemtro 2_2', NULL, true, '"2026-03-30T19:05:17.839Z"') ON CONFLICT DO NOTHING;
INSERT INTO "public"."perimeters" ("id", "company_id", "parent_id", "name", "description", "active", "created_at") VALUES ('1027c145-33bc-4961-b7b7-7ea554786bc4', '62ad0dff-236c-422e-af81-77f55b77ddda', 'e9bbd218-78e1-48cf-b407-a44609577295', 'Perimetro 1_2', NULL, true, '"2026-03-30T19:02:34.777Z"') ON CONFLICT DO NOTHING;
INSERT INTO "public"."perimeters" ("id", "company_id", "parent_id", "name", "description", "active", "created_at") VALUES ('8a934328-6c10-4a0b-add9-487a18ec3d61', '807e2ae5-1acb-4e32-bd0f-766fb4bfa628', NULL, 'Local 1', NULL, true, '"2026-04-04T01:45:53.037Z"') ON CONFLICT DO NOTHING;
INSERT INTO "public"."perimeters" ("id", "company_id", "parent_id", "name", "description", "active", "created_at") VALUES ('444c3b77-22e5-4aea-b61a-ab2284d4934b', '807e2ae5-1acb-4e32-bd0f-766fb4bfa628', '8a934328-6c10-4a0b-add9-487a18ec3d61', 'local 1_1', NULL, true, '"2026-04-04T01:46:04.641Z"') ON CONFLICT DO NOTHING;
INSERT INTO "public"."perimeters" ("id", "company_id", "parent_id", "name", "description", "active", "created_at") VALUES ('239dc86d-bc82-4e93-bc41-db0b612a0e27', '807e2ae5-1acb-4e32-bd0f-766fb4bfa628', '8a934328-6c10-4a0b-add9-487a18ec3d61', 'local 1_2', NULL, true, '"2026-04-04T01:46:20.457Z"') ON CONFLICT DO NOTHING;
INSERT INTO "public"."perimeters" ("id", "company_id", "parent_id", "name", "description", "active", "created_at") VALUES ('f4c4b2dc-6c50-4dd3-9feb-b1ef6a18c224', 'c37aa5ad-56f4-4c8c-bcc1-26ec7dd6ba02', NULL, 'Teste', NULL, true, '"2026-04-19T21:07:04.306Z"') ON CONFLICT DO NOTHING;

-- public.audit_templates: 26 rows
INSERT INTO "public"."audit_templates" ("id", "type_id", "company_id", "name", "description", "active", "created_at") VALUES ('fabc179a-c56c-41f9-ba40-882f7c60c6ec', '8fb30874-cb34-473e-8cb1-62c5410cc809', NULL, '5S Completo', 'Auditoria abrangente dos cinco sensos: Utilização, Ordenação, Limpeza, Padronização e Disciplina.', true, '"2026-04-04T01:18:52.874Z"') ON CONFLICT DO NOTHING;
INSERT INTO "public"."audit_templates" ("id", "type_id", "company_id", "name", "description", "active", "created_at") VALUES ('9c6e3c3d-2e06-4cc9-905c-37b6d1319400', '8fb30874-cb34-473e-8cb1-62c5410cc809', NULL, 'Auditoria de Limpeza e Organização', 'Avaliação focada nas condições de limpeza, organização e identificação visual da área produtiva.', true, '"2026-04-04T01:18:52.874Z"') ON CONFLICT DO NOTHING;
INSERT INTO "public"."audit_templates" ("id", "type_id", "company_id", "name", "description", "active", "created_at") VALUES ('94524193-f802-46e7-b2d5-53f51251a9e9', 'aca5c3fc-b27c-4db4-b69e-8dd39c4a228e', NULL, 'ISO 9001:2015 – Requisitos do SGQ', 'Auditoria interna baseada nos requisitos da norma ISO 9001:2015 para Sistemas de Gestão da Qualidade.', true, '"2026-04-04T01:18:52.874Z"') ON CONFLICT DO NOTHING;
INSERT INTO "public"."audit_templates" ("id", "type_id", "company_id", "name", "description", "active", "created_at") VALUES ('c2e2dbf1-ec02-45a9-992f-fc19d91fe7bc', 'aca5c3fc-b27c-4db4-b69e-8dd39c4a228e', NULL, 'Auditoria de Procedimentos Internos', 'Verifica se os procedimentos internos estão disponíveis, atualizados e sendo seguidos nas atividades da área.', true, '"2026-04-04T01:18:52.874Z"') ON CONFLICT DO NOTHING;
INSERT INTO "public"."audit_templates" ("id", "type_id", "company_id", "name", "description", "active", "created_at") VALUES ('71a2142f-1ccb-4f31-ac0b-ee015722953d', 'ff334170-46d0-4b29-bb0e-a6342e046d07', NULL, 'Auditoria de Sistema do Fornecedor', 'Avalia o sistema de gestão da qualidade, controle de processo e capacidade produtiva do fornecedor.', true, '"2026-04-04T01:18:52.874Z"') ON CONFLICT DO NOTHING;
INSERT INTO "public"."audit_templates" ("id", "type_id", "company_id", "name", "description", "active", "created_at") VALUES ('d5e0b3a4-74d3-4ecb-a976-5a0318df541f', 'ff334170-46d0-4b29-bb0e-a6342e046d07', NULL, 'Auditoria de Qualidade do Fornecedor', 'Verifica controle de qualidade dos produtos, rastreabilidade, embalagem e processos de expedição do fornecedor.', true, '"2026-04-04T01:18:52.874Z"') ON CONFLICT DO NOTHING;
INSERT INTO "public"."audit_templates" ("id", "type_id", "company_id", "name", "description", "active", "created_at") VALUES ('b7cb0495-ebd0-4298-aae7-f0b6a4ca957e', 'ca265fa8-c944-4bce-9a72-944044acc0bd', NULL, 'Armazenagem e Expedição', 'Avalia as condições de armazenamento, controle de entrada de materiais e processo de expedição.', true, '"2026-04-04T01:18:52.874Z"') ON CONFLICT DO NOTHING;
INSERT INTO "public"."audit_templates" ("id", "type_id", "company_id", "name", "description", "active", "created_at") VALUES ('0ead5742-c9ba-422f-bf83-7928f295b66f', 'ca265fa8-c944-4bce-9a72-944044acc0bd', NULL, 'Controle de Inventário e FIFO', 'Verifica a acuracidade do inventário, aplicação do método FIFO/FEFO e rastreabilidade dos itens em estoque.', true, '"2026-04-04T01:18:52.874Z"') ON CONFLICT DO NOTHING;
INSERT INTO "public"."audit_templates" ("id", "type_id", "company_id", "name", "description", "active", "created_at") VALUES ('a3929e2c-830e-4321-abdb-48f782161b4c', '237b3f48-e1e6-4b3d-9413-6faed3ca9c75', NULL, 'LPA Nível 1 – Operador', 'Auditoria em camadas realizada pelo operador ou líder de célula. Foco em qualidade do produto, condições do posto e segurança básica.', true, '"2026-04-04T01:18:52.874Z"') ON CONFLICT DO NOTHING;
INSERT INTO "public"."audit_templates" ("id", "type_id", "company_id", "name", "description", "active", "created_at") VALUES ('8f30e157-ad50-4a33-94de-ee21dee46d40', '237b3f48-e1e6-4b3d-9413-6faed3ca9c75', NULL, 'LPA Nível 2 – Líder', 'Auditoria em camadas realizada pelo líder de equipe. Verifica LPA Nível 1 e aspectos gerenciais de processo e equipe.', true, '"2026-04-04T01:18:52.874Z"') ON CONFLICT DO NOTHING;
INSERT INTO "public"."audit_templates" ("id", "type_id", "company_id", "name", "description", "active", "created_at") VALUES ('54265d9c-5182-49fe-a557-0fe18ddc76b0', '237b3f48-e1e6-4b3d-9413-6faed3ca9c75', NULL, 'LPA Nível 3 – Supervisão', 'Auditoria em camadas pela supervisão/gerência. Foco em indicadores, eficácia do sistema LPA e gestão do fluxo produtivo.', true, '"2026-04-04T01:18:52.874Z"') ON CONFLICT DO NOTHING;
INSERT INTO "public"."audit_templates" ("id", "type_id", "company_id", "name", "description", "active", "created_at") VALUES ('a3b23b96-6661-48f7-a3ba-36049fa9959b', '3788d97a-f922-4a3d-aa7e-912bc3ad0147', NULL, 'Gestão de Resíduos Sólidos', 'Verifica a correta segregação, identificação, armazenamento e destinação final de resíduos sólidos conforme a PNRS.', true, '"2026-04-04T01:18:52.874Z"') ON CONFLICT DO NOTHING;
INSERT INTO "public"."audit_templates" ("id", "type_id", "company_id", "name", "description", "active", "created_at") VALUES ('6f554e59-b04a-49b6-9814-01d8bfdc7fbc', '3788d97a-f922-4a3d-aa7e-912bc3ad0147', NULL, 'Controle Ambiental – Emissões e Consumo', 'Avalia o controle de emissões atmosféricas, efluentes líquidos, consumo de recursos naturais e gestão de produtos químicos.', true, '"2026-04-04T01:18:52.874Z"') ON CONFLICT DO NOTHING;
INSERT INTO "public"."audit_templates" ("id", "type_id", "company_id", "name", "description", "active", "created_at") VALUES ('20e8f7f8-61b7-42e3-b85e-04baa0e5e0f7', 'd50263c1-fd20-4b6b-9d85-9ca087ada97e', NULL, 'Trabalho Padronizado (TP)', 'Verifica se as instruções de trabalho são seguidas, os padrões de processo são cumpridos e os colaboradores estão qualificados.', true, '"2026-04-04T01:18:52.874Z"') ON CONFLICT DO NOTHING;
INSERT INTO "public"."audit_templates" ("id", "type_id", "company_id", "name", "description", "active", "created_at") VALUES ('4a933e53-5f97-4e83-a45a-ff830ce971d0', 'd50263c1-fd20-4b6b-9d85-9ca087ada97e', NULL, 'Setup de Máquina / SMED', 'Avalia o processo de setup de máquinas, aplicação do SMED (redução de tempo de troca) e conformidade da liberação pós-setup.', true, '"2026-04-04T01:18:52.874Z"') ON CONFLICT DO NOTHING;
INSERT INTO "public"."audit_templates" ("id", "type_id", "company_id", "name", "description", "active", "created_at") VALUES ('a31f837e-3534-4f9b-9d69-c8c9bd2e368d', 'aa8a75cc-825f-4b21-a0fe-61b1f03bc7a2', NULL, 'Qualidade de Produto Final', 'Inspeção do produto acabado contemplando verificação visual, dimensional, rastreabilidade e conformidade para expedição.', true, '"2026-04-04T01:18:52.874Z"') ON CONFLICT DO NOTHING;
INSERT INTO "public"."audit_templates" ("id", "type_id", "company_id", "name", "description", "active", "created_at") VALUES ('bbd68200-c05c-4664-8e7f-3cc10e1383a7', 'aa8a75cc-825f-4b21-a0fe-61b1f03bc7a2', NULL, 'Auditoria de Processo de Qualidade', 'Avalia controles de processo, calibração de instrumentos, poka-yokes e eficácia do tratamento de não conformidades.', true, '"2026-04-04T01:18:52.874Z"') ON CONFLICT DO NOTHING;
INSERT INTO "public"."audit_templates" ("id", "type_id", "company_id", "name", "description", "active", "created_at") VALUES ('e83bc8c9-097c-49a7-99c1-81f2042b2c54', 'aa8a75cc-825f-4b21-a0fe-61b1f03bc7a2', NULL, 'First Piece Check (Peça Inicial)', 'Verificação completa da primeira peça produzida após setup ou retomada para garantir conformidade antes da produção em série.', true, '"2026-04-04T01:18:52.874Z"') ON CONFLICT DO NOTHING;
INSERT INTO "public"."audit_templates" ("id", "type_id", "company_id", "name", "description", "active", "created_at") VALUES ('007f9d1e-ec21-46ae-bd8f-fca3b95fcc20', 'b7d8a8ee-0041-44bd-a458-2fa349e8da09', NULL, 'Auditoria de Treinamento e Competências', 'Verifica o planejamento, execução e eficácia dos treinamentos e a atualização da matriz de competências da equipe.', true, '"2026-04-04T01:18:52.874Z"') ON CONFLICT DO NOTHING;
INSERT INTO "public"."audit_templates" ("id", "type_id", "company_id", "name", "description", "active", "created_at") VALUES ('725bb1f3-e31b-46e0-918f-3d448b94b952', 'b7d8a8ee-0041-44bd-a458-2fa349e8da09', NULL, 'Integração de Novos Colaboradores', 'Verifica o cumprimento do processo de onboarding: documentação admissional, apresentação da empresa e treinamentos obrigatórios iniciais.', true, '"2026-04-04T01:18:52.874Z"') ON CONFLICT DO NOTHING;
INSERT INTO "public"."audit_templates" ("id", "type_id", "company_id", "name", "description", "active", "created_at") VALUES ('d91bff12-d335-4ad6-a24e-0f93e71ff1b0', '921a38d7-3a82-4033-b167-a1924af5926c', NULL, 'Condições Gerais de Segurança', 'Avaliação ampla das condições físicas de segurança: sinalização, instalações, prevenção de incêndios e plano de emergência.', true, '"2026-04-04T01:18:52.874Z"') ON CONFLICT DO NOTHING;
INSERT INTO "public"."audit_templates" ("id", "type_id", "company_id", "name", "description", "active", "created_at") VALUES ('4cf8f1aa-544d-49a9-9a09-25fd6297de1f', '921a38d7-3a82-4033-b167-a1924af5926c', NULL, 'Uso e Controle de EPIs', 'Verifica disponibilidade, condição, uso correto e gestão documental dos Equipamentos de Proteção Individual (EPIs).', true, '"2026-04-04T01:18:52.874Z"') ON CONFLICT DO NOTHING;
INSERT INTO "public"."audit_templates" ("id", "type_id", "company_id", "name", "description", "active", "created_at") VALUES ('88880c9e-7e9a-49fe-b6c6-5c02f43826cb', '921a38d7-3a82-4033-b167-a1924af5926c', NULL, 'Auditoria Comportamental de Segurança (BBS)', 'Observação de comportamentos seguros e inseguros (Behavior-Based Safety). Foco em atitudes, comunicação de riscos e cultura de segurança.', true, '"2026-04-04T01:18:52.874Z"') ON CONFLICT DO NOTHING;
INSERT INTO "public"."audit_templates" ("id", "type_id", "company_id", "name", "description", "active", "created_at") VALUES ('43a90961-e29b-4735-880f-bf26a96c7dfb', '8fb30874-cb34-473e-8cb1-62c5410cc809', '62ad0dff-236c-422e-af81-77f55b77ddda', 'Teste', NULL, true, '"2026-04-06T21:11:53.142Z"') ON CONFLICT DO NOTHING;
INSERT INTO "public"."audit_templates" ("id", "type_id", "company_id", "name", "description", "active", "created_at") VALUES ('0155637a-2076-43f9-9051-5a63cf62ff97', 'aa8a75cc-825f-4b21-a0fe-61b1f03bc7a2', '62ad0dff-236c-422e-af81-77f55b77ddda', 'PCPA', NULL, true, '"2026-04-16T23:29:57.775Z"') ON CONFLICT DO NOTHING;
INSERT INTO "public"."audit_templates" ("id", "type_id", "company_id", "name", "description", "active", "created_at") VALUES ('f240b9b2-137a-478e-94f4-696215e52999', '8fb30874-cb34-473e-8cb1-62c5410cc809', '62ad0dff-236c-422e-af81-77f55b77ddda', 'Ggff', NULL, true, '"2026-04-28T14:59:27.858Z"') ON CONFLICT DO NOTHING;

-- public.template_sections: 87 rows
INSERT INTO "public"."template_sections" ("id", "template_id", "name", "order_index") VALUES ('2a8de0e4-888d-4836-8e9f-8f8e06576e3d', 'fabc179a-c56c-41f9-ba40-882f7c60c6ec', 'Seiri – Utilização', 0) ON CONFLICT DO NOTHING;
INSERT INTO "public"."template_sections" ("id", "template_id", "name", "order_index") VALUES ('1f8cef3b-fcff-4e18-baf2-0a225fa0df63', 'fabc179a-c56c-41f9-ba40-882f7c60c6ec', 'Seiton – Ordenação', 1) ON CONFLICT DO NOTHING;
INSERT INTO "public"."template_sections" ("id", "template_id", "name", "order_index") VALUES ('3f49f34e-94f0-4731-8277-07db707a88a3', 'fabc179a-c56c-41f9-ba40-882f7c60c6ec', 'Seiso – Limpeza', 2) ON CONFLICT DO NOTHING;
INSERT INTO "public"."template_sections" ("id", "template_id", "name", "order_index") VALUES ('6ae55c49-fae5-4f35-80a6-17f2c2170ede', 'fabc179a-c56c-41f9-ba40-882f7c60c6ec', 'Seiketsu – Padronização', 3) ON CONFLICT DO NOTHING;
INSERT INTO "public"."template_sections" ("id", "template_id", "name", "order_index") VALUES ('c58f8719-5178-43c3-8653-e587972ed785', 'fabc179a-c56c-41f9-ba40-882f7c60c6ec', 'Shitsuke – Disciplina', 4) ON CONFLICT DO NOTHING;
INSERT INTO "public"."template_sections" ("id", "template_id", "name", "order_index") VALUES ('95c30351-49ce-4d3b-8377-b423a1d1af68', '9c6e3c3d-2e06-4cc9-905c-37b6d1319400', 'Condições do Ambiente', 0) ON CONFLICT DO NOTHING;
INSERT INTO "public"."template_sections" ("id", "template_id", "name", "order_index") VALUES ('73284b40-cb9c-480e-b693-a40337a7dc9b', '9c6e3c3d-2e06-4cc9-905c-37b6d1319400', 'Organização de Materiais e Ferramentas', 1) ON CONFLICT DO NOTHING;
INSERT INTO "public"."template_sections" ("id", "template_id", "name", "order_index") VALUES ('9d56f75a-d75f-4db3-9013-f8bfb45222ad', '9c6e3c3d-2e06-4cc9-905c-37b6d1319400', 'Limpeza de Equipamentos e Instalações', 2) ON CONFLICT DO NOTHING;
INSERT INTO "public"."template_sections" ("id", "template_id", "name", "order_index") VALUES ('ca7974de-8c09-46fb-b71f-a35a7ccbbbc2', '9c6e3c3d-2e06-4cc9-905c-37b6d1319400', 'Sinalização e Identificação Visual', 3) ON CONFLICT DO NOTHING;
INSERT INTO "public"."template_sections" ("id", "template_id", "name", "order_index") VALUES ('9c701599-ce02-48d0-8f79-f88ae7a883bc', '94524193-f802-46e7-b2d5-53f51251a9e9', 'Contexto e Liderança (Seções 4 e 5)', 0) ON CONFLICT DO NOTHING;
INSERT INTO "public"."template_sections" ("id", "template_id", "name", "order_index") VALUES ('ec3420ff-a477-4bd3-8191-455181c1f01f', '94524193-f802-46e7-b2d5-53f51251a9e9', 'Planejamento e Gestão de Riscos (Seção 6)', 1) ON CONFLICT DO NOTHING;
INSERT INTO "public"."template_sections" ("id", "template_id", "name", "order_index") VALUES ('c3b9c77e-5cfa-4c64-ab06-7e381b897b11', '94524193-f802-46e7-b2d5-53f51251a9e9', 'Suporte – Recursos, Competências e Comunicação (Seção 7)', 2) ON CONFLICT DO NOTHING;
INSERT INTO "public"."template_sections" ("id", "template_id", "name", "order_index") VALUES ('3b5f3cb6-3ef2-4631-beb3-85cb36a6ae36', '94524193-f802-46e7-b2d5-53f51251a9e9', 'Operação e Controle de Processos (Seção 8)', 3) ON CONFLICT DO NOTHING;
INSERT INTO "public"."template_sections" ("id", "template_id", "name", "order_index") VALUES ('578a3a97-96b4-4f56-9118-76e99f2e3dd4', '94524193-f802-46e7-b2d5-53f51251a9e9', 'Avaliação de Desempenho e Melhoria (Seções 9 e 10)', 4) ON CONFLICT DO NOTHING;
INSERT INTO "public"."template_sections" ("id", "template_id", "name", "order_index") VALUES ('328054a9-5480-4aa3-8ab7-adb051017896', 'c2e2dbf1-ec02-45a9-992f-fc19d91fe7bc', 'Disponibilidade e Atualização dos Documentos', 0) ON CONFLICT DO NOTHING;
INSERT INTO "public"."template_sections" ("id", "template_id", "name", "order_index") VALUES ('d90667fe-0401-44f3-ac99-1141a26f66ff', 'c2e2dbf1-ec02-45a9-992f-fc19d91fe7bc', 'Conformidade na Execução', 1) ON CONFLICT DO NOTHING;
INSERT INTO "public"."template_sections" ("id", "template_id", "name", "order_index") VALUES ('71759b5a-8939-4970-af90-377cd62c77c7', 'c2e2dbf1-ec02-45a9-992f-fc19d91fe7bc', 'Registros e Evidências', 2) ON CONFLICT DO NOTHING;
INSERT INTO "public"."template_sections" ("id", "template_id", "name", "order_index") VALUES ('a0d59283-314d-4d04-891c-b50c4b9f621b', '71a2142f-1ccb-4f31-ac0b-ee015722953d', 'Sistema de Qualidade e Certificações', 0) ON CONFLICT DO NOTHING;
INSERT INTO "public"."template_sections" ("id", "template_id", "name", "order_index") VALUES ('11b44a73-690e-41ac-a743-332071889562', '71a2142f-1ccb-4f31-ac0b-ee015722953d', 'Controle de Processo e Produto', 1) ON CONFLICT DO NOTHING;
INSERT INTO "public"."template_sections" ("id", "template_id", "name", "order_index") VALUES ('6bfa6ada-1fec-4030-99f6-01a6c74ccecc', '71a2142f-1ccb-4f31-ac0b-ee015722953d', 'Gestão de Não Conformidades', 2) ON CONFLICT DO NOTHING;
INSERT INTO "public"."template_sections" ("id", "template_id", "name", "order_index") VALUES ('622a9f47-503d-4298-b3fa-57a298e16aa0', '71a2142f-1ccb-4f31-ac0b-ee015722953d', 'Infraestrutura e Capacidade', 3) ON CONFLICT DO NOTHING;
INSERT INTO "public"."template_sections" ("id", "template_id", "name", "order_index") VALUES ('24da2a3e-5e66-4d09-8a68-9572d7a0001d', 'd5e0b3a4-74d3-4ecb-a976-5a0318df541f', 'Controle de Recebimento e Qualidade', 0) ON CONFLICT DO NOTHING;
INSERT INTO "public"."template_sections" ("id", "template_id", "name", "order_index") VALUES ('400f8acd-0850-4cb5-b504-6a1f8354ee6e', 'd5e0b3a4-74d3-4ecb-a976-5a0318df541f', 'Rastreabilidade e Identificação', 1) ON CONFLICT DO NOTHING;
INSERT INTO "public"."template_sections" ("id", "template_id", "name", "order_index") VALUES ('7c7863a5-548d-494c-8ff6-fc97e10042a9', 'd5e0b3a4-74d3-4ecb-a976-5a0318df541f', 'Embalagem e Transporte', 2) ON CONFLICT DO NOTHING;
INSERT INTO "public"."template_sections" ("id", "template_id", "name", "order_index") VALUES ('eb33f4ac-1f6a-43d2-819c-35cb2e2099ee', 'b7cb0495-ebd0-4298-aae7-f0b6a4ca957e', 'Condições de Armazenagem', 0) ON CONFLICT DO NOTHING;
INSERT INTO "public"."template_sections" ("id", "template_id", "name", "order_index") VALUES ('3a2e1772-9844-4b79-8299-62a5c5b9e3e9', 'b7cb0495-ebd0-4298-aae7-f0b6a4ca957e', 'Controle de Entrada de Materiais', 1) ON CONFLICT DO NOTHING;
INSERT INTO "public"."template_sections" ("id", "template_id", "name", "order_index") VALUES ('24503eb8-01ab-4a98-ace6-9e6db40dcaa4', 'b7cb0495-ebd0-4298-aae7-f0b6a4ca957e', 'Expedição e Documentação Fiscal', 2) ON CONFLICT DO NOTHING;
INSERT INTO "public"."template_sections" ("id", "template_id", "name", "order_index") VALUES ('9112727c-5cdf-47e0-acf2-5253b09e7bff', '0ead5742-c9ba-422f-bf83-7928f295b66f', 'Identificação e Rastreabilidade dos Itens', 0) ON CONFLICT DO NOTHING;
INSERT INTO "public"."template_sections" ("id", "template_id", "name", "order_index") VALUES ('5a7ddc5c-d492-4f17-a15d-494eb7886a2a', '0ead5742-c9ba-422f-bf83-7928f295b66f', 'Aplicação do FIFO / FEFO', 1) ON CONFLICT DO NOTHING;
INSERT INTO "public"."template_sections" ("id", "template_id", "name", "order_index") VALUES ('3acb5cdb-fcd2-4193-95a5-7ccd28114b5f', '0ead5742-c9ba-422f-bf83-7928f295b66f', 'Acuracidade e Contagem do Inventário', 2) ON CONFLICT DO NOTHING;
INSERT INTO "public"."template_sections" ("id", "template_id", "name", "order_index") VALUES ('41cc9bae-fe4b-4c6d-931b-3d68f5a1ed8c', 'a3929e2c-830e-4321-abdb-48f782161b4c', 'Qualidade do Produto no Processo', 0) ON CONFLICT DO NOTHING;
INSERT INTO "public"."template_sections" ("id", "template_id", "name", "order_index") VALUES ('6060bbc0-8234-40fc-87e3-9724cbec8d20', 'a3929e2c-830e-4321-abdb-48f782161b4c', 'Condições do Posto de Trabalho', 1) ON CONFLICT DO NOTHING;
INSERT INTO "public"."template_sections" ("id", "template_id", "name", "order_index") VALUES ('ab395d9b-80db-4ded-af1c-0e015bf6b925', 'a3929e2c-830e-4321-abdb-48f782161b4c', 'Segurança Individual', 2) ON CONFLICT DO NOTHING;
INSERT INTO "public"."template_sections" ("id", "template_id", "name", "order_index") VALUES ('460b85aa-b896-4892-bfde-5421656e4a02', '8f30e157-ad50-4a33-94de-ee21dee46d40', 'Verificação do LPA Nível 1', 0) ON CONFLICT DO NOTHING;
INSERT INTO "public"."template_sections" ("id", "template_id", "name", "order_index") VALUES ('d813814b-667f-43bf-8345-2c7b79b6c514', '8f30e157-ad50-4a33-94de-ee21dee46d40', 'Qualidade, Processo e Dispositivos', 1) ON CONFLICT DO NOTHING;
INSERT INTO "public"."template_sections" ("id", "template_id", "name", "order_index") VALUES ('6562ee98-89f1-499e-a7b4-390141120ac9', '8f30e157-ad50-4a33-94de-ee21dee46d40', 'Gestão de Equipe e Treinamentos', 2) ON CONFLICT DO NOTHING;
INSERT INTO "public"."template_sections" ("id", "template_id", "name", "order_index") VALUES ('411d6fae-3a43-4af9-a8ed-9d4cddb05bf4', '8f30e157-ad50-4a33-94de-ee21dee46d40', 'Manutenção e Equipamentos', 3) ON CONFLICT DO NOTHING;
INSERT INTO "public"."template_sections" ("id", "template_id", "name", "order_index") VALUES ('743ffb10-f0d2-49f5-ba23-515e548d0e6f', '54265d9c-5182-49fe-a557-0fe18ddc76b0', 'Verificação do LPA Nível 2', 0) ON CONFLICT DO NOTHING;
INSERT INTO "public"."template_sections" ("id", "template_id", "name", "order_index") VALUES ('48ec9caf-844b-4377-9dc1-dfd525875f93', '54265d9c-5182-49fe-a557-0fe18ddc76b0', 'Indicadores e Ações do Processo', 1) ON CONFLICT DO NOTHING;
INSERT INTO "public"."template_sections" ("id", "template_id", "name", "order_index") VALUES ('e7b39184-512f-4cce-9292-b921d0ef05ad', '54265d9c-5182-49fe-a557-0fe18ddc76b0', 'Conformidade do Fluxo de Produção', 2) ON CONFLICT DO NOTHING;
INSERT INTO "public"."template_sections" ("id", "template_id", "name", "order_index") VALUES ('eb836a51-1df1-46c9-857a-0962e59d6b6e', 'a3b23b96-6661-48f7-a3ba-36049fa9959b', 'Segregação e Identificação na Fonte', 0) ON CONFLICT DO NOTHING;
INSERT INTO "public"."template_sections" ("id", "template_id", "name", "order_index") VALUES ('b2a9daa3-624d-4af0-b04c-23f7e8a69662', 'a3b23b96-6661-48f7-a3ba-36049fa9959b', 'Armazenamento Temporário', 1) ON CONFLICT DO NOTHING;
INSERT INTO "public"."template_sections" ("id", "template_id", "name", "order_index") VALUES ('4e164adf-5398-45d7-abb4-a030bfe7b038', 'a3b23b96-6661-48f7-a3ba-36049fa9959b', 'Destinação Final e Documentação', 2) ON CONFLICT DO NOTHING;
INSERT INTO "public"."template_sections" ("id", "template_id", "name", "order_index") VALUES ('541ef7fb-a2d4-48a4-af9a-35808aeae13b', '6f554e59-b04a-49b6-9814-01d8bfdc7fbc', 'Emissões Atmosféricas', 0) ON CONFLICT DO NOTHING;
INSERT INTO "public"."template_sections" ("id", "template_id", "name", "order_index") VALUES ('466ced76-3d75-420e-b559-2c3bb919027e', '6f554e59-b04a-49b6-9814-01d8bfdc7fbc', 'Efluentes Líquidos', 1) ON CONFLICT DO NOTHING;
INSERT INTO "public"."template_sections" ("id", "template_id", "name", "order_index") VALUES ('66b99f8c-97e4-427d-874f-5efc8d775e82', '6f554e59-b04a-49b6-9814-01d8bfdc7fbc', 'Consumo de Água e Energia', 2) ON CONFLICT DO NOTHING;
INSERT INTO "public"."template_sections" ("id", "template_id", "name", "order_index") VALUES ('fda9a9e5-aeb2-4fdc-993b-6d9eeadb5686', '6f554e59-b04a-49b6-9814-01d8bfdc7fbc', 'Armazenamento de Produtos Químicos', 3) ON CONFLICT DO NOTHING;
INSERT INTO "public"."template_sections" ("id", "template_id", "name", "order_index") VALUES ('4bdcfcbb-aec8-4d38-a04e-8814713796f2', '20e8f7f8-61b7-42e3-b85e-04baa0e5e0f7', 'Documentação e Instrução de Trabalho', 0) ON CONFLICT DO NOTHING;
INSERT INTO "public"."template_sections" ("id", "template_id", "name", "order_index") VALUES ('830b1430-611e-4681-94e1-1c3aa9da3593', '20e8f7f8-61b7-42e3-b85e-04baa0e5e0f7', 'Conformidade na Execução do Processo', 1) ON CONFLICT DO NOTHING;
INSERT INTO "public"."template_sections" ("id", "template_id", "name", "order_index") VALUES ('88cfa14a-fdc8-4257-860b-c0d11f3337e1', '20e8f7f8-61b7-42e3-b85e-04baa0e5e0f7', 'Controle e Dispositivos de Processo', 2) ON CONFLICT DO NOTHING;
INSERT INTO "public"."template_sections" ("id", "template_id", "name", "order_index") VALUES ('b85988b9-63fc-4769-bac0-ccdc73a506e0', '20e8f7f8-61b7-42e3-b85e-04baa0e5e0f7', 'Treinamento e Qualificação no Padrão', 3) ON CONFLICT DO NOTHING;
INSERT INTO "public"."template_sections" ("id", "template_id", "name", "order_index") VALUES ('be230714-7252-450e-ab96-bfd68e67bce1', '4a933e53-5f97-4e83-a45a-ff830ce971d0', 'Preparação e Documentação Pré-Setup', 0) ON CONFLICT DO NOTHING;
INSERT INTO "public"."template_sections" ("id", "template_id", "name", "order_index") VALUES ('29528707-74d0-4c47-bb42-63ac7f874bc3', '4a933e53-5f97-4e83-a45a-ff830ce971d0', 'Execução do Setup', 1) ON CONFLICT DO NOTHING;
INSERT INTO "public"."template_sections" ("id", "template_id", "name", "order_index") VALUES ('0b6c0bf9-77c1-4b7f-a930-348e69a2b1ac', '4a933e53-5f97-4e83-a45a-ff830ce971d0', 'Verificação e Liberação Pós-Setup', 2) ON CONFLICT DO NOTHING;
INSERT INTO "public"."template_sections" ("id", "template_id", "name", "order_index") VALUES ('0ce06794-521f-4749-b7f6-b4193bdcfc49', '4a933e53-5f97-4e83-a45a-ff830ce971d0', 'Registro e Análise de Tempo', 3) ON CONFLICT DO NOTHING;
INSERT INTO "public"."template_sections" ("id", "template_id", "name", "order_index") VALUES ('d4ac9dda-3352-46e9-81e2-edf28e8bd8d5', 'a31f837e-3534-4f9b-9d69-c8c9bd2e368d', 'Inspeção Visual e Acabamento', 0) ON CONFLICT DO NOTHING;
INSERT INTO "public"."template_sections" ("id", "template_id", "name", "order_index") VALUES ('b8a655aa-8c6d-4e37-8bfb-1a3731e762f7', 'a31f837e-3534-4f9b-9d69-c8c9bd2e368d', 'Controle Dimensional e Tolerâncias', 1) ON CONFLICT DO NOTHING;
INSERT INTO "public"."template_sections" ("id", "template_id", "name", "order_index") VALUES ('638be1d1-9fed-42ac-bf52-6b817bb75c6a', 'a31f837e-3534-4f9b-9d69-c8c9bd2e368d', 'Rastreabilidade e Documentação', 2) ON CONFLICT DO NOTHING;
INSERT INTO "public"."template_sections" ("id", "template_id", "name", "order_index") VALUES ('56b49150-7f9d-47db-8bf1-afc911a9d06f', 'a31f837e-3534-4f9b-9d69-c8c9bd2e368d', 'Embalagem e Liberação para Expedição', 3) ON CONFLICT DO NOTHING;
INSERT INTO "public"."template_sections" ("id", "template_id", "name", "order_index") VALUES ('c1d9e98f-2044-4a32-a844-aa1c58d60598', 'bbd68200-c05c-4664-8e7f-3cc10e1383a7', 'Controle Estatístico do Processo (CEP)', 0) ON CONFLICT DO NOTHING;
INSERT INTO "public"."template_sections" ("id", "template_id", "name", "order_index") VALUES ('45414af2-2d3e-4930-a661-ca06290c0954', 'bbd68200-c05c-4664-8e7f-3cc10e1383a7', 'Calibração e Instrumentos de Medição', 1) ON CONFLICT DO NOTHING;
INSERT INTO "public"."template_sections" ("id", "template_id", "name", "order_index") VALUES ('ff77dfc2-41af-4775-b50a-f67d43183461', 'bbd68200-c05c-4664-8e7f-3cc10e1383a7', 'Poka-Yoke e Sistemas de Controle', 2) ON CONFLICT DO NOTHING;
INSERT INTO "public"."template_sections" ("id", "template_id", "name", "order_index") VALUES ('62f4062e-1ce5-476a-b58a-595fb9f6446f', 'bbd68200-c05c-4664-8e7f-3cc10e1383a7', 'Tratamento de Não Conformidades', 3) ON CONFLICT DO NOTHING;
INSERT INTO "public"."template_sections" ("id", "template_id", "name", "order_index") VALUES ('7181f7d7-f172-481c-89a6-aaf479303286', 'e83bc8c9-097c-49a7-99c1-81f2042b2c54', 'Verificação Dimensional do First Piece', 0) ON CONFLICT DO NOTHING;
INSERT INTO "public"."template_sections" ("id", "template_id", "name", "order_index") VALUES ('132970df-b138-4667-9cd7-96cb4bda60f0', 'e83bc8c9-097c-49a7-99c1-81f2042b2c54', 'Verificação Visual e Funcional', 1) ON CONFLICT DO NOTHING;
INSERT INTO "public"."template_sections" ("id", "template_id", "name", "order_index") VALUES ('71766303-6d42-474f-833c-7f82b76d88be', 'e83bc8c9-097c-49a7-99c1-81f2042b2c54', 'Aprovação e Documentação', 2) ON CONFLICT DO NOTHING;
INSERT INTO "public"."template_sections" ("id", "template_id", "name", "order_index") VALUES ('3e6a502f-e4d5-49be-a306-94674eaf5da5', '007f9d1e-ec21-46ae-bd8f-fca3b95fcc20', 'Planejamento e Matriz de Treinamento', 0) ON CONFLICT DO NOTHING;
INSERT INTO "public"."template_sections" ("id", "template_id", "name", "order_index") VALUES ('69630c8c-c0fe-431c-bf24-840c1636c7b2', '007f9d1e-ec21-46ae-bd8f-fca3b95fcc20', 'Execução e Frequência dos Treinamentos', 1) ON CONFLICT DO NOTHING;
INSERT INTO "public"."template_sections" ("id", "template_id", "name", "order_index") VALUES ('229827f9-1e45-4179-9163-74be1fcde7fd', '007f9d1e-ec21-46ae-bd8f-fca3b95fcc20', 'Avaliação de Eficácia e Resultados', 2) ON CONFLICT DO NOTHING;
INSERT INTO "public"."template_sections" ("id", "template_id", "name", "order_index") VALUES ('6c50ef2c-26ff-44ff-a171-db03655de478', '007f9d1e-ec21-46ae-bd8f-fca3b95fcc20', 'Certificações e Documentação', 3) ON CONFLICT DO NOTHING;
INSERT INTO "public"."template_sections" ("id", "template_id", "name", "order_index") VALUES ('df48155e-0b03-4f05-a970-e4c761619d03', '725bb1f3-e31b-46e0-918f-3d448b94b952', 'Documentação Admissional', 0) ON CONFLICT DO NOTHING;
INSERT INTO "public"."template_sections" ("id", "template_id", "name", "order_index") VALUES ('c21e750a-913f-4953-91a9-792794113e32', '725bb1f3-e31b-46e0-918f-3d448b94b952', 'Apresentação e Integração Inicial', 1) ON CONFLICT DO NOTHING;
INSERT INTO "public"."template_sections" ("id", "template_id", "name", "order_index") VALUES ('9c26874d-82ed-4cb2-bc4a-b39e88e106f6', '725bb1f3-e31b-46e0-918f-3d448b94b952', 'Treinamentos Obrigatórios de Início', 2) ON CONFLICT DO NOTHING;
INSERT INTO "public"."template_sections" ("id", "template_id", "name", "order_index") VALUES ('e8665e2a-ec27-49d6-bec6-0912dd6daf12', 'd91bff12-d335-4ad6-a24e-0f93e71ff1b0', 'Sinalização, Rotas e Emergência', 0) ON CONFLICT DO NOTHING;
INSERT INTO "public"."template_sections" ("id", "template_id", "name", "order_index") VALUES ('9302fe48-0537-4ecb-bb8b-d722d73fb786', 'd91bff12-d335-4ad6-a24e-0f93e71ff1b0', 'Instalações e Equipamentos', 1) ON CONFLICT DO NOTHING;
INSERT INTO "public"."template_sections" ("id", "template_id", "name", "order_index") VALUES ('8f390574-cb5d-46d7-b715-275417b66720', 'd91bff12-d335-4ad6-a24e-0f93e71ff1b0', 'Prevenção e Combate a Incêndios', 2) ON CONFLICT DO NOTHING;
INSERT INTO "public"."template_sections" ("id", "template_id", "name", "order_index") VALUES ('081441ce-dd05-4732-85f2-90a5dfc0bb42', 'd91bff12-d335-4ad6-a24e-0f93e71ff1b0', 'Plano de Emergência e Primeiros Socorros', 3) ON CONFLICT DO NOTHING;
INSERT INTO "public"."template_sections" ("id", "template_id", "name", "order_index") VALUES ('8786a1d0-fdb7-4b20-8e63-cf3a5c085be4', '4cf8f1aa-544d-49a9-9a09-25fd6297de1f', 'Disponibilidade e Estado dos EPIs', 0) ON CONFLICT DO NOTHING;
INSERT INTO "public"."template_sections" ("id", "template_id", "name", "order_index") VALUES ('a0f78efa-75a8-470c-8547-404b864bb316', '4cf8f1aa-544d-49a9-9a09-25fd6297de1f', 'Uso Correto pelos Colaboradores', 1) ON CONFLICT DO NOTHING;
INSERT INTO "public"."template_sections" ("id", "template_id", "name", "order_index") VALUES ('89857302-d2ea-4bed-9935-ee3092c40c80', '4cf8f1aa-544d-49a9-9a09-25fd6297de1f', 'Gestão e Controle de EPIs', 2) ON CONFLICT DO NOTHING;
INSERT INTO "public"."template_sections" ("id", "template_id", "name", "order_index") VALUES ('639b21c9-9e16-462d-9847-069c0a0881c3', '88880c9e-7e9a-49fe-b6c6-5c02f43826cb', 'Comportamentos e Atitudes Observadas', 0) ON CONFLICT DO NOTHING;
INSERT INTO "public"."template_sections" ("id", "template_id", "name", "order_index") VALUES ('a210a2ec-a50c-4c4d-b2f9-87113c68d192', '88880c9e-7e9a-49fe-b6c6-5c02f43826cb', 'Comunicação e Reporte de Riscos', 1) ON CONFLICT DO NOTHING;
INSERT INTO "public"."template_sections" ("id", "template_id", "name", "order_index") VALUES ('791849b2-b21c-4217-9d9f-0b8cd8f6905c', '88880c9e-7e9a-49fe-b6c6-5c02f43826cb', 'Cumprimento de Normas e Procedimentos de Segurança', 2) ON CONFLICT DO NOTHING;
INSERT INTO "public"."template_sections" ("id", "template_id", "name", "order_index") VALUES ('b94275be-6e67-487b-ba6f-29b2729dc5cb', '43a90961-e29b-4735-880f-bf26a96c7dfb', 'Nova Seção', 0) ON CONFLICT DO NOTHING;
INSERT INTO "public"."template_sections" ("id", "template_id", "name", "order_index") VALUES ('befd3c18-a916-41e8-baa9-1c7b008d88e8', '0155637a-2076-43f9-9051-5a63cf62ff97', '01 - Logistica', 0) ON CONFLICT DO NOTHING;
INSERT INTO "public"."template_sections" ("id", "template_id", "name", "order_index") VALUES ('40f841c1-2df1-4262-8bce-482886f2db68', '0155637a-2076-43f9-9051-5a63cf62ff97', '02 - Produção', 1) ON CONFLICT DO NOTHING;
INSERT INTO "public"."template_sections" ("id", "template_id", "name", "order_index") VALUES ('0f3de129-974f-4566-8bcf-cf4d9ea442e3', 'f240b9b2-137a-478e-94f4-696215e52999', 'Edde', 0) ON CONFLICT DO NOTHING;

-- public.template_items: 378 rows
INSERT INTO "public"."template_items" ("id", "template_id", "section_id", "question", "guidance", "response_type", "required", "weight", "order_index", "options") VALUES ('745a7d2c-53ba-437a-a3fc-751639e0859c', 'fabc179a-c56c-41f9-ba40-882f7c60c6ec', 'c58f8719-5178-43c3-8653-e587972ed785', 'As não conformidades da última auditoria foram corrigidas no prazo acordado?', NULL, 'ok_nok', true, 3, 3, NULL) ON CONFLICT DO NOTHING;
INSERT INTO "public"."template_items" ("id", "template_id", "section_id", "question", "guidance", "response_type", "required", "weight", "order_index", "options") VALUES ('4dac6105-fce5-4312-9d94-37596cbb30f1', 'fabc179a-c56c-41f9-ba40-882f7c60c6ec', '2a8de0e4-888d-4836-8e9f-8f8e06576e3d', 'Há materiais desnecessários no posto de trabalho?', 'Verificar itens sem uso nas últimas 2 semanas.', 'ok_nok', true, 2, 0, NULL) ON CONFLICT DO NOTHING;
INSERT INTO "public"."template_items" ("id", "template_id", "section_id", "question", "guidance", "response_type", "required", "weight", "order_index", "options") VALUES ('59860348-a46a-4e16-aa4f-91a9cb3b6dd9', 'fabc179a-c56c-41f9-ba40-882f7c60c6ec', '2a8de0e4-888d-4836-8e9f-8f8e06576e3d', 'Ferramentas danificadas ou obsoletas estão sendo mantidas na área?', 'Equipamentos fora de uso devem ser etiquetados e removidos.', 'ok_nok', true, 2, 1, NULL) ON CONFLICT DO NOTHING;
INSERT INTO "public"."template_items" ("id", "template_id", "section_id", "question", "guidance", "response_type", "required", "weight", "order_index", "options") VALUES ('587a4940-61d0-4f9e-b4d1-d7005ac16aef', 'fabc179a-c56c-41f9-ba40-882f7c60c6ec', '2a8de0e4-888d-4836-8e9f-8f8e06576e3d', 'Documentos ou registros obsoletos foram descartados corretamente?', NULL, 'ok_nok', true, 1, 2, NULL) ON CONFLICT DO NOTHING;
INSERT INTO "public"."template_items" ("id", "template_id", "section_id", "question", "guidance", "response_type", "required", "weight", "order_index", "options") VALUES ('1470ad2b-a367-4bf5-950f-2095b1c736a0', 'fabc179a-c56c-41f9-ba40-882f7c60c6ec', '2a8de0e4-888d-4836-8e9f-8f8e06576e3d', 'Itens pessoais estão armazenados em local adequado e separado da área de trabalho?', NULL, 'ok_nok', false, 1, 3, NULL) ON CONFLICT DO NOTHING;
INSERT INTO "public"."template_items" ("id", "template_id", "section_id", "question", "guidance", "response_type", "required", "weight", "order_index", "options") VALUES ('1a350248-45f9-49af-9a15-e1fd1038720d', 'fabc179a-c56c-41f9-ba40-882f7c60c6ec', '2a8de0e4-888d-4836-8e9f-8f8e06576e3d', 'A área está livre de equipamentos danificados sem identificação ou etiqueta de status?', NULL, 'ok_nok', true, 2, 4, NULL) ON CONFLICT DO NOTHING;
INSERT INTO "public"."template_items" ("id", "template_id", "section_id", "question", "guidance", "response_type", "required", "weight", "order_index", "options") VALUES ('db6f932a-9eef-492d-a9f5-83b3a1ae64ae', 'fabc179a-c56c-41f9-ba40-882f7c60c6ec', '1f8cef3b-fcff-4e18-baf2-0a225fa0df63', 'Todos os itens possuem local definido, identificado e demarcado?', 'Verificar etiquetas, fitas de demarcação e identificação de armários.', 'ok_nok', true, 2, 0, NULL) ON CONFLICT DO NOTHING;
INSERT INTO "public"."template_items" ("id", "template_id", "section_id", "question", "guidance", "response_type", "required", "weight", "order_index", "options") VALUES ('2d79f796-b981-4aa6-bbf7-30dcf36a7e6a', 'fabc179a-c56c-41f9-ba40-882f7c60c6ec', '1f8cef3b-fcff-4e18-baf2-0a225fa0df63', 'Os itens de uso frequente estão acessíveis e armazenados próximos ao ponto de uso?', NULL, 'ok_nok', true, 2, 1, NULL) ON CONFLICT DO NOTHING;
INSERT INTO "public"."template_items" ("id", "template_id", "section_id", "question", "guidance", "response_type", "required", "weight", "order_index", "options") VALUES ('f3b4c0fd-6aea-410c-8429-301e7edff9ee', 'fabc179a-c56c-41f9-ba40-882f7c60c6ec', '1f8cef3b-fcff-4e18-baf2-0a225fa0df63', 'Existe demarcação visual (fitas no piso, etiquetas) para organizar o espaço?', NULL, 'ok_nok', true, 2, 2, NULL) ON CONFLICT DO NOTHING;
INSERT INTO "public"."template_items" ("id", "template_id", "section_id", "question", "guidance", "response_type", "required", "weight", "order_index", "options") VALUES ('85c97407-7ad3-4bf6-8f69-f6ffa32a57d5', 'fabc179a-c56c-41f9-ba40-882f7c60c6ec', '1f8cef3b-fcff-4e18-baf2-0a225fa0df63', 'As ferramentas estão organizadas e de fácil localização (painel, caixas)?', NULL, 'ok_nok', true, 2, 3, NULL) ON CONFLICT DO NOTHING;
INSERT INTO "public"."template_items" ("id", "template_id", "section_id", "question", "guidance", "response_type", "required", "weight", "order_index", "options") VALUES ('bfc3ae61-f2e3-4298-a263-caac817e3646', 'fabc179a-c56c-41f9-ba40-882f7c60c6ec', '1f8cef3b-fcff-4e18-baf2-0a225fa0df63', 'O layout do posto segue o padrão definido pelo gestor da área?', NULL, 'ok_nok', true, 2, 4, NULL) ON CONFLICT DO NOTHING;
INSERT INTO "public"."template_items" ("id", "template_id", "section_id", "question", "guidance", "response_type", "required", "weight", "order_index", "options") VALUES ('aa5f230b-c415-44e7-8468-0a9cbe1a5557', 'fabc179a-c56c-41f9-ba40-882f7c60c6ec', '3f49f34e-94f0-4731-8277-07db707a88a3', 'O posto de trabalho está limpo e sem sujeira, pó ou resíduos acumulados?', NULL, 'ok_nok', true, 2, 0, NULL) ON CONFLICT DO NOTHING;
INSERT INTO "public"."template_items" ("id", "template_id", "section_id", "question", "guidance", "response_type", "required", "weight", "order_index", "options") VALUES ('03e3d845-40cd-4aa3-baf6-df994b97b3bf', 'fabc179a-c56c-41f9-ba40-882f7c60c6ec', '3f49f34e-94f0-4731-8277-07db707a88a3', 'As máquinas e equipamentos estão limpos e livres de vazamentos de óleo ou fluidos?', 'Verificar bandejas coletoras, mangueiras e conexões.', 'ok_nok', true, 3, 1, NULL) ON CONFLICT DO NOTHING;
INSERT INTO "public"."template_items" ("id", "template_id", "section_id", "question", "guidance", "response_type", "required", "weight", "order_index", "options") VALUES ('1d43c3ed-2f01-45fb-ba66-4b77a289362e', 'fabc179a-c56c-41f9-ba40-882f7c60c6ec', '3f49f34e-94f0-4731-8277-07db707a88a3', 'A limpeza é realizada conforme o plano definido (responsável, frequência, método)?', NULL, 'ok_nok', true, 2, 2, NULL) ON CONFLICT DO NOTHING;
INSERT INTO "public"."template_items" ("id", "template_id", "section_id", "question", "guidance", "response_type", "required", "weight", "order_index", "options") VALUES ('415ebd18-8afe-4c4c-9f64-cb0cf905b47f', 'fabc179a-c56c-41f9-ba40-882f7c60c6ec', '3f49f34e-94f0-4731-8277-07db707a88a3', 'Os materiais de limpeza estão disponíveis, limpos e armazenados corretamente?', NULL, 'ok_nok', false, 1, 3, NULL) ON CONFLICT DO NOTHING;
INSERT INTO "public"."template_items" ("id", "template_id", "section_id", "question", "guidance", "response_type", "required", "weight", "order_index", "options") VALUES ('cffdf5d7-273f-4f47-99b2-bda862203bf9', 'fabc179a-c56c-41f9-ba40-882f7c60c6ec', '6ae55c49-fae5-4f35-80a6-17f2c2170ede', 'Existem instruções visuais (fotos padrão, cartazes) disponíveis e atualizadas?', NULL, 'ok_nok', true, 2, 0, NULL) ON CONFLICT DO NOTHING;
INSERT INTO "public"."template_items" ("id", "template_id", "section_id", "question", "guidance", "response_type", "required", "weight", "order_index", "options") VALUES ('f78f1616-15b4-4cf6-9d1b-1994417e8ac6', 'fabc179a-c56c-41f9-ba40-882f7c60c6ec', '6ae55c49-fae5-4f35-80a6-17f2c2170ede', 'Os padrões de organização e limpeza estão documentados e de fácil acesso?', NULL, 'ok_nok', true, 2, 1, NULL) ON CONFLICT DO NOTHING;
INSERT INTO "public"."template_items" ("id", "template_id", "section_id", "question", "guidance", "response_type", "required", "weight", "order_index", "options") VALUES ('e7d76744-226a-4656-a32a-12ff7b5ed1c9', 'fabc179a-c56c-41f9-ba40-882f7c60c6ec', '6ae55c49-fae5-4f35-80a6-17f2c2170ede', 'Os colaboradores conhecem e sabem explicar os padrões 5S do seu posto?', 'Perguntar a um ou dois colaboradores aleatoriamente.', 'yes_no', true, 2, 2, NULL) ON CONFLICT DO NOTHING;
INSERT INTO "public"."template_items" ("id", "template_id", "section_id", "question", "guidance", "response_type", "required", "weight", "order_index", "options") VALUES ('c61b1679-3a8d-495c-80f9-54b7820fa035', 'fabc179a-c56c-41f9-ba40-882f7c60c6ec', '6ae55c49-fae5-4f35-80a6-17f2c2170ede', 'Os EPIs necessários estão identificados, disponíveis e em bom estado no posto?', NULL, 'ok_nok', true, 2, 3, NULL) ON CONFLICT DO NOTHING;
INSERT INTO "public"."template_items" ("id", "template_id", "section_id", "question", "guidance", "response_type", "required", "weight", "order_index", "options") VALUES ('2f4f552f-ec2a-4159-ad48-efe69d17b712', 'fabc179a-c56c-41f9-ba40-882f7c60c6ec', 'c58f8719-5178-43c3-8653-e587972ed785', 'Os colaboradores seguem os padrões 5S de forma espontânea?', 'Observar sem avisar previamente.', 'ok_nok', true, 3, 0, NULL) ON CONFLICT DO NOTHING;
INSERT INTO "public"."template_items" ("id", "template_id", "section_id", "question", "guidance", "response_type", "required", "weight", "order_index", "options") VALUES ('ead083c5-e059-4f5f-adbe-489deda539ca', 'fabc179a-c56c-41f9-ba40-882f7c60c6ec', 'c58f8719-5178-43c3-8653-e587972ed785', 'As melhorias implementadas nas auditorias anteriores estão sendo mantidas?', NULL, 'ok_nok', true, 2, 1, NULL) ON CONFLICT DO NOTHING;
INSERT INTO "public"."template_items" ("id", "template_id", "section_id", "question", "guidance", "response_type", "required", "weight", "order_index", "options") VALUES ('cd0895c2-e2e0-434c-9ae2-5ce903f08861', 'fabc179a-c56c-41f9-ba40-882f7c60c6ec', 'c58f8719-5178-43c3-8653-e587972ed785', 'Foi realizada auditoria 5S no período anterior conforme a frequência estabelecida?', NULL, 'yes_no', true, 1, 2, NULL) ON CONFLICT DO NOTHING;
INSERT INTO "public"."template_items" ("id", "template_id", "section_id", "question", "guidance", "response_type", "required", "weight", "order_index", "options") VALUES ('818726bb-469f-4369-8b8f-15f1fecb2540', '9c6e3c3d-2e06-4cc9-905c-37b6d1319400', '95c30351-49ce-4d3b-8377-b423a1d1af68', 'O piso está limpo, sem resíduos, manchas ou líquidos derramados?', NULL, 'ok_nok', true, 2, 0, NULL) ON CONFLICT DO NOTHING;
INSERT INTO "public"."template_items" ("id", "template_id", "section_id", "question", "guidance", "response_type", "required", "weight", "order_index", "options") VALUES ('a414c196-1ea4-45eb-ba09-8fa19741f202', '9c6e3c3d-2e06-4cc9-905c-37b6d1319400', '95c30351-49ce-4d3b-8377-b423a1d1af68', 'A iluminação da área está adequada e todas as lâmpadas funcionando?', NULL, 'ok_nok', true, 1, 1, NULL) ON CONFLICT DO NOTHING;
INSERT INTO "public"."template_items" ("id", "template_id", "section_id", "question", "guidance", "response_type", "required", "weight", "order_index", "options") VALUES ('3e1d833a-d7d4-4931-b437-326c5be21287', '9c6e3c3d-2e06-4cc9-905c-37b6d1319400', '95c30351-49ce-4d3b-8377-b423a1d1af68', 'As vias de circulação estão livres, demarcadas e sem obstruções?', NULL, 'ok_nok', true, 3, 2, NULL) ON CONFLICT DO NOTHING;
INSERT INTO "public"."template_items" ("id", "template_id", "section_id", "question", "guidance", "response_type", "required", "weight", "order_index", "options") VALUES ('45ef2262-d23d-4cd8-b65b-325374acdd9f', '9c6e3c3d-2e06-4cc9-905c-37b6d1319400', '95c30351-49ce-4d3b-8377-b423a1d1af68', 'O odor do ambiente é normal, sem indícios de vazamento de gases ou produtos químicos?', 'Em caso de odor anormal, acionar o responsável de segurança imediatamente.', 'ok_nok', true, 3, 3, NULL) ON CONFLICT DO NOTHING;
INSERT INTO "public"."template_items" ("id", "template_id", "section_id", "question", "guidance", "response_type", "required", "weight", "order_index", "options") VALUES ('13b2912c-1b66-46bb-8d5d-fb8417e88a7a', '9c6e3c3d-2e06-4cc9-905c-37b6d1319400', '95c30351-49ce-4d3b-8377-b423a1d1af68', 'As paredes e divisórias estão limpas e sem danos visíveis?', NULL, 'ok_nok', false, 1, 4, NULL) ON CONFLICT DO NOTHING;
INSERT INTO "public"."template_items" ("id", "template_id", "section_id", "question", "guidance", "response_type", "required", "weight", "order_index", "options") VALUES ('3e541053-f717-47de-a5d9-7d0b9a24ddbb', '9c6e3c3d-2e06-4cc9-905c-37b6d1319400', '73284b40-cb9c-480e-b693-a40337a7dc9b', 'Materiais de produção estão organizados, identificados e em seus locais definidos?', NULL, 'ok_nok', true, 2, 0, NULL) ON CONFLICT DO NOTHING;
INSERT INTO "public"."template_items" ("id", "template_id", "section_id", "question", "guidance", "response_type", "required", "weight", "order_index", "options") VALUES ('920766d4-cf68-44b2-90b1-e3969b3c5ed8', '9c6e3c3d-2e06-4cc9-905c-37b6d1319400', '73284b40-cb9c-480e-b693-a40337a7dc9b', 'Ferramentas e dispositivos estão guardados nos locais corretos após o uso?', NULL, 'ok_nok', true, 2, 1, NULL) ON CONFLICT DO NOTHING;
INSERT INTO "public"."template_items" ("id", "template_id", "section_id", "question", "guidance", "response_type", "required", "weight", "order_index", "options") VALUES ('c70e98d1-b549-4b10-a326-1b0cf9d65783', '9c6e3c3d-2e06-4cc9-905c-37b6d1319400', '73284b40-cb9c-480e-b693-a40337a7dc9b', 'Estoques intermediários (WIP) estão devidamente identificados e limitados?', NULL, 'ok_nok', true, 2, 2, NULL) ON CONFLICT DO NOTHING;
INSERT INTO "public"."template_items" ("id", "template_id", "section_id", "question", "guidance", "response_type", "required", "weight", "order_index", "options") VALUES ('6471ceff-b246-4ac2-b035-652be60196ea', '9c6e3c3d-2e06-4cc9-905c-37b6d1319400', '73284b40-cb9c-480e-b693-a40337a7dc9b', 'Materiais bloqueados não estão misturados com materiais aprovados?', 'Verificar etiquetas de status (verde = aprovado, vermelho = bloqueado).', 'ok_nok', true, 3, 3, NULL) ON CONFLICT DO NOTHING;
INSERT INTO "public"."template_items" ("id", "template_id", "section_id", "question", "guidance", "response_type", "required", "weight", "order_index", "options") VALUES ('55e1a560-cb25-413f-b32c-74caa6746bf8', '9c6e3c3d-2e06-4cc9-905c-37b6d1319400', '9d56f75a-d75f-4db3-9013-f8bfb45222ad', 'As máquinas e equipamentos estão limpos externamente?', NULL, 'ok_nok', true, 2, 0, NULL) ON CONFLICT DO NOTHING;
INSERT INTO "public"."template_items" ("id", "template_id", "section_id", "question", "guidance", "response_type", "required", "weight", "order_index", "options") VALUES ('d26fccd0-3f09-436b-868f-8bfd30eadb73', '9c6e3c3d-2e06-4cc9-905c-37b6d1319400', '9d56f75a-d75f-4db3-9013-f8bfb45222ad', 'Bancadas de trabalho estão limpas e sem acúmulo de peças, ferramentas ou resíduos?', NULL, 'ok_nok', true, 2, 1, NULL) ON CONFLICT DO NOTHING;
INSERT INTO "public"."template_items" ("id", "template_id", "section_id", "question", "guidance", "response_type", "required", "weight", "order_index", "options") VALUES ('572c55e4-c8c5-42b3-9fff-e55ee6fbbf4c', '9c6e3c3d-2e06-4cc9-905c-37b6d1319400', '9d56f75a-d75f-4db3-9013-f8bfb45222ad', 'Os coletores de resíduos (lixeiras) estão identificados, íntegros e com saco?', NULL, 'ok_nok', true, 1, 2, NULL) ON CONFLICT DO NOTHING;
INSERT INTO "public"."template_items" ("id", "template_id", "section_id", "question", "guidance", "response_type", "required", "weight", "order_index", "options") VALUES ('2fa18b97-b11a-4666-a3d3-2e6767131443', '9c6e3c3d-2e06-4cc9-905c-37b6d1319400', '9d56f75a-d75f-4db3-9013-f8bfb45222ad', 'O plano de limpeza está afixado e sendo seguido (evidência de registros)?', NULL, 'ok_nok', true, 2, 3, NULL) ON CONFLICT DO NOTHING;
INSERT INTO "public"."template_items" ("id", "template_id", "section_id", "question", "guidance", "response_type", "required", "weight", "order_index", "options") VALUES ('abfb7449-e1d8-442b-8fef-85d1038921a1', '9c6e3c3d-2e06-4cc9-905c-37b6d1319400', 'ca7974de-8c09-46fb-b71f-a35a7ccbbbc2', 'As demarcações de piso (corredores, áreas de estoque) estão íntegras e visíveis?', NULL, 'ok_nok', true, 2, 0, NULL) ON CONFLICT DO NOTHING;
INSERT INTO "public"."template_items" ("id", "template_id", "section_id", "question", "guidance", "response_type", "required", "weight", "order_index", "options") VALUES ('5c739f5c-418e-40f5-a807-4073804c9e5c', '9c6e3c3d-2e06-4cc9-905c-37b6d1319400', 'ca7974de-8c09-46fb-b71f-a35a7ccbbbc2', 'Os locais de armazenamento estão identificados com etiquetas ou cartazes?', NULL, 'ok_nok', true, 2, 1, NULL) ON CONFLICT DO NOTHING;
INSERT INTO "public"."template_items" ("id", "template_id", "section_id", "question", "guidance", "response_type", "required", "weight", "order_index", "options") VALUES ('4962a70a-5323-4219-a381-725dfeadac50', '9c6e3c3d-2e06-4cc9-905c-37b6d1319400', 'ca7974de-8c09-46fb-b71f-a35a7ccbbbc2', 'As saídas de emergência e extintores estão sinalizados e desobstruídos?', NULL, 'ok_nok', true, 3, 2, NULL) ON CONFLICT DO NOTHING;
INSERT INTO "public"."template_items" ("id", "template_id", "section_id", "question", "guidance", "response_type", "required", "weight", "order_index", "options") VALUES ('ed3b5447-48c4-4950-a4db-6436ab99a80c', '9c6e3c3d-2e06-4cc9-905c-37b6d1319400', 'ca7974de-8c09-46fb-b71f-a35a7ccbbbc2', 'Qual é o nível geral de organização visual da área?', NULL, 'scale_1_5', true, 2, 3, NULL) ON CONFLICT DO NOTHING;
INSERT INTO "public"."template_items" ("id", "template_id", "section_id", "question", "guidance", "response_type", "required", "weight", "order_index", "options") VALUES ('9315489e-f860-4e9c-a600-8047b1d9da87', '94524193-f802-46e7-b2d5-53f51251a9e9', '9c701599-ce02-48d0-8f79-f88ae7a883bc', 'A organização identificou questões internas/externas relevantes para o SGQ (4.1)?', 'Verificar atas de análise crítica ou documentos de contexto organizacional.', 'ok_nok', true, 2, 0, NULL) ON CONFLICT DO NOTHING;
INSERT INTO "public"."template_items" ("id", "template_id", "section_id", "question", "guidance", "response_type", "required", "weight", "order_index", "options") VALUES ('281394b2-a7f5-40a2-bee4-d87ff63902bb', '94524193-f802-46e7-b2d5-53f51251a9e9', '9c701599-ce02-48d0-8f79-f88ae7a883bc', 'As partes interessadas e seus requisitos foram identificados e documentados (4.2)?', NULL, 'ok_nok', true, 2, 1, NULL) ON CONFLICT DO NOTHING;
INSERT INTO "public"."template_items" ("id", "template_id", "section_id", "question", "guidance", "response_type", "required", "weight", "order_index", "options") VALUES ('1cf2f9bd-72ee-408c-938b-92a7a85e3fdd', '94524193-f802-46e7-b2d5-53f51251a9e9', '9c701599-ce02-48d0-8f79-f88ae7a883bc', 'O escopo do SGQ está documentado, disponível e comunicado (4.3)?', NULL, 'ok_nok', true, 2, 2, NULL) ON CONFLICT DO NOTHING;
INSERT INTO "public"."template_items" ("id", "template_id", "section_id", "question", "guidance", "response_type", "required", "weight", "order_index", "options") VALUES ('b3e488fc-6027-42e8-b52a-297b084a8a9c', '94524193-f802-46e7-b2d5-53f51251a9e9', '9c701599-ce02-48d0-8f79-f88ae7a883bc', 'A Alta Direção demonstra comprometimento com o SGQ (5.1)?', 'Verificar participação em análises críticas e assinatura de políticas.', 'ok_nok', true, 3, 3, NULL) ON CONFLICT DO NOTHING;
INSERT INTO "public"."template_items" ("id", "template_id", "section_id", "question", "guidance", "response_type", "required", "weight", "order_index", "options") VALUES ('60e26066-97cb-4edc-9f4f-ea94ad1b68ba', '94524193-f802-46e7-b2d5-53f51251a9e9', '9c701599-ce02-48d0-8f79-f88ae7a883bc', 'A Política da Qualidade está documentada, comunicada e disponível (5.2)?', NULL, 'ok_nok', true, 2, 4, NULL) ON CONFLICT DO NOTHING;
INSERT INTO "public"."template_items" ("id", "template_id", "section_id", "question", "guidance", "response_type", "required", "weight", "order_index", "options") VALUES ('bc2df743-26af-43fb-8305-3a9e82fbffaa', '94524193-f802-46e7-b2d5-53f51251a9e9', 'ec3420ff-a477-4bd3-8191-455181c1f01f', 'Riscos e oportunidades foram identificados e tratados (6.1)?', 'Verificar matriz de riscos ou FMEAs.', 'ok_nok', true, 3, 0, NULL) ON CONFLICT DO NOTHING;
INSERT INTO "public"."template_items" ("id", "template_id", "section_id", "question", "guidance", "response_type", "required", "weight", "order_index", "options") VALUES ('ae1b74ba-154b-4b78-9db3-d58c31f2fa2b', '94524193-f802-46e7-b2d5-53f51251a9e9', 'ec3420ff-a477-4bd3-8191-455181c1f01f', 'Os objetivos da qualidade são mensuráveis, monitorados e comunicados (6.2)?', NULL, 'ok_nok', true, 2, 1, NULL) ON CONFLICT DO NOTHING;
INSERT INTO "public"."template_items" ("id", "template_id", "section_id", "question", "guidance", "response_type", "required", "weight", "order_index", "options") VALUES ('02800dd9-7d1b-45f7-9b06-c3fcb821c01e', '94524193-f802-46e7-b2d5-53f51251a9e9', 'ec3420ff-a477-4bd3-8191-455181c1f01f', 'Existe planejamento para alcançar os objetivos com responsáveis e prazos?', NULL, 'ok_nok', true, 2, 2, NULL) ON CONFLICT DO NOTHING;
INSERT INTO "public"."template_items" ("id", "template_id", "section_id", "question", "guidance", "response_type", "required", "weight", "order_index", "options") VALUES ('bbb6f112-208e-4333-9af4-226d188fcf8a', '94524193-f802-46e7-b2d5-53f51251a9e9', 'ec3420ff-a477-4bd3-8191-455181c1f01f', 'O planejamento de mudanças considera riscos antes da implementação (6.3)?', NULL, 'ok_nok', false, 2, 3, NULL) ON CONFLICT DO NOTHING;
INSERT INTO "public"."template_items" ("id", "template_id", "section_id", "question", "guidance", "response_type", "required", "weight", "order_index", "options") VALUES ('8f0b10a4-364f-473f-9b2f-31c0730f8b62', '94524193-f802-46e7-b2d5-53f51251a9e9', 'c3b9c77e-5cfa-4c64-ab06-7e381b897b11', 'Os recursos necessários para o SGQ estão determinados e disponíveis (7.1)?', NULL, 'ok_nok', true, 2, 0, NULL) ON CONFLICT DO NOTHING;
INSERT INTO "public"."template_items" ("id", "template_id", "section_id", "question", "guidance", "response_type", "required", "weight", "order_index", "options") VALUES ('b9393071-a9ab-467e-84b1-176b2b88d3cc', '94524193-f802-46e7-b2d5-53f51251a9e9', 'c3b9c77e-5cfa-4c64-ab06-7e381b897b11', 'As competências para cargos que afetam a qualidade estão definidas (7.2)?', NULL, 'ok_nok', true, 2, 1, NULL) ON CONFLICT DO NOTHING;
INSERT INTO "public"."template_items" ("id", "template_id", "section_id", "question", "guidance", "response_type", "required", "weight", "order_index", "options") VALUES ('55e87ea6-239e-4bcb-853a-92bce4c0c471', '94524193-f802-46e7-b2d5-53f51251a9e9', 'c3b9c77e-5cfa-4c64-ab06-7e381b897b11', 'Colaboradores são conscientizados sobre a Política da Qualidade (7.3)?', 'Verificar registros de treinamento e conscientização.', 'ok_nok', true, 2, 2, NULL) ON CONFLICT DO NOTHING;
INSERT INTO "public"."template_items" ("id", "template_id", "section_id", "question", "guidance", "response_type", "required", "weight", "order_index", "options") VALUES ('869e3b3a-31be-4afa-aa82-3c5036a179f2', '94524193-f802-46e7-b2d5-53f51251a9e9', 'c3b9c77e-5cfa-4c64-ab06-7e381b897b11', 'A informação documentada exigida está disponível, legível e controlada (7.5)?', NULL, 'ok_nok', true, 3, 3, NULL) ON CONFLICT DO NOTHING;
INSERT INTO "public"."template_items" ("id", "template_id", "section_id", "question", "guidance", "response_type", "required", "weight", "order_index", "options") VALUES ('48177cd1-a2e3-4542-8590-b99d1ae2f550', '94524193-f802-46e7-b2d5-53f51251a9e9', 'c3b9c77e-5cfa-4c64-ab06-7e381b897b11', 'A comunicação interna/externa sobre o SGQ é gerenciada (7.4)?', NULL, 'ok_nok', false, 1, 4, NULL) ON CONFLICT DO NOTHING;
INSERT INTO "public"."template_items" ("id", "template_id", "section_id", "question", "guidance", "response_type", "required", "weight", "order_index", "options") VALUES ('6bc83230-eec4-4d6f-9a19-42620db2cfb8', '94524193-f802-46e7-b2d5-53f51251a9e9', '3b5f3cb6-3ef2-4631-beb3-85cb36a6ae36', 'Os processos operacionais estão planejados, controlados e documentados (8.1)?', NULL, 'ok_nok', true, 3, 0, NULL) ON CONFLICT DO NOTHING;
INSERT INTO "public"."template_items" ("id", "template_id", "section_id", "question", "guidance", "response_type", "required", "weight", "order_index", "options") VALUES ('1c60b8cf-a9d9-4194-9844-b262358c23df', '94524193-f802-46e7-b2d5-53f51251a9e9', '3b5f3cb6-3ef2-4631-beb3-85cb36a6ae36', 'Os requisitos do cliente são analisados criticamente antes da aceitação (8.2)?', NULL, 'ok_nok', true, 2, 1, NULL) ON CONFLICT DO NOTHING;
INSERT INTO "public"."template_items" ("id", "template_id", "section_id", "question", "guidance", "response_type", "required", "weight", "order_index", "options") VALUES ('59eee3cf-632b-49e8-92bb-1ebdff3749f8', '94524193-f802-46e7-b2d5-53f51251a9e9', '3b5f3cb6-3ef2-4631-beb3-85cb36a6ae36', 'Os processos de fornecedores externos são controlados (8.4)?', NULL, 'ok_nok', true, 2, 2, NULL) ON CONFLICT DO NOTHING;
INSERT INTO "public"."template_items" ("id", "template_id", "section_id", "question", "guidance", "response_type", "required", "weight", "order_index", "options") VALUES ('c5824213-38fe-449d-965d-34cc2136ab93', '94524193-f802-46e7-b2d5-53f51251a9e9', '3b5f3cb6-3ef2-4631-beb3-85cb36a6ae36', 'Saídas não conformes são identificadas, controladas e tratadas (8.7)?', NULL, 'ok_nok', true, 3, 3, NULL) ON CONFLICT DO NOTHING;
INSERT INTO "public"."template_items" ("id", "template_id", "section_id", "question", "guidance", "response_type", "required", "weight", "order_index", "options") VALUES ('6efa3746-7cb2-40e2-bf81-a8f6a050b4b2', '94524193-f802-46e7-b2d5-53f51251a9e9', '578a3a97-96b4-4f56-9118-76e99f2e3dd4', 'O monitoramento e medição dos processos estão sendo realizados (9.1)?', NULL, 'ok_nok', true, 3, 0, NULL) ON CONFLICT DO NOTHING;
INSERT INTO "public"."template_items" ("id", "template_id", "section_id", "question", "guidance", "response_type", "required", "weight", "order_index", "options") VALUES ('d70cbe02-940e-4dd4-8fec-432b832c70cd', '94524193-f802-46e7-b2d5-53f51251a9e9', '578a3a97-96b4-4f56-9118-76e99f2e3dd4', 'Auditorias internas são realizadas conforme programa definido (9.2)?', NULL, 'ok_nok', true, 2, 1, NULL) ON CONFLICT DO NOTHING;
INSERT INTO "public"."template_items" ("id", "template_id", "section_id", "question", "guidance", "response_type", "required", "weight", "order_index", "options") VALUES ('26f15d00-4f34-408b-91a2-06afc7bc0081', '94524193-f802-46e7-b2d5-53f51251a9e9', '578a3a97-96b4-4f56-9118-76e99f2e3dd4', 'A Análise Crítica pela Direção é realizada com as entradas exigidas (9.3)?', NULL, 'ok_nok', true, 2, 2, NULL) ON CONFLICT DO NOTHING;
INSERT INTO "public"."template_items" ("id", "template_id", "section_id", "question", "guidance", "response_type", "required", "weight", "order_index", "options") VALUES ('627d8dbe-dfed-4e09-897c-2a304e28f2a6', '94524193-f802-46e7-b2d5-53f51251a9e9', '578a3a97-96b4-4f56-9118-76e99f2e3dd4', 'Não conformidades são tratadas com ações corretivas e verificação de eficácia (10.2)?', NULL, 'ok_nok', true, 3, 3, NULL) ON CONFLICT DO NOTHING;
INSERT INTO "public"."template_items" ("id", "template_id", "section_id", "question", "guidance", "response_type", "required", "weight", "order_index", "options") VALUES ('6de5c93a-7d85-42d0-991f-54ed2f7473e6', 'c2e2dbf1-ec02-45a9-992f-fc19d91fe7bc', '328054a9-5480-4aa3-8ab7-adb051017896', 'Os procedimentos relevantes para a área estão disponíveis no ponto de uso?', NULL, 'ok_nok', true, 2, 0, NULL) ON CONFLICT DO NOTHING;
INSERT INTO "public"."template_items" ("id", "template_id", "section_id", "question", "guidance", "response_type", "required", "weight", "order_index", "options") VALUES ('de508e12-bf24-4c7d-bac5-e3b768e95e36', 'c2e2dbf1-ec02-45a9-992f-fc19d91fe7bc', '328054a9-5480-4aa3-8ab7-adb051017896', 'Os documentos estão na versão mais recente (verificar revisão e data)?', NULL, 'ok_nok', true, 3, 1, NULL) ON CONFLICT DO NOTHING;
INSERT INTO "public"."template_items" ("id", "template_id", "section_id", "question", "guidance", "response_type", "required", "weight", "order_index", "options") VALUES ('65ea195f-ea03-4d77-91d8-9a62425dbb6a', 'c2e2dbf1-ec02-45a9-992f-fc19d91fe7bc', '328054a9-5480-4aa3-8ab7-adb051017896', 'Documentos obsoletos foram removidos da área de trabalho?', NULL, 'ok_nok', true, 2, 2, NULL) ON CONFLICT DO NOTHING;
INSERT INTO "public"."template_items" ("id", "template_id", "section_id", "question", "guidance", "response_type", "required", "weight", "order_index", "options") VALUES ('a81a85c4-1450-4093-8c67-edeaee2ae995', 'c2e2dbf1-ec02-45a9-992f-fc19d91fe7bc', '328054a9-5480-4aa3-8ab7-adb051017896', 'Os procedimentos possuem responsável definido para revisão e aprovação?', NULL, 'ok_nok', true, 1, 3, NULL) ON CONFLICT DO NOTHING;
INSERT INTO "public"."template_items" ("id", "template_id", "section_id", "question", "guidance", "response_type", "required", "weight", "order_index", "options") VALUES ('e961b70d-581b-4f4d-b6f8-055d4ffd195d', 'c2e2dbf1-ec02-45a9-992f-fc19d91fe7bc', '328054a9-5480-4aa3-8ab7-adb051017896', 'Qual a periodicidade de revisão dos documentos desta área?', NULL, 'selection', false, 1, 4, '["Anual","Semestral","Trimestral","Sob demanda","Sem periodicidade definida"]') ON CONFLICT DO NOTHING;
INSERT INTO "public"."template_items" ("id", "template_id", "section_id", "question", "guidance", "response_type", "required", "weight", "order_index", "options") VALUES ('3adcedac-3814-4f28-9920-91f4774fe91e', 'c2e2dbf1-ec02-45a9-992f-fc19d91fe7bc', 'd90667fe-0401-44f3-ac99-1141a26f66ff', 'Os colaboradores executam as atividades conforme os procedimentos estabelecidos?', 'Observar a execução e comparar com o procedimento.', 'ok_nok', true, 3, 0, NULL) ON CONFLICT DO NOTHING;
INSERT INTO "public"."template_items" ("id", "template_id", "section_id", "question", "guidance", "response_type", "required", "weight", "order_index", "options") VALUES ('c0e62ae7-9953-4efa-aa6f-dafdbe31209b', 'c2e2dbf1-ec02-45a9-992f-fc19d91fe7bc', 'd90667fe-0401-44f3-ac99-1141a26f66ff', 'Os colaboradores conhecem e sabem onde localizar os procedimentos do seu posto?', 'Questionar ao menos dois colaboradores.', 'yes_no', true, 2, 1, NULL) ON CONFLICT DO NOTHING;
INSERT INTO "public"."template_items" ("id", "template_id", "section_id", "question", "guidance", "response_type", "required", "weight", "order_index", "options") VALUES ('0ea063f5-df53-4c52-b195-7bddd0148669', 'c2e2dbf1-ec02-45a9-992f-fc19d91fe7bc', 'd90667fe-0401-44f3-ac99-1141a26f66ff', 'Os desvios dos procedimentos são identificados e registrados?', NULL, 'ok_nok', true, 3, 2, NULL) ON CONFLICT DO NOTHING;
INSERT INTO "public"."template_items" ("id", "template_id", "section_id", "question", "guidance", "response_type", "required", "weight", "order_index", "options") VALUES ('995735d4-1df9-4619-b969-11865d2a2f66', 'c2e2dbf1-ec02-45a9-992f-fc19d91fe7bc', 'd90667fe-0401-44f3-ac99-1141a26f66ff', 'As instruções especiais (alertas, pontos críticos) são conhecidas pelo operador?', NULL, 'yes_no', true, 2, 3, NULL) ON CONFLICT DO NOTHING;
INSERT INTO "public"."template_items" ("id", "template_id", "section_id", "question", "guidance", "response_type", "required", "weight", "order_index", "options") VALUES ('7443931d-4234-4dfd-88f1-7f45d593bc04', 'c2e2dbf1-ec02-45a9-992f-fc19d91fe7bc', 'd90667fe-0401-44f3-ac99-1141a26f66ff', 'Percentual estimado de conformidade com os procedimentos nesta área:', NULL, 'percentage', true, 2, 4, NULL) ON CONFLICT DO NOTHING;
INSERT INTO "public"."template_items" ("id", "template_id", "section_id", "question", "guidance", "response_type", "required", "weight", "order_index", "options") VALUES ('ef4d654e-1dce-4143-a468-a4741e275717', 'c2e2dbf1-ec02-45a9-992f-fc19d91fe7bc', '71759b5a-8939-4970-af90-377cd62c77c7', 'Os registros exigidos pelos procedimentos estão sendo preenchidos corretamente?', NULL, 'ok_nok', true, 2, 0, NULL) ON CONFLICT DO NOTHING;
INSERT INTO "public"."template_items" ("id", "template_id", "section_id", "question", "guidance", "response_type", "required", "weight", "order_index", "options") VALUES ('bba242b1-53d8-49cd-b5af-c0abc9506f27', 'c2e2dbf1-ec02-45a9-992f-fc19d91fe7bc', '71759b5a-8939-4970-af90-377cd62c77c7', 'Os registros estão legíveis, sem rasuras e devidamente assinados?', NULL, 'ok_nok', true, 2, 1, NULL) ON CONFLICT DO NOTHING;
INSERT INTO "public"."template_items" ("id", "template_id", "section_id", "question", "guidance", "response_type", "required", "weight", "order_index", "options") VALUES ('0ebba775-7909-46b3-a054-a1692339e81d', 'c2e2dbf1-ec02-45a9-992f-fc19d91fe7bc', '71759b5a-8939-4970-af90-377cd62c77c7', 'O arquivamento dos registros respeita o prazo de retenção definido?', NULL, 'ok_nok', true, 2, 2, NULL) ON CONFLICT DO NOTHING;
INSERT INTO "public"."template_items" ("id", "template_id", "section_id", "question", "guidance", "response_type", "required", "weight", "order_index", "options") VALUES ('f2aefb75-d973-4e84-a5a9-642cade59463', 'c2e2dbf1-ec02-45a9-992f-fc19d91fe7bc', '71759b5a-8939-4970-af90-377cd62c77c7', 'Existe rastreabilidade dos registros às atividades executadas?', NULL, 'ok_nok', true, 2, 3, NULL) ON CONFLICT DO NOTHING;
INSERT INTO "public"."template_items" ("id", "template_id", "section_id", "question", "guidance", "response_type", "required", "weight", "order_index", "options") VALUES ('1430c199-fb69-473c-af2d-f10a2f509926', 'c2e2dbf1-ec02-45a9-992f-fc19d91fe7bc', '71759b5a-8939-4970-af90-377cd62c77c7', 'Observações adicionais sobre os procedimentos desta área:', NULL, 'text', false, 1, 4, NULL) ON CONFLICT DO NOTHING;
INSERT INTO "public"."template_items" ("id", "template_id", "section_id", "question", "guidance", "response_type", "required", "weight", "order_index", "options") VALUES ('e62b8db5-25af-40bf-8249-93c6dffee280', '71a2142f-1ccb-4f31-ac0b-ee015722953d', 'a0d59283-314d-4d04-891c-b50c4b9f621b', 'O fornecedor possui certificação ISO 9001 ou equivalente válida?', NULL, 'yes_no', true, 3, 0, NULL) ON CONFLICT DO NOTHING;
INSERT INTO "public"."template_items" ("id", "template_id", "section_id", "question", "guidance", "response_type", "required", "weight", "order_index", "options") VALUES ('035048ee-2084-47b9-9482-10416878ff41', '71a2142f-1ccb-4f31-ac0b-ee015722953d', 'a0d59283-314d-4d04-891c-b50c4b9f621b', 'O fornecedor possui documentação do SGQ (Manual da Qualidade ou equivalente)?', NULL, 'ok_nok', true, 2, 1, NULL) ON CONFLICT DO NOTHING;
INSERT INTO "public"."template_items" ("id", "template_id", "section_id", "question", "guidance", "response_type", "required", "weight", "order_index", "options") VALUES ('391fbb68-1150-473e-9013-6bde9e767611', '71a2142f-1ccb-4f31-ac0b-ee015722953d', 'a0d59283-314d-4d04-891c-b50c4b9f621b', 'Existem procedimentos documentados para os processos críticos de fabricação?', NULL, 'ok_nok', true, 2, 2, NULL) ON CONFLICT DO NOTHING;
INSERT INTO "public"."template_items" ("id", "template_id", "section_id", "question", "guidance", "response_type", "required", "weight", "order_index", "options") VALUES ('b591c892-72ac-46ce-818c-c4d1fa6e68cb', '71a2142f-1ccb-4f31-ac0b-ee015722953d', 'a0d59283-314d-4d04-891c-b50c4b9f621b', 'O fornecedor realiza auditorias internas com regularidade?', 'Solicitar evidências do programa de auditoria.', 'yes_no', true, 2, 3, NULL) ON CONFLICT DO NOTHING;
INSERT INTO "public"."template_items" ("id", "template_id", "section_id", "question", "guidance", "response_type", "required", "weight", "order_index", "options") VALUES ('8beb6717-60ed-4a13-9edb-090eadcf4a61', '71a2142f-1ccb-4f31-ac0b-ee015722953d', 'a0d59283-314d-4d04-891c-b50c4b9f621b', 'O fornecedor possui processo estruturado de análise crítica pela direção?', NULL, 'yes_no', false, 1, 4, NULL) ON CONFLICT DO NOTHING;
INSERT INTO "public"."template_items" ("id", "template_id", "section_id", "question", "guidance", "response_type", "required", "weight", "order_index", "options") VALUES ('6b313e29-11aa-4c53-b3d5-e8dc325f72f6', '71a2142f-1ccb-4f31-ac0b-ee015722953d', '11b44a73-690e-41ac-a743-332071889562', 'Os parâmetros de processo são monitorados e registrados?', NULL, 'ok_nok', true, 3, 0, NULL) ON CONFLICT DO NOTHING;
INSERT INTO "public"."template_items" ("id", "template_id", "section_id", "question", "guidance", "response_type", "required", "weight", "order_index", "options") VALUES ('c25e576f-f287-4363-ae52-e25c606057a9', '71a2142f-1ccb-4f31-ac0b-ee015722953d', '11b44a73-690e-41ac-a743-332071889562', 'Existem dispositivos de controle (poka-yokes, gabaritos) para garantir a qualidade?', NULL, 'ok_nok', true, 2, 1, NULL) ON CONFLICT DO NOTHING;
INSERT INTO "public"."template_items" ("id", "template_id", "section_id", "question", "guidance", "response_type", "required", "weight", "order_index", "options") VALUES ('0464949e-4c59-4ba0-a92c-d69c97e93fb9', '71a2142f-1ccb-4f31-ac0b-ee015722953d', '11b44a73-690e-41ac-a743-332071889562', 'Os instrumentos de medição estão calibrados e com identificação de validade?', NULL, 'ok_nok', true, 3, 2, NULL) ON CONFLICT DO NOTHING;
INSERT INTO "public"."template_items" ("id", "template_id", "section_id", "question", "guidance", "response_type", "required", "weight", "order_index", "options") VALUES ('53901bd8-b0f3-4902-b934-2531d90a1e18', '71a2142f-1ccb-4f31-ac0b-ee015722953d', '11b44a73-690e-41ac-a743-332071889562', 'Existem planos de controle (Control Plans) para os produtos fornecidos?', NULL, 'yes_no', true, 2, 3, NULL) ON CONFLICT DO NOTHING;
INSERT INTO "public"."template_items" ("id", "template_id", "section_id", "question", "guidance", "response_type", "required", "weight", "order_index", "options") VALUES ('fdeb601c-8af3-4be1-8443-43c31dad8971', '71a2142f-1ccb-4f31-ac0b-ee015722953d', '11b44a73-690e-41ac-a743-332071889562', 'O CEP é utilizado em características críticas de processo?', NULL, 'yes_no', false, 2, 4, NULL) ON CONFLICT DO NOTHING;
INSERT INTO "public"."template_items" ("id", "template_id", "section_id", "question", "guidance", "response_type", "required", "weight", "order_index", "options") VALUES ('423351a8-95e6-44f5-b216-8c4479c71cb1', '71a2142f-1ccb-4f31-ac0b-ee015722953d', '6bfa6ada-1fec-4030-99f6-01a6c74ccecc', 'O fornecedor possui processo documentado para tratamento de não conformidades?', NULL, 'ok_nok', true, 3, 0, NULL) ON CONFLICT DO NOTHING;
INSERT INTO "public"."template_items" ("id", "template_id", "section_id", "question", "guidance", "response_type", "required", "weight", "order_index", "options") VALUES ('c93334a8-6a77-418d-b68d-e07dc2b3f595', '71a2142f-1ccb-4f31-ac0b-ee015722953d', '6bfa6ada-1fec-4030-99f6-01a6c74ccecc', 'As não conformidades internas são registradas e tratadas com ações corretivas?', 'Verificar registros recentes de NCIs.', 'ok_nok', true, 2, 1, NULL) ON CONFLICT DO NOTHING;
INSERT INTO "public"."template_items" ("id", "template_id", "section_id", "question", "guidance", "response_type", "required", "weight", "order_index", "options") VALUES ('1c4912a5-9dcd-4a4e-a93b-1284686ebe33', '71a2142f-1ccb-4f31-ac0b-ee015722953d', '6bfa6ada-1fec-4030-99f6-01a6c74ccecc', 'Existe controle efetivo de produtos não conformes (quarentena, identificação)?', NULL, 'ok_nok', true, 3, 2, NULL) ON CONFLICT DO NOTHING;
INSERT INTO "public"."template_items" ("id", "template_id", "section_id", "question", "guidance", "response_type", "required", "weight", "order_index", "options") VALUES ('e938791f-7924-4db7-9918-82e4dbb156a7', '71a2142f-1ccb-4f31-ac0b-ee015722953d', '6bfa6ada-1fec-4030-99f6-01a6c74ccecc', 'O fornecedor atende reclamações do cliente dentro do prazo estabelecido (8D)?', NULL, 'ok_nok', true, 3, 3, NULL) ON CONFLICT DO NOTHING;
INSERT INTO "public"."template_items" ("id", "template_id", "section_id", "question", "guidance", "response_type", "required", "weight", "order_index", "options") VALUES ('9da30f47-94ff-4448-bf6e-bbf271629467', '71a2142f-1ccb-4f31-ac0b-ee015722953d', '622a9f47-503d-4298-b3fa-57a298e16aa0', 'A infraestrutura (máquinas, instalações) está em bom estado de conservação?', NULL, 'ok_nok', true, 2, 0, NULL) ON CONFLICT DO NOTHING;
INSERT INTO "public"."template_items" ("id", "template_id", "section_id", "question", "guidance", "response_type", "required", "weight", "order_index", "options") VALUES ('33d68c2a-3db1-4d81-986c-f753a2eb0bbc', '71a2142f-1ccb-4f31-ac0b-ee015722953d', '622a9f47-503d-4298-b3fa-57a298e16aa0', 'Existe programa de manutenção preventiva com registros e evidências?', NULL, 'yes_no', true, 2, 1, NULL) ON CONFLICT DO NOTHING;
INSERT INTO "public"."template_items" ("id", "template_id", "section_id", "question", "guidance", "response_type", "required", "weight", "order_index", "options") VALUES ('028fa9e9-3c8c-4891-93e1-344edf5a4e40', '71a2142f-1ccb-4f31-ac0b-ee015722953d', '622a9f47-503d-4298-b3fa-57a298e16aa0', 'A capacidade produtiva do fornecedor atende ao volume demandado?', NULL, 'yes_no', true, 3, 2, NULL) ON CONFLICT DO NOTHING;
INSERT INTO "public"."template_items" ("id", "template_id", "section_id", "question", "guidance", "response_type", "required", "weight", "order_index", "options") VALUES ('6e54b523-de64-4c52-8d0d-1ad0c77d593a', '71a2142f-1ccb-4f31-ac0b-ee015722953d', '622a9f47-503d-4298-b3fa-57a298e16aa0', 'Avaliação geral do fornecedor (1=reprovado, 5=excelente):', NULL, 'scale_1_5', true, 3, 3, NULL) ON CONFLICT DO NOTHING;
INSERT INTO "public"."template_items" ("id", "template_id", "section_id", "question", "guidance", "response_type", "required", "weight", "order_index", "options") VALUES ('e5920e81-c922-45f2-8ab1-9339a7e6adde', 'd5e0b3a4-74d3-4ecb-a976-5a0318df541f', '24da2a3e-5e66-4d09-8a68-9572d7a0001d', 'Existe inspeção de recebimento de matéria-prima com critérios definidos?', NULL, 'ok_nok', true, 2, 0, NULL) ON CONFLICT DO NOTHING;
INSERT INTO "public"."template_items" ("id", "template_id", "section_id", "question", "guidance", "response_type", "required", "weight", "order_index", "options") VALUES ('979906c9-d7bc-4699-9afb-af3678e56256', 'd5e0b3a4-74d3-4ecb-a976-5a0318df541f', '24da2a3e-5e66-4d09-8a68-9572d7a0001d', 'O critério de aceitação e rejeição no recebimento está documentado?', NULL, 'ok_nok', true, 2, 1, NULL) ON CONFLICT DO NOTHING;
INSERT INTO "public"."template_items" ("id", "template_id", "section_id", "question", "guidance", "response_type", "required", "weight", "order_index", "options") VALUES ('b43442af-b52e-4783-a03d-aeb7ba822c5e', 'd5e0b3a4-74d3-4ecb-a976-5a0318df541f', '24da2a3e-5e66-4d09-8a68-9572d7a0001d', 'Os registros de inspeção de recebimento estão disponíveis e completos?', NULL, 'ok_nok', true, 2, 2, NULL) ON CONFLICT DO NOTHING;
INSERT INTO "public"."template_items" ("id", "template_id", "section_id", "question", "guidance", "response_type", "required", "weight", "order_index", "options") VALUES ('3768c963-7724-48b7-a051-87a7b9dc187c', 'd5e0b3a4-74d3-4ecb-a976-5a0318df541f', '24da2a3e-5e66-4d09-8a68-9572d7a0001d', 'A inspeção final do produto segue os critérios de aceitação definidos pelo cliente?', NULL, 'ok_nok', true, 3, 3, NULL) ON CONFLICT DO NOTHING;
INSERT INTO "public"."template_items" ("id", "template_id", "section_id", "question", "guidance", "response_type", "required", "weight", "order_index", "options") VALUES ('aa04fc71-9905-4e36-80f6-c58a8f618d4c', 'd5e0b3a4-74d3-4ecb-a976-5a0318df541f', '24da2a3e-5e66-4d09-8a68-9572d7a0001d', 'O nível de qualidade PPM do fornecedor está dentro do acordado?', NULL, 'yes_no', true, 3, 4, NULL) ON CONFLICT DO NOTHING;
INSERT INTO "public"."template_items" ("id", "template_id", "section_id", "question", "guidance", "response_type", "required", "weight", "order_index", "options") VALUES ('db1783c0-3ff3-450b-bbd8-1d9daae1ab0e', 'd5e0b3a4-74d3-4ecb-a976-5a0318df541f', '400f8acd-0850-4cb5-b504-6a1f8354ee6e', 'Todos os produtos/lotes estão identificados desde a matéria-prima até a expedição?', NULL, 'ok_nok', true, 3, 0, NULL) ON CONFLICT DO NOTHING;
INSERT INTO "public"."template_items" ("id", "template_id", "section_id", "question", "guidance", "response_type", "required", "weight", "order_index", "options") VALUES ('414c8f0e-cbcc-42bf-884a-834f4858fb53', 'd5e0b3a4-74d3-4ecb-a976-5a0318df541f', '400f8acd-0850-4cb5-b504-6a1f8354ee6e', 'É possível rastrear um produto acabado até o lote de matéria-prima utilizado?', NULL, 'yes_no', true, 3, 1, NULL) ON CONFLICT DO NOTHING;
INSERT INTO "public"."template_items" ("id", "template_id", "section_id", "question", "guidance", "response_type", "required", "weight", "order_index", "options") VALUES ('58439edd-fd85-4b98-b5ee-de2c2554b249', 'd5e0b3a4-74d3-4ecb-a976-5a0318df541f', '400f8acd-0850-4cb5-b504-6a1f8354ee6e', 'As etiquetas contêm informações mínimas (parte, lote, data)?', NULL, 'ok_nok', true, 2, 2, NULL) ON CONFLICT DO NOTHING;
INSERT INTO "public"."template_items" ("id", "template_id", "section_id", "question", "guidance", "response_type", "required", "weight", "order_index", "options") VALUES ('5de77c20-244e-40b1-bb71-6751ea821e8c', 'd5e0b3a4-74d3-4ecb-a976-5a0318df541f', '400f8acd-0850-4cb5-b504-6a1f8354ee6e', 'Qual o nível de rastreabilidade do fornecedor?', NULL, 'selection', false, 1, 3, '["Totalmente digital (ERP/MES)","Misto (digital + papel)","Manual (papel)","Sem rastreabilidade formal"]') ON CONFLICT DO NOTHING;
INSERT INTO "public"."template_items" ("id", "template_id", "section_id", "question", "guidance", "response_type", "required", "weight", "order_index", "options") VALUES ('42599387-9312-446f-a22c-7ff4e6a2d394', 'd5e0b3a4-74d3-4ecb-a976-5a0318df541f', '7c7863a5-548d-494c-8ff6-fc97e10042a9', 'A embalagem está de acordo com as especificações técnicas e de proteção do produto?', NULL, 'ok_nok', true, 2, 0, NULL) ON CONFLICT DO NOTHING;
INSERT INTO "public"."template_items" ("id", "template_id", "section_id", "question", "guidance", "response_type", "required", "weight", "order_index", "options") VALUES ('a9d5514c-fb23-4a0d-8fc3-f13c60996890', 'd5e0b3a4-74d3-4ecb-a976-5a0318df541f', '7c7863a5-548d-494c-8ff6-fc97e10042a9', 'A quantidade por embalagem está conforme o acordado?', NULL, 'ok_nok', true, 2, 1, NULL) ON CONFLICT DO NOTHING;
INSERT INTO "public"."template_items" ("id", "template_id", "section_id", "question", "guidance", "response_type", "required", "weight", "order_index", "options") VALUES ('0a7faefc-cc22-40a9-aa86-629de7e85313', 'd5e0b3a4-74d3-4ecb-a976-5a0318df541f', '7c7863a5-548d-494c-8ff6-fc97e10042a9', 'As embalagens são manuseadas de forma a evitar danos ao produto?', NULL, 'ok_nok', true, 2, 2, NULL) ON CONFLICT DO NOTHING;
INSERT INTO "public"."template_items" ("id", "template_id", "section_id", "question", "guidance", "response_type", "required", "weight", "order_index", "options") VALUES ('7ceeed8a-61b5-4d7a-8195-a5e173208ba9', 'd5e0b3a4-74d3-4ecb-a976-5a0318df541f', '7c7863a5-548d-494c-8ff6-fc97e10042a9', 'Os documentos de expedição (NF, certificados) estão presentes e corretos?', NULL, 'ok_nok', true, 2, 3, NULL) ON CONFLICT DO NOTHING;
INSERT INTO "public"."template_items" ("id", "template_id", "section_id", "question", "guidance", "response_type", "required", "weight", "order_index", "options") VALUES ('3fec7e8d-81d1-4034-a676-2d83b92ed1b6', 'b7cb0495-ebd0-4298-aae7-f0b6a4ca957e', 'eb33f4ac-1f6a-43d2-819c-35cb2e2099ee', 'O armazém está organizado com endereçamento de posições definido e identificado?', NULL, 'ok_nok', true, 2, 0, NULL) ON CONFLICT DO NOTHING;
INSERT INTO "public"."template_items" ("id", "template_id", "section_id", "question", "guidance", "response_type", "required", "weight", "order_index", "options") VALUES ('aae6dfd4-e44a-45e9-86f0-9c605d0bf03c', 'b7cb0495-ebd0-4298-aae7-f0b6a4ca957e', 'eb33f4ac-1f6a-43d2-819c-35cb2e2099ee', 'As condições ambientais (temperatura, umidade) são adequadas para os produtos armazenados?', NULL, 'ok_nok', true, 2, 1, NULL) ON CONFLICT DO NOTHING;
INSERT INTO "public"."template_items" ("id", "template_id", "section_id", "question", "guidance", "response_type", "required", "weight", "order_index", "options") VALUES ('9b30c632-db19-497e-a9e0-96b52c02f56d', 'b7cb0495-ebd0-4298-aae7-f0b6a4ca957e', 'eb33f4ac-1f6a-43d2-819c-35cb2e2099ee', 'Os itens estão armazenados de forma segura, sem risco de queda ou dano?', NULL, 'ok_nok', true, 3, 2, NULL) ON CONFLICT DO NOTHING;
INSERT INTO "public"."template_items" ("id", "template_id", "section_id", "question", "guidance", "response_type", "required", "weight", "order_index", "options") VALUES ('1bd64bc5-8fe7-4c1b-94e4-6ccd62a8019f', 'b7cb0495-ebd0-4298-aae7-f0b6a4ca957e', 'eb33f4ac-1f6a-43d2-819c-35cb2e2099ee', 'Materiais bloqueados/quarentena estão segregados fisicamente dos aprovados?', NULL, 'ok_nok', true, 3, 3, NULL) ON CONFLICT DO NOTHING;
INSERT INTO "public"."template_items" ("id", "template_id", "section_id", "question", "guidance", "response_type", "required", "weight", "order_index", "options") VALUES ('7432568a-50fc-4fed-905a-edfad86d7631', 'b7cb0495-ebd0-4298-aae7-f0b6a4ca957e', 'eb33f4ac-1f6a-43d2-819c-35cb2e2099ee', 'As vias de circulação internas estão livres e sinalizadas?', NULL, 'ok_nok', true, 2, 4, NULL) ON CONFLICT DO NOTHING;
INSERT INTO "public"."template_items" ("id", "template_id", "section_id", "question", "guidance", "response_type", "required", "weight", "order_index", "options") VALUES ('df60f339-367d-47b4-b82c-860fb7eace1a', 'b7cb0495-ebd0-4298-aae7-f0b6a4ca957e', '3a2e1772-9844-4b79-8299-62a5c5b9e3e9', 'Existe processo de inspeção/conferência no recebimento de materiais?', NULL, 'ok_nok', true, 2, 0, NULL) ON CONFLICT DO NOTHING;
INSERT INTO "public"."template_items" ("id", "template_id", "section_id", "question", "guidance", "response_type", "required", "weight", "order_index", "options") VALUES ('5301e623-7d73-43ea-b59d-0b9260438f2f', 'b7cb0495-ebd0-4298-aae7-f0b6a4ca957e', '3a2e1772-9844-4b79-8299-62a5c5b9e3e9', 'Os materiais recebidos são registrados no sistema antes de serem armazenados?', NULL, 'ok_nok', true, 2, 1, NULL) ON CONFLICT DO NOTHING;
INSERT INTO "public"."template_items" ("id", "template_id", "section_id", "question", "guidance", "response_type", "required", "weight", "order_index", "options") VALUES ('4fb1ddde-a349-442d-8793-4c015333b376', 'b7cb0495-ebd0-4298-aae7-f0b6a4ca957e', '3a2e1772-9844-4b79-8299-62a5c5b9e3e9', 'Divergências entre NF e mercadoria recebida são registradas e tratadas?', NULL, 'ok_nok', true, 2, 2, NULL) ON CONFLICT DO NOTHING;
INSERT INTO "public"."template_items" ("id", "template_id", "section_id", "question", "guidance", "response_type", "required", "weight", "order_index", "options") VALUES ('2d03a543-7463-4bde-9c75-594fe9d540f2', 'b7cb0495-ebd0-4298-aae7-f0b6a4ca957e', '3a2e1772-9844-4b79-8299-62a5c5b9e3e9', 'O tempo de recebimento e entrada no estoque está dentro do prazo aceitável?', NULL, 'yes_no', false, 1, 3, NULL) ON CONFLICT DO NOTHING;
INSERT INTO "public"."template_items" ("id", "template_id", "section_id", "question", "guidance", "response_type", "required", "weight", "order_index", "options") VALUES ('191b73c7-307b-41f6-8b0a-7834354a2e7e', 'b7cb0495-ebd0-4298-aae7-f0b6a4ca957e', '24503eb8-01ab-4a98-ace6-9e6db40dcaa4', 'O processo de separação (picking) é realizado conforme os documentos de expedição?', NULL, 'ok_nok', true, 2, 0, NULL) ON CONFLICT DO NOTHING;
INSERT INTO "public"."template_items" ("id", "template_id", "section_id", "question", "guidance", "response_type", "required", "weight", "order_index", "options") VALUES ('338ecfc1-b22b-45d9-8409-52c9f7e399af', 'b7cb0495-ebd0-4298-aae7-f0b6a4ca957e', '24503eb8-01ab-4a98-ace6-9e6db40dcaa4', 'A conferência final antes da expedição é realizada e registrada?', NULL, 'ok_nok', true, 3, 1, NULL) ON CONFLICT DO NOTHING;
INSERT INTO "public"."template_items" ("id", "template_id", "section_id", "question", "guidance", "response_type", "required", "weight", "order_index", "options") VALUES ('14067628-fb00-4080-b02b-6a0e46a52af3', 'b7cb0495-ebd0-4298-aae7-f0b6a4ca957e', '24503eb8-01ab-4a98-ace6-9e6db40dcaa4', 'As embalagens utilizadas na expedição protegem adequadamente o produto?', NULL, 'ok_nok', true, 2, 2, NULL) ON CONFLICT DO NOTHING;
INSERT INTO "public"."template_items" ("id", "template_id", "section_id", "question", "guidance", "response_type", "required", "weight", "order_index", "options") VALUES ('73150792-49cc-4a96-86b9-2ec9ba276997', 'b7cb0495-ebd0-4298-aae7-f0b6a4ca957e', '24503eb8-01ab-4a98-ace6-9e6db40dcaa4', 'Os documentos fiscais (NF-e, DANFE, romaneio) são emitidos corretamente?', NULL, 'ok_nok', true, 2, 3, NULL) ON CONFLICT DO NOTHING;
INSERT INTO "public"."template_items" ("id", "template_id", "section_id", "question", "guidance", "response_type", "required", "weight", "order_index", "options") VALUES ('3e14d27c-56fb-41ed-a082-910b70ea1009', 'b7cb0495-ebd0-4298-aae7-f0b6a4ca957e', '24503eb8-01ab-4a98-ace6-9e6db40dcaa4', 'Existe rastreabilidade dos pedidos expedidos (número do pedido, data, destinatário)?', NULL, 'ok_nok', true, 2, 4, NULL) ON CONFLICT DO NOTHING;
INSERT INTO "public"."template_items" ("id", "template_id", "section_id", "question", "guidance", "response_type", "required", "weight", "order_index", "options") VALUES ('222796cc-49eb-4ac6-9956-a1b8dd41c1c9', '0ead5742-c9ba-422f-bf83-7928f295b66f', '9112727c-5cdf-47e0-acf2-5253b09e7bff', 'Todos os itens em estoque possuem identificação visível (etiqueta, código, lote)?', NULL, 'ok_nok', true, 3, 0, NULL) ON CONFLICT DO NOTHING;
INSERT INTO "public"."template_items" ("id", "template_id", "section_id", "question", "guidance", "response_type", "required", "weight", "order_index", "options") VALUES ('7da3ddfe-5982-4f4e-a14a-454e364a93fa', '0ead5742-c9ba-422f-bf83-7928f295b66f', '9112727c-5cdf-47e0-acf2-5253b09e7bff', 'A data de entrada ou validade está indicada nas embalagens/posições?', NULL, 'ok_nok', true, 2, 1, NULL) ON CONFLICT DO NOTHING;
INSERT INTO "public"."template_items" ("id", "template_id", "section_id", "question", "guidance", "response_type", "required", "weight", "order_index", "options") VALUES ('4c6415ba-e228-4ffa-8881-7dd6a3587efe', '0ead5742-c9ba-422f-bf83-7928f295b66f', '9112727c-5cdf-47e0-acf2-5253b09e7bff', 'O status dos materiais (aprovado, bloqueado, em inspeção) está indicado?', NULL, 'ok_nok', true, 2, 2, NULL) ON CONFLICT DO NOTHING;
INSERT INTO "public"."template_items" ("id", "template_id", "section_id", "question", "guidance", "response_type", "required", "weight", "order_index", "options") VALUES ('392207ee-2d3a-4bd8-982e-41d2994af421', '0ead5742-c9ba-422f-bf83-7928f295b66f', '9112727c-5cdf-47e0-acf2-5253b09e7bff', 'Itens com validade vencida foram identificados e segregados?', NULL, 'ok_nok', true, 3, 3, NULL) ON CONFLICT DO NOTHING;
INSERT INTO "public"."template_items" ("id", "template_id", "section_id", "question", "guidance", "response_type", "required", "weight", "order_index", "options") VALUES ('d363b496-add9-4c05-b2cb-5bf4ef4261ab', '0ead5742-c9ba-422f-bf83-7928f295b66f', '9112727c-5cdf-47e0-acf2-5253b09e7bff', 'O sistema de endereçamento permite localizar qualquer item em menos de 2 minutos?', NULL, 'yes_no', false, 2, 4, NULL) ON CONFLICT DO NOTHING;
INSERT INTO "public"."template_items" ("id", "template_id", "section_id", "question", "guidance", "response_type", "required", "weight", "order_index", "options") VALUES ('b34d5214-df66-4bf8-ae70-a6545e17fcb4', '0ead5742-c9ba-422f-bf83-7928f295b66f', '5a7ddc5c-d492-4f17-a15d-494eb7886a2a', 'O método FIFO (Primeiro a Entrar, Primeiro a Sair) está sendo aplicado nas saídas?', 'Verificar últimas movimentações no sistema e confrontar com posição física.', 'ok_nok', true, 3, 0, NULL) ON CONFLICT DO NOTHING;
INSERT INTO "public"."template_items" ("id", "template_id", "section_id", "question", "guidance", "response_type", "required", "weight", "order_index", "options") VALUES ('dec2c292-b108-4ca2-b1d6-9d750572454d', '0ead5742-c9ba-422f-bf83-7928f295b66f', '5a7ddc5c-d492-4f17-a15d-494eb7886a2a', 'Para produtos com validade, o FEFO está sendo respeitado?', NULL, 'ok_nok', true, 3, 1, NULL) ON CONFLICT DO NOTHING;
INSERT INTO "public"."template_items" ("id", "template_id", "section_id", "question", "guidance", "response_type", "required", "weight", "order_index", "options") VALUES ('ef35c0ef-c5c1-493f-ab7b-12b6cbb407da', '0ead5742-c9ba-422f-bf83-7928f295b66f', '5a7ddc5c-d492-4f17-a15d-494eb7886a2a', 'O layout das prateleiras/posições facilita a aplicação do FIFO?', NULL, 'ok_nok', true, 2, 2, NULL) ON CONFLICT DO NOTHING;
INSERT INTO "public"."template_items" ("id", "template_id", "section_id", "question", "guidance", "response_type", "required", "weight", "order_index", "options") VALUES ('2001766a-57d4-45d0-abeb-0cd0cd800b19', '0ead5742-c9ba-422f-bf83-7928f295b66f', '5a7ddc5c-d492-4f17-a15d-494eb7886a2a', 'Existem materiais com lotes antigos não movimentados há mais de 90 dias?', NULL, 'yes_no', true, 2, 3, NULL) ON CONFLICT DO NOTHING;
INSERT INTO "public"."template_items" ("id", "template_id", "section_id", "question", "guidance", "response_type", "required", "weight", "order_index", "options") VALUES ('f18e843a-ebc4-414c-900f-089a9f24e447', '0ead5742-c9ba-422f-bf83-7928f295b66f', '5a7ddc5c-d492-4f17-a15d-494eb7886a2a', 'Os operadores conhecem e aplicam corretamente o FIFO/FEFO?', NULL, 'yes_no', true, 2, 4, NULL) ON CONFLICT DO NOTHING;
INSERT INTO "public"."template_items" ("id", "template_id", "section_id", "question", "guidance", "response_type", "required", "weight", "order_index", "options") VALUES ('21d9a400-65f9-4be8-806e-b2c0628ea5b8', '0ead5742-c9ba-422f-bf83-7928f295b66f', '3acb5cdb-fcd2-4193-95a5-7ccd28114b5f', 'A acuracidade do inventário (%) está acima da meta estabelecida?', NULL, 'ok_nok', true, 3, 0, NULL) ON CONFLICT DO NOTHING;
INSERT INTO "public"."template_items" ("id", "template_id", "section_id", "question", "guidance", "response_type", "required", "weight", "order_index", "options") VALUES ('e8cb4d95-6bee-45b3-a29a-1caeec2518eb', '0ead5742-c9ba-422f-bf83-7928f295b66f', '3acb5cdb-fcd2-4193-95a5-7ccd28114b5f', 'Contagens cíclicas são realizadas conforme o plano e com a frequência definida?', NULL, 'ok_nok', true, 2, 1, NULL) ON CONFLICT DO NOTHING;
INSERT INTO "public"."template_items" ("id", "template_id", "section_id", "question", "guidance", "response_type", "required", "weight", "order_index", "options") VALUES ('21aa4a54-32e7-413e-988c-15e122ecaebc', '0ead5742-c9ba-422f-bf83-7928f295b66f', '3acb5cdb-fcd2-4193-95a5-7ccd28114b5f', 'As divergências identificadas nas contagens são investigadas e corrigidas?', NULL, 'ok_nok', true, 2, 2, NULL) ON CONFLICT DO NOTHING;
INSERT INTO "public"."template_items" ("id", "template_id", "section_id", "question", "guidance", "response_type", "required", "weight", "order_index", "options") VALUES ('7cda8c29-31f0-4cb7-8091-cfe31f8ef4d1', '0ead5742-c9ba-422f-bf83-7928f295b66f', '3acb5cdb-fcd2-4193-95a5-7ccd28114b5f', 'Percentual atual de acuracidade do inventário desta área:', NULL, 'percentage', true, 3, 3, NULL) ON CONFLICT DO NOTHING;
INSERT INTO "public"."template_items" ("id", "template_id", "section_id", "question", "guidance", "response_type", "required", "weight", "order_index", "options") VALUES ('c16865ae-2d4e-4f7a-872a-8cc454118d49', 'a3929e2c-830e-4321-abdb-48f782161b4c', '41cc9bae-fe4b-4c6d-931b-3d68f5a1ed8c', 'O operador realiza a autoinspeção conforme a instrução de trabalho?', NULL, 'ok_nok', true, 3, 0, NULL) ON CONFLICT DO NOTHING;
INSERT INTO "public"."template_items" ("id", "template_id", "section_id", "question", "guidance", "response_type", "required", "weight", "order_index", "options") VALUES ('5755f497-54a9-49a3-92d3-8a30ff74900b', 'a3929e2c-830e-4321-abdb-48f782161b4c', '41cc9bae-fe4b-4c6d-931b-3d68f5a1ed8c', 'Os dispositivos de controle (gabarito, poka-yoke) estão funcionando corretamente?', NULL, 'ok_nok', true, 3, 1, NULL) ON CONFLICT DO NOTHING;
INSERT INTO "public"."template_items" ("id", "template_id", "section_id", "question", "guidance", "response_type", "required", "weight", "order_index", "options") VALUES ('60c7ec37-da30-4931-89a9-e0e592979ae6', 'a3929e2c-830e-4321-abdb-48f782161b4c', '41cc9bae-fe4b-4c6d-931b-3d68f5a1ed8c', 'A primeira peça do turno foi verificada e aprovada antes de iniciar a produção?', NULL, 'yes_no', true, 3, 2, NULL) ON CONFLICT DO NOTHING;
INSERT INTO "public"."template_items" ("id", "template_id", "section_id", "question", "guidance", "response_type", "required", "weight", "order_index", "options") VALUES ('56173a18-3531-4db0-8b18-40eaaaa58e7d', 'a3929e2c-830e-4321-abdb-48f782161b4c', '41cc9bae-fe4b-4c6d-931b-3d68f5a1ed8c', 'Não há peças não conformes misturadas com peças aprovadas?', NULL, 'ok_nok', true, 3, 3, NULL) ON CONFLICT DO NOTHING;
INSERT INTO "public"."template_items" ("id", "template_id", "section_id", "question", "guidance", "response_type", "required", "weight", "order_index", "options") VALUES ('6bc116e0-54f2-48a9-bf02-622a9b3aef4f', 'a3929e2c-830e-4321-abdb-48f782161b4c', '41cc9bae-fe4b-4c6d-931b-3d68f5a1ed8c', 'O operador sabe o que fazer em caso de peça suspeita ou não conforme?', NULL, 'yes_no', true, 2, 4, NULL) ON CONFLICT DO NOTHING;
INSERT INTO "public"."template_items" ("id", "template_id", "section_id", "question", "guidance", "response_type", "required", "weight", "order_index", "options") VALUES ('d738d9fd-c70a-431a-9172-6583eff0405b', 'a3929e2c-830e-4321-abdb-48f782161b4c', '6060bbc0-8234-40fc-87e3-9724cbec8d20', 'A instrução de trabalho (IT) está disponível e na revisão atual?', NULL, 'ok_nok', true, 2, 0, NULL) ON CONFLICT DO NOTHING;
INSERT INTO "public"."template_items" ("id", "template_id", "section_id", "question", "guidance", "response_type", "required", "weight", "order_index", "options") VALUES ('b46a94b1-15a9-4a51-b099-3227e7164057', 'a3929e2c-830e-4321-abdb-48f782161b4c', '6060bbc0-8234-40fc-87e3-9724cbec8d20', 'As ferramentas e dispositivos necessários estão disponíveis e em bom estado?', NULL, 'ok_nok', true, 2, 1, NULL) ON CONFLICT DO NOTHING;
INSERT INTO "public"."template_items" ("id", "template_id", "section_id", "question", "guidance", "response_type", "required", "weight", "order_index", "options") VALUES ('650f619d-9522-44ba-8576-6455294f5c4e', 'a3929e2c-830e-4321-abdb-48f782161b4c', '6060bbc0-8234-40fc-87e3-9724cbec8d20', 'O posto está limpo e organizado conforme o padrão 5S?', NULL, 'ok_nok', true, 1, 2, NULL) ON CONFLICT DO NOTHING;
INSERT INTO "public"."template_items" ("id", "template_id", "section_id", "question", "guidance", "response_type", "required", "weight", "order_index", "options") VALUES ('2e336284-dd4c-47f2-8b16-5bc93c2f59f9', 'a3929e2c-830e-4321-abdb-48f782161b4c', '6060bbc0-8234-40fc-87e3-9724cbec8d20', 'Os parâmetros de processo estão dentro dos limites especificados?', 'Verificar registros ou display do equipamento.', 'ok_nok', true, 3, 3, NULL) ON CONFLICT DO NOTHING;
INSERT INTO "public"."template_items" ("id", "template_id", "section_id", "question", "guidance", "response_type", "required", "weight", "order_index", "options") VALUES ('8e0761ac-63b1-4355-b0e4-82e0ad5ea424', 'a3929e2c-830e-4321-abdb-48f782161b4c', 'ab395d9b-80db-4ded-af1c-0e015bf6b925', 'O operador está utilizando os EPIs exigidos para o posto de trabalho?', NULL, 'ok_nok', true, 3, 0, NULL) ON CONFLICT DO NOTHING;
INSERT INTO "public"."template_items" ("id", "template_id", "section_id", "question", "guidance", "response_type", "required", "weight", "order_index", "options") VALUES ('8c389ad4-5a0e-4cc6-8c2e-a38c29f54ec1', 'a3929e2c-830e-4321-abdb-48f782161b4c', 'ab395d9b-80db-4ded-af1c-0e015bf6b925', 'As proteções e dispositivos de segurança das máquinas estão instalados e ativos?', NULL, 'ok_nok', true, 3, 1, NULL) ON CONFLICT DO NOTHING;
INSERT INTO "public"."template_items" ("id", "template_id", "section_id", "question", "guidance", "response_type", "required", "weight", "order_index", "options") VALUES ('6e09c184-e52f-4245-b47c-359126a6e479', 'a3929e2c-830e-4321-abdb-48f782161b4c', 'ab395d9b-80db-4ded-af1c-0e015bf6b925', 'O operador conhece o procedimento de emergência (parada de máquina, evacuação)?', NULL, 'yes_no', true, 2, 2, NULL) ON CONFLICT DO NOTHING;
INSERT INTO "public"."template_items" ("id", "template_id", "section_id", "question", "guidance", "response_type", "required", "weight", "order_index", "options") VALUES ('54b15471-4d50-4ab8-92fb-350320e07ab2', 'a3929e2c-830e-4321-abdb-48f782161b4c', 'ab395d9b-80db-4ded-af1c-0e015bf6b925', 'A área está livre de riscos evidentes (derramamentos, fios expostos, obstáculos)?', NULL, 'ok_nok', true, 3, 3, NULL) ON CONFLICT DO NOTHING;
INSERT INTO "public"."template_items" ("id", "template_id", "section_id", "question", "guidance", "response_type", "required", "weight", "order_index", "options") VALUES ('47f97d2b-3075-4243-a468-fbdd0b4bba0e', '8f30e157-ad50-4a33-94de-ee21dee46d40', '460b85aa-b896-4892-bfde-5421656e4a02', 'O LPA Nível 1 foi realizado conforme a frequência estabelecida?', NULL, 'ok_nok', true, 2, 0, NULL) ON CONFLICT DO NOTHING;
INSERT INTO "public"."template_items" ("id", "template_id", "section_id", "question", "guidance", "response_type", "required", "weight", "order_index", "options") VALUES ('08d70755-2f52-46ba-91ae-5c6f7cb4b7e5', '8f30e157-ad50-4a33-94de-ee21dee46d40', '460b85aa-b896-4892-bfde-5421656e4a02', 'Os registros do LPA Nível 1 estão preenchidos corretamente?', NULL, 'ok_nok', true, 2, 1, NULL) ON CONFLICT DO NOTHING;
INSERT INTO "public"."template_items" ("id", "template_id", "section_id", "question", "guidance", "response_type", "required", "weight", "order_index", "options") VALUES ('bbe79725-42ea-43b7-9e54-e63b267b267f', '8f30e157-ad50-4a33-94de-ee21dee46d40', '460b85aa-b896-4892-bfde-5421656e4a02', 'As não conformidades do LPA N1 receberam ação imediata?', NULL, 'ok_nok', true, 3, 2, NULL) ON CONFLICT DO NOTHING;
INSERT INTO "public"."template_items" ("id", "template_id", "section_id", "question", "guidance", "response_type", "required", "weight", "order_index", "options") VALUES ('2c009052-4d8d-475d-abf2-9f384cb0f0cd', '8f30e157-ad50-4a33-94de-ee21dee46d40', '460b85aa-b896-4892-bfde-5421656e4a02', 'O operador demonstra conhecimento adequado dos itens do LPA N1?', NULL, 'yes_no', true, 2, 3, NULL) ON CONFLICT DO NOTHING;
INSERT INTO "public"."template_items" ("id", "template_id", "section_id", "question", "guidance", "response_type", "required", "weight", "order_index", "options") VALUES ('a59a7772-c251-4bb3-a70d-9af7b57457ec', '8f30e157-ad50-4a33-94de-ee21dee46d40', 'd813814b-667f-43bf-8345-2c7b79b6c514', 'Os planos de controle estão sendo seguidos corretamente?', NULL, 'ok_nok', true, 3, 0, NULL) ON CONFLICT DO NOTHING;
INSERT INTO "public"."template_items" ("id", "template_id", "section_id", "question", "guidance", "response_type", "required", "weight", "order_index", "options") VALUES ('16388693-fd4d-48b3-93c5-04cad0d0fd7a', '8f30e157-ad50-4a33-94de-ee21dee46d40', 'd813814b-667f-43bf-8345-2c7b79b6c514', 'As características especiais do produto (CC/SC) estão sendo monitoradas?', NULL, 'ok_nok', true, 3, 1, NULL) ON CONFLICT DO NOTHING;
INSERT INTO "public"."template_items" ("id", "template_id", "section_id", "question", "guidance", "response_type", "required", "weight", "order_index", "options") VALUES ('717d8e8c-b0a0-4fa5-ad13-a8c8211a1140', '8f30e157-ad50-4a33-94de-ee21dee46d40', 'd813814b-667f-43bf-8345-2c7b79b6c514', 'Os poka-yokes foram verificados no início do turno?', NULL, 'ok_nok', true, 3, 2, NULL) ON CONFLICT DO NOTHING;
INSERT INTO "public"."template_items" ("id", "template_id", "section_id", "question", "guidance", "response_type", "required", "weight", "order_index", "options") VALUES ('76113e2e-a1f3-4193-86d4-7391391ad462', '8f30e157-ad50-4a33-94de-ee21dee46d40', 'd813814b-667f-43bf-8345-2c7b79b6c514', 'O índice de retrabalho/sucata da área está dentro da meta?', NULL, 'yes_no', true, 2, 3, NULL) ON CONFLICT DO NOTHING;
INSERT INTO "public"."template_items" ("id", "template_id", "section_id", "question", "guidance", "response_type", "required", "weight", "order_index", "options") VALUES ('1378aa5b-54f9-47e5-ab9f-92ec4ba22e8d', '8f30e157-ad50-4a33-94de-ee21dee46d40', 'd813814b-667f-43bf-8345-2c7b79b6c514', 'Existem desvios de processo não registrados ou não tratados?', NULL, 'ok_nok', true, 3, 4, NULL) ON CONFLICT DO NOTHING;
INSERT INTO "public"."template_items" ("id", "template_id", "section_id", "question", "guidance", "response_type", "required", "weight", "order_index", "options") VALUES ('fb1f1ef1-c755-447a-80e3-1ddb15435d15', '8f30e157-ad50-4a33-94de-ee21dee46d40', '6562ee98-89f1-499e-a7b4-390141120ac9', 'Todos os colaboradores do turno estão treinados e qualificados para suas funções?', NULL, 'ok_nok', true, 2, 0, NULL) ON CONFLICT DO NOTHING;
INSERT INTO "public"."template_items" ("id", "template_id", "section_id", "question", "guidance", "response_type", "required", "weight", "order_index", "options") VALUES ('59be3b80-be3a-4040-b478-df67f699fd8c', '8f30e157-ad50-4a33-94de-ee21dee46d40', '6562ee98-89f1-499e-a7b4-390141120ac9', 'A matriz de habilidades da equipe está atualizada?', NULL, 'ok_nok', false, 1, 1, NULL) ON CONFLICT DO NOTHING;
INSERT INTO "public"."template_items" ("id", "template_id", "section_id", "question", "guidance", "response_type", "required", "weight", "order_index", "options") VALUES ('f8eff1f4-277e-47da-aee3-0331bd3836cb', '8f30e157-ad50-4a33-94de-ee21dee46d40', '6562ee98-89f1-499e-a7b4-390141120ac9', 'O briefing do turno (passagem de informações) foi realizado?', NULL, 'yes_no', true, 2, 2, NULL) ON CONFLICT DO NOTHING;
INSERT INTO "public"."template_items" ("id", "template_id", "section_id", "question", "guidance", "response_type", "required", "weight", "order_index", "options") VALUES ('8a1bd4fc-b919-4229-a71b-5452faf6cf9e', '8f30e157-ad50-4a33-94de-ee21dee46d40', '6562ee98-89f1-499e-a7b4-390141120ac9', 'As ausências planejadas têm cobertura para garantir a produção?', NULL, 'ok_nok', false, 1, 3, NULL) ON CONFLICT DO NOTHING;
INSERT INTO "public"."template_items" ("id", "template_id", "section_id", "question", "guidance", "response_type", "required", "weight", "order_index", "options") VALUES ('8b020a4f-cbdd-430c-b5ac-e7ca601f39ba', '8f30e157-ad50-4a33-94de-ee21dee46d40', '411d6fae-3a43-4af9-a8ed-9d4cddb05bf4', 'As ordens de manutenção preventiva estão sendo executadas no prazo?', NULL, 'ok_nok', true, 2, 0, NULL) ON CONFLICT DO NOTHING;
INSERT INTO "public"."template_items" ("id", "template_id", "section_id", "question", "guidance", "response_type", "required", "weight", "order_index", "options") VALUES ('f4bc92a5-ab51-447a-a126-c7788fb994f4', '8f30e157-ad50-4a33-94de-ee21dee46d40', '411d6fae-3a43-4af9-a8ed-9d4cddb05bf4', 'Equipamentos com parada imprevista foram registrados e analisados (causa raiz)?', NULL, 'ok_nok', true, 2, 1, NULL) ON CONFLICT DO NOTHING;
INSERT INTO "public"."template_items" ("id", "template_id", "section_id", "question", "guidance", "response_type", "required", "weight", "order_index", "options") VALUES ('a901a5db-958f-4b06-9011-6495be8086fc', '8f30e157-ad50-4a33-94de-ee21dee46d40', '411d6fae-3a43-4af9-a8ed-9d4cddb05bf4', 'As manutenções autônomas (limpeza, inspeção, lubrificação) estão sendo realizadas?', NULL, 'ok_nok', true, 2, 2, NULL) ON CONFLICT DO NOTHING;
INSERT INTO "public"."template_items" ("id", "template_id", "section_id", "question", "guidance", "response_type", "required", "weight", "order_index", "options") VALUES ('6b59b138-af74-47aa-b10f-db30398d69bb', '8f30e157-ad50-4a33-94de-ee21dee46d40', '411d6fae-3a43-4af9-a8ed-9d4cddb05bf4', 'Avaliação da eficiência global dos equipamentos (OEE) da área:', NULL, 'scale_1_5', false, 2, 3, NULL) ON CONFLICT DO NOTHING;
INSERT INTO "public"."template_items" ("id", "template_id", "section_id", "question", "guidance", "response_type", "required", "weight", "order_index", "options") VALUES ('6818abe7-b7cc-4374-86c2-601462a0a568', '54265d9c-5182-49fe-a557-0fe18ddc76b0', '743ffb10-f0d2-49f5-ba23-515e548d0e6f', 'O LPA Nível 2 foi realizado conforme a frequência definida?', NULL, 'ok_nok', true, 2, 0, NULL) ON CONFLICT DO NOTHING;
INSERT INTO "public"."template_items" ("id", "template_id", "section_id", "question", "guidance", "response_type", "required", "weight", "order_index", "options") VALUES ('44c2bba7-d993-439f-84fe-bd19d4feb9e6', '54265d9c-5182-49fe-a557-0fe18ddc76b0', '743ffb10-f0d2-49f5-ba23-515e548d0e6f', 'As não conformidades abertas no LPA N2 têm responsável e prazo de resolução?', NULL, 'ok_nok', true, 3, 1, NULL) ON CONFLICT DO NOTHING;
INSERT INTO "public"."template_items" ("id", "template_id", "section_id", "question", "guidance", "response_type", "required", "weight", "order_index", "options") VALUES ('29e0de70-6d02-4a2b-acfd-7aca5de601a4', '54265d9c-5182-49fe-a557-0fe18ddc76b0', '743ffb10-f0d2-49f5-ba23-515e548d0e6f', 'A taxa de fechamento de NCs dos LPAs N1 e N2 está adequada?', NULL, 'ok_nok', true, 2, 2, NULL) ON CONFLICT DO NOTHING;
INSERT INTO "public"."template_items" ("id", "template_id", "section_id", "question", "guidance", "response_type", "required", "weight", "order_index", "options") VALUES ('9d6a5f10-c8c1-484d-a171-16d3604e0618', '54265d9c-5182-49fe-a557-0fe18ddc76b0', '743ffb10-f0d2-49f5-ba23-515e548d0e6f', 'O sistema LPA está funcionando como planejado em toda a área?', NULL, 'ok_nok', true, 2, 3, NULL) ON CONFLICT DO NOTHING;
INSERT INTO "public"."template_items" ("id", "template_id", "section_id", "question", "guidance", "response_type", "required", "weight", "order_index", "options") VALUES ('3aa264b5-478b-43f3-91a1-71cca2890812', '54265d9c-5182-49fe-a557-0fe18ddc76b0', '48ec9caf-844b-4377-9dc1-dfd525875f93', 'Os indicadores de qualidade (PPM, rejeições) estão dentro das metas?', NULL, 'ok_nok', true, 3, 0, NULL) ON CONFLICT DO NOTHING;
INSERT INTO "public"."template_items" ("id", "template_id", "section_id", "question", "guidance", "response_type", "required", "weight", "order_index", "options") VALUES ('7509ee65-0a24-4703-af88-44a78bce2398', '54265d9c-5182-49fe-a557-0fe18ddc76b0', '48ec9caf-844b-4377-9dc1-dfd525875f93', 'Os indicadores de produtividade (OEE, eficiência) estão dentro das metas?', NULL, 'ok_nok', true, 3, 1, NULL) ON CONFLICT DO NOTHING;
INSERT INTO "public"."template_items" ("id", "template_id", "section_id", "question", "guidance", "response_type", "required", "weight", "order_index", "options") VALUES ('07c05b09-80a8-4f84-89cf-d7fe5d596bf2', '54265d9c-5182-49fe-a557-0fe18ddc76b0', '48ec9caf-844b-4377-9dc1-dfd525875f93', 'As ações corretivas de não conformidades recorrentes foram eficazes?', NULL, 'ok_nok', true, 3, 2, NULL) ON CONFLICT DO NOTHING;
INSERT INTO "public"."template_items" ("id", "template_id", "section_id", "question", "guidance", "response_type", "required", "weight", "order_index", "options") VALUES ('4405e36b-ff82-4bc7-86bc-d5e536e92c83', '54265d9c-5182-49fe-a557-0fe18ddc76b0', '48ec9caf-844b-4377-9dc1-dfd525875f93', 'As reclamações de clientes desta área foram analisadas e tratadas?', NULL, 'ok_nok', true, 3, 3, NULL) ON CONFLICT DO NOTHING;
INSERT INTO "public"."template_items" ("id", "template_id", "section_id", "question", "guidance", "response_type", "required", "weight", "order_index", "options") VALUES ('19b99a9d-e3fc-4498-9303-45a328c090ba', '54265d9c-5182-49fe-a557-0fe18ddc76b0', '48ec9caf-844b-4377-9dc1-dfd525875f93', 'Os projetos de melhoria contínua estão com progresso satisfatório?', NULL, 'ok_nok', false, 2, 4, NULL) ON CONFLICT DO NOTHING;
INSERT INTO "public"."template_items" ("id", "template_id", "section_id", "question", "guidance", "response_type", "required", "weight", "order_index", "options") VALUES ('5c48a220-7172-45ee-bdc6-acf4cafc7a9b', '54265d9c-5182-49fe-a557-0fe18ddc76b0', 'e7b39184-512f-4cce-9292-b921d0ef05ad', 'O fluxo de valor está atualizado e refletindo a realidade do processo?', NULL, 'ok_nok', true, 2, 0, NULL) ON CONFLICT DO NOTHING;
INSERT INTO "public"."template_items" ("id", "template_id", "section_id", "question", "guidance", "response_type", "required", "weight", "order_index", "options") VALUES ('c6720d89-bbb9-4373-a667-2cb3fe300ba3', '54265d9c-5182-49fe-a557-0fe18ddc76b0', 'e7b39184-512f-4cce-9292-b921d0ef05ad', 'Os balanceamentos de linha estão adequados à demanda atual do cliente?', NULL, 'ok_nok', true, 2, 1, NULL) ON CONFLICT DO NOTHING;
INSERT INTO "public"."template_items" ("id", "template_id", "section_id", "question", "guidance", "response_type", "required", "weight", "order_index", "options") VALUES ('cc02427d-85de-463b-acca-498be3672591', '54265d9c-5182-49fe-a557-0fe18ddc76b0', 'e7b39184-512f-4cce-9292-b921d0ef05ad', 'Os estoques em processo (WIP) estão dentro dos limites definidos?', NULL, 'ok_nok', true, 2, 2, NULL) ON CONFLICT DO NOTHING;
INSERT INTO "public"."template_items" ("id", "template_id", "section_id", "question", "guidance", "response_type", "required", "weight", "order_index", "options") VALUES ('66d990f9-0f0b-41f3-873d-cb3ac402ba3f', '54265d9c-5182-49fe-a557-0fe18ddc76b0', 'e7b39184-512f-4cce-9292-b921d0ef05ad', 'A programação de produção está sendo cumprida dentro do desvio aceitável?', NULL, 'ok_nok', true, 2, 3, NULL) ON CONFLICT DO NOTHING;
INSERT INTO "public"."template_items" ("id", "template_id", "section_id", "question", "guidance", "response_type", "required", "weight", "order_index", "options") VALUES ('b02d74a6-5ef5-48f7-813b-0de8b1d44d90', '54265d9c-5182-49fe-a557-0fe18ddc76b0', 'e7b39184-512f-4cce-9292-b921d0ef05ad', 'Avaliação geral do nível de maturidade do sistema LPA nesta área:', NULL, 'scale_1_5', true, 3, 4, NULL) ON CONFLICT DO NOTHING;
INSERT INTO "public"."template_items" ("id", "template_id", "section_id", "question", "guidance", "response_type", "required", "weight", "order_index", "options") VALUES ('73f58201-d494-4465-8963-b4fd5c49e23b', 'a3b23b96-6661-48f7-a3ba-36049fa9959b', 'eb836a51-1df1-46c9-857a-0962e59d6b6e', 'Os resíduos estão sendo segregados na fonte conforme o PGRS?', NULL, 'ok_nok', true, 3, 0, NULL) ON CONFLICT DO NOTHING;
INSERT INTO "public"."template_items" ("id", "template_id", "section_id", "question", "guidance", "response_type", "required", "weight", "order_index", "options") VALUES ('45cb50ce-790f-4836-a031-ef0dec0cf965', 'a3b23b96-6661-48f7-a3ba-36049fa9959b', 'eb836a51-1df1-46c9-857a-0962e59d6b6e', 'Os coletores estão identificados com a cor correta (CONAMA 275)?', 'Azul=papel, verde=vidro, amarelo=metal, vermelho=plástico, laranja=perigoso, cinza=não reciclável.', 'ok_nok', true, 2, 1, NULL) ON CONFLICT DO NOTHING;
INSERT INTO "public"."template_items" ("id", "template_id", "section_id", "question", "guidance", "response_type", "required", "weight", "order_index", "options") VALUES ('c0758816-8887-444d-a913-9d5111e1707a', 'a3b23b96-6661-48f7-a3ba-36049fa9959b', 'eb836a51-1df1-46c9-857a-0962e59d6b6e', 'Os resíduos perigosos (classe I) estão identificados com símbolo de risco e GHS?', NULL, 'ok_nok', true, 3, 2, NULL) ON CONFLICT DO NOTHING;
INSERT INTO "public"."template_items" ("id", "template_id", "section_id", "question", "guidance", "response_type", "required", "weight", "order_index", "options") VALUES ('096ef80a-4cc3-4447-ac0c-7c65e88a011b', 'a3b23b96-6661-48f7-a3ba-36049fa9959b', 'eb836a51-1df1-46c9-857a-0962e59d6b6e', 'Os colaboradores foram treinados para a correta segregação de resíduos?', NULL, 'yes_no', true, 2, 3, NULL) ON CONFLICT DO NOTHING;
INSERT INTO "public"."template_items" ("id", "template_id", "section_id", "question", "guidance", "response_type", "required", "weight", "order_index", "options") VALUES ('8b464fbd-eafc-422f-9f70-fa4102e97540', 'a3b23b96-6661-48f7-a3ba-36049fa9959b', 'eb836a51-1df1-46c9-857a-0962e59d6b6e', 'Não há contaminação cruzada entre tipos de resíduos nos coletores?', NULL, 'ok_nok', true, 2, 4, NULL) ON CONFLICT DO NOTHING;
INSERT INTO "public"."template_items" ("id", "template_id", "section_id", "question", "guidance", "response_type", "required", "weight", "order_index", "options") VALUES ('710df55c-84e7-4b6d-83aa-de2779f853af', 'a3b23b96-6661-48f7-a3ba-36049fa9959b', 'b2a9daa3-624d-4af0-b04c-23f7e8a69662', 'O abrigo de armazenamento temporário de resíduos está identificado e organizado?', NULL, 'ok_nok', true, 2, 0, NULL) ON CONFLICT DO NOTHING;
INSERT INTO "public"."template_items" ("id", "template_id", "section_id", "question", "guidance", "response_type", "required", "weight", "order_index", "options") VALUES ('73d5723d-08b4-42f4-809e-64448418ce1e', 'a3b23b96-6661-48f7-a3ba-36049fa9959b', 'b2a9daa3-624d-4af0-b04c-23f7e8a69662', 'O prazo máximo de armazenamento de resíduos perigosos (1 ano) está sendo respeitado?', NULL, 'ok_nok', true, 3, 1, NULL) ON CONFLICT DO NOTHING;
INSERT INTO "public"."template_items" ("id", "template_id", "section_id", "question", "guidance", "response_type", "required", "weight", "order_index", "options") VALUES ('52cb9446-cc2e-4a61-97a4-33d464161bef', 'a3b23b96-6661-48f7-a3ba-36049fa9959b', 'b2a9daa3-624d-4af0-b04c-23f7e8a69662', 'A área está impermeabilizada com sistema de contenção de vazamentos?', NULL, 'ok_nok', true, 3, 2, NULL) ON CONFLICT DO NOTHING;
INSERT INTO "public"."template_items" ("id", "template_id", "section_id", "question", "guidance", "response_type", "required", "weight", "order_index", "options") VALUES ('43d80cb3-9378-42f5-8cff-504f5b142aab', 'a3b23b96-6661-48f7-a3ba-36049fa9959b', 'b2a9daa3-624d-4af0-b04c-23f7e8a69662', 'O acesso ao abrigo de resíduos é restrito e controlado?', NULL, 'ok_nok', false, 1, 3, NULL) ON CONFLICT DO NOTHING;
INSERT INTO "public"."template_items" ("id", "template_id", "section_id", "question", "guidance", "response_type", "required", "weight", "order_index", "options") VALUES ('7f139c7c-ff4b-49af-9b6d-0fd31dd459d9', 'a3b23b96-6661-48f7-a3ba-36049fa9959b', '4e164adf-5398-45d7-abb4-a030bfe7b038', 'Os resíduos são enviados a destinadores licenciados pelo órgão ambiental competente?', NULL, 'ok_nok', true, 3, 0, NULL) ON CONFLICT DO NOTHING;
INSERT INTO "public"."template_items" ("id", "template_id", "section_id", "question", "guidance", "response_type", "required", "weight", "order_index", "options") VALUES ('ca1080ee-542f-49a2-a785-0d3a0c3aee0c', 'a3b23b96-6661-48f7-a3ba-36049fa9959b', '4e164adf-5398-45d7-abb4-a030bfe7b038', 'Os Manifestos de Transporte de Resíduos (MTR) estão sendo emitidos e arquivados?', NULL, 'ok_nok', true, 3, 1, NULL) ON CONFLICT DO NOTHING;
INSERT INTO "public"."template_items" ("id", "template_id", "section_id", "question", "guidance", "response_type", "required", "weight", "order_index", "options") VALUES ('01b0cc0f-f780-4bee-852d-b676b8900374', 'a3b23b96-6661-48f7-a3ba-36049fa9959b', '4e164adf-5398-45d7-abb4-a030bfe7b038', 'Os Certificados de Destinação Final (CDF) estão disponíveis e arquivados?', NULL, 'ok_nok', true, 2, 2, NULL) ON CONFLICT DO NOTHING;
INSERT INTO "public"."template_items" ("id", "template_id", "section_id", "question", "guidance", "response_type", "required", "weight", "order_index", "options") VALUES ('3b9b96c1-64fe-4fdc-9281-7e7b542d48f2', 'a3b23b96-6661-48f7-a3ba-36049fa9959b', '4e164adf-5398-45d7-abb4-a030bfe7b038', 'O inventário de resíduos (tipo, quantidade, destinador) está atualizado?', NULL, 'ok_nok', true, 2, 3, NULL) ON CONFLICT DO NOTHING;
INSERT INTO "public"."template_items" ("id", "template_id", "section_id", "question", "guidance", "response_type", "required", "weight", "order_index", "options") VALUES ('4df560ef-52b6-4bc6-b2fc-035456979bb4', '6f554e59-b04a-49b6-9814-01d8bfdc7fbc', '541ef7fb-a2d4-48a4-af9a-35808aeae13b', 'As fontes de emissão estão identificadas no inventário de emissões da empresa?', NULL, 'ok_nok', true, 2, 0, NULL) ON CONFLICT DO NOTHING;
INSERT INTO "public"."template_items" ("id", "template_id", "section_id", "question", "guidance", "response_type", "required", "weight", "order_index", "options") VALUES ('160a58f2-ec97-4911-8b64-602a2c5fba15', '6f554e59-b04a-49b6-9814-01d8bfdc7fbc', '541ef7fb-a2d4-48a4-af9a-35808aeae13b', 'As medições de emissões estão sendo realizadas na periodicidade legal?', NULL, 'ok_nok', true, 3, 1, NULL) ON CONFLICT DO NOTHING;
INSERT INTO "public"."template_items" ("id", "template_id", "section_id", "question", "guidance", "response_type", "required", "weight", "order_index", "options") VALUES ('a9448c89-3019-4b46-86cc-4a836f41bf00', '6f554e59-b04a-49b6-9814-01d8bfdc7fbc', '541ef7fb-a2d4-48a4-af9a-35808aeae13b', 'Os filtros/lavadores de gases estão em bom estado de funcionamento?', NULL, 'ok_nok', true, 2, 2, NULL) ON CONFLICT DO NOTHING;
INSERT INTO "public"."template_items" ("id", "template_id", "section_id", "question", "guidance", "response_type", "required", "weight", "order_index", "options") VALUES ('8af10be5-dd54-430f-b0cb-c2afb8406d32', '6f554e59-b04a-49b6-9814-01d8bfdc7fbc', '541ef7fb-a2d4-48a4-af9a-35808aeae13b', 'Os resultados das medições estão dentro dos padrões de emissão estabelecidos?', NULL, 'ok_nok', true, 3, 3, NULL) ON CONFLICT DO NOTHING;
INSERT INTO "public"."template_items" ("id", "template_id", "section_id", "question", "guidance", "response_type", "required", "weight", "order_index", "options") VALUES ('fdb76ff3-3913-4ce6-864b-e95b5723f559', '6f554e59-b04a-49b6-9814-01d8bfdc7fbc', '466ced76-3d75-420e-b559-2c3bb919027e', 'O tratamento de efluentes está em operação e dentro dos parâmetros?', NULL, 'ok_nok', true, 3, 0, NULL) ON CONFLICT DO NOTHING;
INSERT INTO "public"."template_items" ("id", "template_id", "section_id", "question", "guidance", "response_type", "required", "weight", "order_index", "options") VALUES ('f3fd3df0-1bf5-47c0-a795-231b492070a9', '6f554e59-b04a-49b6-9814-01d8bfdc7fbc', '466ced76-3d75-420e-b559-2c3bb919027e', 'Os laudos de análise de efluentes estão dentro do prazo e conformes?', NULL, 'ok_nok', true, 3, 1, NULL) ON CONFLICT DO NOTHING;
INSERT INTO "public"."template_items" ("id", "template_id", "section_id", "question", "guidance", "response_type", "required", "weight", "order_index", "options") VALUES ('d331638b-cb16-452f-bbf8-4146de8d5290', '6f554e59-b04a-49b6-9814-01d8bfdc7fbc', '466ced76-3d75-420e-b559-2c3bb919027e', 'Não há descarte irregular de efluentes ou produtos líquidos no ambiente?', NULL, 'ok_nok', true, 3, 2, NULL) ON CONFLICT DO NOTHING;
INSERT INTO "public"."template_items" ("id", "template_id", "section_id", "question", "guidance", "response_type", "required", "weight", "order_index", "options") VALUES ('092c7ab4-8367-4ccd-975f-66f36d42fac2', '6f554e59-b04a-49b6-9814-01d8bfdc7fbc', '466ced76-3d75-420e-b559-2c3bb919027e', 'O sistema de contenção de vazamentos (canaletas, caixas separadoras) está operacional?', NULL, 'ok_nok', true, 2, 3, NULL) ON CONFLICT DO NOTHING;
INSERT INTO "public"."template_items" ("id", "template_id", "section_id", "question", "guidance", "response_type", "required", "weight", "order_index", "options") VALUES ('6ccf9a6c-2b34-432d-9560-8a8a997bd8a7', '6f554e59-b04a-49b6-9814-01d8bfdc7fbc', '66b99f8c-97e4-427d-874f-5efc8d775e82', 'O consumo de água é monitorado mensalmente com metas estabelecidas?', NULL, 'ok_nok', true, 2, 0, NULL) ON CONFLICT DO NOTHING;
INSERT INTO "public"."template_items" ("id", "template_id", "section_id", "question", "guidance", "response_type", "required", "weight", "order_index", "options") VALUES ('0f80a0cb-4712-4471-98a6-4fc1cc5f703c', '6f554e59-b04a-49b6-9814-01d8bfdc7fbc', '66b99f8c-97e4-427d-874f-5efc8d775e82', 'O consumo de energia elétrica é monitorado e comparado às metas de redução?', NULL, 'ok_nok', true, 2, 1, NULL) ON CONFLICT DO NOTHING;
INSERT INTO "public"."template_items" ("id", "template_id", "section_id", "question", "guidance", "response_type", "required", "weight", "order_index", "options") VALUES ('e5d9e4bd-4aef-4e58-8250-fb685e7866de', '6f554e59-b04a-49b6-9814-01d8bfdc7fbc', '66b99f8c-97e4-427d-874f-5efc8d775e82', 'Existem programas ativos de conservação de água e energia?', NULL, 'yes_no', false, 2, 2, NULL) ON CONFLICT DO NOTHING;
INSERT INTO "public"."template_items" ("id", "template_id", "section_id", "question", "guidance", "response_type", "required", "weight", "order_index", "options") VALUES ('8cbd6c60-10f8-42df-a186-11bd63116582', '6f554e59-b04a-49b6-9814-01d8bfdc7fbc', '66b99f8c-97e4-427d-874f-5efc8d775e82', 'Vazamentos de água nas instalações foram identificados e corrigidos?', NULL, 'ok_nok', true, 2, 3, NULL) ON CONFLICT DO NOTHING;
INSERT INTO "public"."template_items" ("id", "template_id", "section_id", "question", "guidance", "response_type", "required", "weight", "order_index", "options") VALUES ('188563a7-2794-4fa0-b27d-cf016787d454', '6f554e59-b04a-49b6-9814-01d8bfdc7fbc', '66b99f8c-97e4-427d-874f-5efc8d775e82', 'Avaliação do desempenho ambiental geral da área (1=muito ruim, 5=excelente):', NULL, 'scale_1_5', true, 2, 4, NULL) ON CONFLICT DO NOTHING;
INSERT INTO "public"."template_items" ("id", "template_id", "section_id", "question", "guidance", "response_type", "required", "weight", "order_index", "options") VALUES ('fcf881a9-d25f-4a47-8c00-19daa6dbef79', '6f554e59-b04a-49b6-9814-01d8bfdc7fbc', 'fda9a9e5-aeb2-4fdc-993b-6d9eeadb5686', 'Os produtos químicos estão armazenados conforme as FISPQs?', NULL, 'ok_nok', true, 3, 0, NULL) ON CONFLICT DO NOTHING;
INSERT INTO "public"."template_items" ("id", "template_id", "section_id", "question", "guidance", "response_type", "required", "weight", "order_index", "options") VALUES ('40213354-5199-4de0-9c8e-243033e7aa98', '6f554e59-b04a-49b6-9814-01d8bfdc7fbc', 'fda9a9e5-aeb2-4fdc-993b-6d9eeadb5686', 'As FISPQs estão disponíveis no local de armazenamento e de uso?', NULL, 'ok_nok', true, 2, 1, NULL) ON CONFLICT DO NOTHING;
INSERT INTO "public"."template_items" ("id", "template_id", "section_id", "question", "guidance", "response_type", "required", "weight", "order_index", "options") VALUES ('bed27712-5f96-4c6d-b19d-e54daf360a04', '6f554e59-b04a-49b6-9814-01d8bfdc7fbc', 'fda9a9e5-aeb2-4fdc-993b-6d9eeadb5686', 'Produtos incompatíveis estão segregados fisicamente (ácidos x bases, oxidantes x inflamáveis)?', NULL, 'ok_nok', true, 3, 2, NULL) ON CONFLICT DO NOTHING;
INSERT INTO "public"."template_items" ("id", "template_id", "section_id", "question", "guidance", "response_type", "required", "weight", "order_index", "options") VALUES ('330bc456-4f85-44a8-bc57-c565a917d2e5', '6f554e59-b04a-49b6-9814-01d8bfdc7fbc', 'fda9a9e5-aeb2-4fdc-993b-6d9eeadb5686', 'O estoque de produtos químicos é controlado por inventário atualizado?', NULL, 'ok_nok', true, 2, 3, NULL) ON CONFLICT DO NOTHING;
INSERT INTO "public"."template_items" ("id", "template_id", "section_id", "question", "guidance", "response_type", "required", "weight", "order_index", "options") VALUES ('c5484d78-b797-44b4-bf3b-4fbd7ca3b6a2', '20e8f7f8-61b7-42e3-b85e-04baa0e5e0f7', '4bdcfcbb-aec8-4d38-a04e-8814713796f2', 'A Instrução de Trabalho (IT) está disponível no ponto de uso e na versão atual?', NULL, 'ok_nok', true, 3, 0, NULL) ON CONFLICT DO NOTHING;
INSERT INTO "public"."template_items" ("id", "template_id", "section_id", "question", "guidance", "response_type", "required", "weight", "order_index", "options") VALUES ('0c632e13-cc88-49c5-bb54-579c120f6870', '20e8f7f8-61b7-42e3-b85e-04baa0e5e0f7', '4bdcfcbb-aec8-4d38-a04e-8814713796f2', 'A IT contém fotos/imagens claras das etapas críticas do processo?', NULL, 'ok_nok', true, 2, 1, NULL) ON CONFLICT DO NOTHING;
INSERT INTO "public"."template_items" ("id", "template_id", "section_id", "question", "guidance", "response_type", "required", "weight", "order_index", "options") VALUES ('d323c2d8-394c-4c20-9bab-31fd4c1f6832', '20e8f7f8-61b7-42e3-b85e-04baa0e5e0f7', '4bdcfcbb-aec8-4d38-a04e-8814713796f2', 'Os parâmetros críticos do processo (limites de controle) estão descritos na IT?', NULL, 'ok_nok', true, 3, 2, NULL) ON CONFLICT DO NOTHING;
INSERT INTO "public"."template_items" ("id", "template_id", "section_id", "question", "guidance", "response_type", "required", "weight", "order_index", "options") VALUES ('74301819-2ea3-46d6-88ad-f3e88bd9bfd1', '20e8f7f8-61b7-42e3-b85e-04baa0e5e0f7', '4bdcfcbb-aec8-4d38-a04e-8814713796f2', 'O folheto de trabalho padronizado (Takt Time, WIP padrão, sequência) está atualizado?', NULL, 'ok_nok', false, 2, 3, NULL) ON CONFLICT DO NOTHING;
INSERT INTO "public"."template_items" ("id", "template_id", "section_id", "question", "guidance", "response_type", "required", "weight", "order_index", "options") VALUES ('66dbaf85-99af-410c-bbe8-b16564934110', '20e8f7f8-61b7-42e3-b85e-04baa0e5e0f7', '4bdcfcbb-aec8-4d38-a04e-8814713796f2', 'Existe plano de aprovação para alterações nas ITs (controle de mudanças)?', NULL, 'ok_nok', true, 2, 4, NULL) ON CONFLICT DO NOTHING;
INSERT INTO "public"."template_items" ("id", "template_id", "section_id", "question", "guidance", "response_type", "required", "weight", "order_index", "options") VALUES ('cb0e8403-b2a8-472d-9125-c6b00c4b61f1', '20e8f7f8-61b7-42e3-b85e-04baa0e5e0f7', '830b1430-611e-4681-94e1-1c3aa9da3593', 'O operador executa as etapas na sequência definida pela IT?', 'Observar a execução por pelo menos 5 minutos e comparar com a IT.', 'ok_nok', true, 3, 0, NULL) ON CONFLICT DO NOTHING;
INSERT INTO "public"."template_items" ("id", "template_id", "section_id", "question", "guidance", "response_type", "required", "weight", "order_index", "options") VALUES ('744ceb75-b97e-47bc-a26d-528f34de9aa4', '20e8f7f8-61b7-42e3-b85e-04baa0e5e0f7', '830b1430-611e-4681-94e1-1c3aa9da3593', 'O tempo de ciclo real está próximo ao tempo de ciclo padrão definido?', NULL, 'ok_nok', true, 2, 1, NULL) ON CONFLICT DO NOTHING;
INSERT INTO "public"."template_items" ("id", "template_id", "section_id", "question", "guidance", "response_type", "required", "weight", "order_index", "options") VALUES ('f32256d5-c039-402f-8fe2-f0ca44e33339', '20e8f7f8-61b7-42e3-b85e-04baa0e5e0f7', '830b1430-611e-4681-94e1-1c3aa9da3593', 'Os torques, medidas e parâmetros de processo são verificados conforme especificado?', NULL, 'ok_nok', true, 3, 2, NULL) ON CONFLICT DO NOTHING;
INSERT INTO "public"."template_items" ("id", "template_id", "section_id", "question", "guidance", "response_type", "required", "weight", "order_index", "options") VALUES ('c7de0042-9c78-40f3-b5ae-3757b0064475', '20e8f7f8-61b7-42e3-b85e-04baa0e5e0f7', '830b1430-611e-4681-94e1-1c3aa9da3593', 'O WIP está dentro dos limites definidos pelo padrão?', NULL, 'ok_nok', true, 2, 3, NULL) ON CONFLICT DO NOTHING;
INSERT INTO "public"."template_items" ("id", "template_id", "section_id", "question", "guidance", "response_type", "required", "weight", "order_index", "options") VALUES ('455deb1a-dd8f-442b-9f4d-3bc9f0284f53', '20e8f7f8-61b7-42e3-b85e-04baa0e5e0f7', '830b1430-611e-4681-94e1-1c3aa9da3593', 'Percentual de conformidade da execução com o trabalho padronizado:', NULL, 'percentage', true, 3, 4, NULL) ON CONFLICT DO NOTHING;
INSERT INTO "public"."template_items" ("id", "template_id", "section_id", "question", "guidance", "response_type", "required", "weight", "order_index", "options") VALUES ('77030a40-e57e-4fd5-a61d-3733db0ffc3c', '20e8f7f8-61b7-42e3-b85e-04baa0e5e0f7', '88cfa14a-fdc8-4257-860b-c0d11f3337e1', 'Os instrumentos e dispositivos de controle estão funcionando corretamente?', NULL, 'ok_nok', true, 3, 0, NULL) ON CONFLICT DO NOTHING;
INSERT INTO "public"."template_items" ("id", "template_id", "section_id", "question", "guidance", "response_type", "required", "weight", "order_index", "options") VALUES ('f304929b-bddf-40c4-9362-305570ef2379', '20e8f7f8-61b7-42e3-b85e-04baa0e5e0f7', '88cfa14a-fdc8-4257-860b-c0d11f3337e1', 'Os poka-yokes e sistemas à prova de erro foram testados no início do turno?', NULL, 'ok_nok', true, 3, 1, NULL) ON CONFLICT DO NOTHING;
INSERT INTO "public"."template_items" ("id", "template_id", "section_id", "question", "guidance", "response_type", "required", "weight", "order_index", "options") VALUES ('04cbc0f5-5d5e-4092-8ecc-d55ebb9071c1', '20e8f7f8-61b7-42e3-b85e-04baa0e5e0f7', '88cfa14a-fdc8-4257-860b-c0d11f3337e1', 'As anormalidades de processo são reportadas imediatamente ao líder?', NULL, 'yes_no', true, 2, 2, NULL) ON CONFLICT DO NOTHING;
INSERT INTO "public"."template_items" ("id", "template_id", "section_id", "question", "guidance", "response_type", "required", "weight", "order_index", "options") VALUES ('bfdbf3d4-a504-49c5-9216-66ecd225fb9a', '20e8f7f8-61b7-42e3-b85e-04baa0e5e0f7', '88cfa14a-fdc8-4257-860b-c0d11f3337e1', 'O sistema de gestão visual (andons, quadros de produção) está atualizado?', NULL, 'ok_nok', false, 1, 3, NULL) ON CONFLICT DO NOTHING;
INSERT INTO "public"."template_items" ("id", "template_id", "section_id", "question", "guidance", "response_type", "required", "weight", "order_index", "options") VALUES ('d49eb751-14f9-4155-9887-3d89f71eec63', '20e8f7f8-61b7-42e3-b85e-04baa0e5e0f7', 'b85988b9-63fc-4769-bac0-ccdc73a506e0', 'O operador foi treinado e está qualificado para este processo (TWI/OJT)?', NULL, 'ok_nok', true, 2, 0, NULL) ON CONFLICT DO NOTHING;
INSERT INTO "public"."template_items" ("id", "template_id", "section_id", "question", "guidance", "response_type", "required", "weight", "order_index", "options") VALUES ('4ef4f9f1-65b6-4f50-bfee-1716f82e9fad', '20e8f7f8-61b7-42e3-b85e-04baa0e5e0f7', 'b85988b9-63fc-4769-bac0-ccdc73a506e0', 'O registro de treinamento na IT está atualizado com assinatura do operador e instrutor?', NULL, 'ok_nok', true, 2, 1, NULL) ON CONFLICT DO NOTHING;
INSERT INTO "public"."template_items" ("id", "template_id", "section_id", "question", "guidance", "response_type", "required", "weight", "order_index", "options") VALUES ('2c6a3c04-5fa2-47f5-befe-0156f416af65', '20e8f7f8-61b7-42e3-b85e-04baa0e5e0f7', 'b85988b9-63fc-4769-bac0-ccdc73a506e0', 'Em caso de novo operador, foi realizado acompanhamento com operador experiente?', NULL, 'yes_no', false, 2, 2, NULL) ON CONFLICT DO NOTHING;
INSERT INTO "public"."template_items" ("id", "template_id", "section_id", "question", "guidance", "response_type", "required", "weight", "order_index", "options") VALUES ('f0f2290e-4e83-4b42-a360-30b5a711a063', '20e8f7f8-61b7-42e3-b85e-04baa0e5e0f7', 'b85988b9-63fc-4769-bac0-ccdc73a506e0', 'O operador consegue explicar as etapas críticas e os pontos de controle do processo?', 'Verificar verbalmente com o operador.', 'yes_no', true, 2, 3, NULL) ON CONFLICT DO NOTHING;
INSERT INTO "public"."template_items" ("id", "template_id", "section_id", "question", "guidance", "response_type", "required", "weight", "order_index", "options") VALUES ('e477fc6d-c1c3-4cbf-9df1-fe22fa8cabfe', '4a933e53-5f97-4e83-a45a-ff830ce971d0', 'be230714-7252-450e-ab96-bfd68e67bce1', 'O kit de setup (ferramentas, gabaritos, documentos) foi preparado antes da parada?', 'Verificar se atividades externas foram realizadas com a máquina ainda produzindo.', 'ok_nok', true, 2, 0, NULL) ON CONFLICT DO NOTHING;
INSERT INTO "public"."template_items" ("id", "template_id", "section_id", "question", "guidance", "response_type", "required", "weight", "order_index", "options") VALUES ('fcf76b3c-86e2-4ef9-9891-a344fcf48659', '4a933e53-5f97-4e83-a45a-ff830ce971d0', 'be230714-7252-450e-ab96-bfd68e67bce1', 'A ordem de produção e especificações do próximo produto estão disponíveis?', NULL, 'ok_nok', true, 2, 1, NULL) ON CONFLICT DO NOTHING;
INSERT INTO "public"."template_items" ("id", "template_id", "section_id", "question", "guidance", "response_type", "required", "weight", "order_index", "options") VALUES ('226a01ff-9d99-47f6-864c-2f398f08c2c5', '4a933e53-5f97-4e83-a45a-ff830ce971d0', 'be230714-7252-450e-ab96-bfd68e67bce1', 'O procedimento de setup está disponível e na versão atual?', NULL, 'ok_nok', true, 2, 2, NULL) ON CONFLICT DO NOTHING;
INSERT INTO "public"."template_items" ("id", "template_id", "section_id", "question", "guidance", "response_type", "required", "weight", "order_index", "options") VALUES ('d8f7bb29-57bf-4fe2-8632-14bd40e11a2d', '4a933e53-5f97-4e83-a45a-ff830ce971d0', 'be230714-7252-450e-ab96-bfd68e67bce1', 'As atividades externas do setup foram separadas corretamente das internas?', NULL, 'ok_nok', false, 2, 3, NULL) ON CONFLICT DO NOTHING;
INSERT INTO "public"."template_items" ("id", "template_id", "section_id", "question", "guidance", "response_type", "required", "weight", "order_index", "options") VALUES ('23755ac3-e896-45bb-af74-7752dc42ee7d', '4a933e53-5f97-4e83-a45a-ff830ce971d0', '29528707-74d0-4c47-bb42-63ac7f874bc3', 'O operador segue a sequência de setup definida no procedimento?', NULL, 'ok_nok', true, 3, 0, NULL) ON CONFLICT DO NOTHING;
INSERT INTO "public"."template_items" ("id", "template_id", "section_id", "question", "guidance", "response_type", "required", "weight", "order_index", "options") VALUES ('dcdae638-b03d-45d8-a3c0-7984c90d21f5', '4a933e53-5f97-4e83-a45a-ff830ce971d0', '29528707-74d0-4c47-bb42-63ac7f874bc3', 'As regulagens e parâmetros são ajustados conforme a tabela de setup?', NULL, 'ok_nok', true, 3, 1, NULL) ON CONFLICT DO NOTHING;
INSERT INTO "public"."template_items" ("id", "template_id", "section_id", "question", "guidance", "response_type", "required", "weight", "order_index", "options") VALUES ('f262f704-3a19-412d-9a01-1fba8608f6a4', '4a933e53-5f97-4e83-a45a-ff830ce971d0', '29528707-74d0-4c47-bb42-63ac7f874bc3', 'Ferramentas e gabaritos estão em boas condições e no tamanho correto?', NULL, 'ok_nok', true, 2, 2, NULL) ON CONFLICT DO NOTHING;
INSERT INTO "public"."template_items" ("id", "template_id", "section_id", "question", "guidance", "response_type", "required", "weight", "order_index", "options") VALUES ('a8984620-0eb3-4e51-93c2-9f45cc80dc94', '4a933e53-5f97-4e83-a45a-ff830ce971d0', '29528707-74d0-4c47-bb42-63ac7f874bc3', 'Todos os torques e fixações foram realizados conforme as especificações?', NULL, 'ok_nok', true, 3, 3, NULL) ON CONFLICT DO NOTHING;
INSERT INTO "public"."template_items" ("id", "template_id", "section_id", "question", "guidance", "response_type", "required", "weight", "order_index", "options") VALUES ('f83be87f-84b0-4afc-9c8c-649c77eef401', '4a933e53-5f97-4e83-a45a-ff830ce971d0', '29528707-74d0-4c47-bb42-63ac7f874bc3', 'O tempo de setup está sendo cronometrado e registrado?', NULL, 'yes_no', true, 2, 4, NULL) ON CONFLICT DO NOTHING;
INSERT INTO "public"."template_items" ("id", "template_id", "section_id", "question", "guidance", "response_type", "required", "weight", "order_index", "options") VALUES ('72b76954-9505-46ba-9bc1-e8defeba2e5b', '4a933e53-5f97-4e83-a45a-ff830ce971d0', '0b6c0bf9-77c1-4b7f-a930-348e69a2b1ac', 'A peça inicial (first piece) foi produzida e aprovada antes de liberar a produção?', NULL, 'ok_nok', true, 3, 0, NULL) ON CONFLICT DO NOTHING;
INSERT INTO "public"."template_items" ("id", "template_id", "section_id", "question", "guidance", "response_type", "required", "weight", "order_index", "options") VALUES ('f22d9fed-003f-4b9d-abf6-c2144c738974', '4a933e53-5f97-4e83-a45a-ff830ce971d0', '0b6c0bf9-77c1-4b7f-a930-348e69a2b1ac', 'A aprovação do first piece foi registrada com assinatura e horário?', NULL, 'ok_nok', true, 2, 1, NULL) ON CONFLICT DO NOTHING;
INSERT INTO "public"."template_items" ("id", "template_id", "section_id", "question", "guidance", "response_type", "required", "weight", "order_index", "options") VALUES ('ea491eb9-a04f-4c5e-a194-ff0afcb07d55', '4a933e53-5f97-4e83-a45a-ff830ce971d0', '0b6c0bf9-77c1-4b7f-a930-348e69a2b1ac', 'Os parâmetros do processo após o setup estão dentro dos limites de controle?', NULL, 'ok_nok', true, 3, 2, NULL) ON CONFLICT DO NOTHING;
INSERT INTO "public"."template_items" ("id", "template_id", "section_id", "question", "guidance", "response_type", "required", "weight", "order_index", "options") VALUES ('ffbfef05-9799-41a9-a9d5-03150277ce2b', '4a933e53-5f97-4e83-a45a-ff830ce971d0', '0b6c0bf9-77c1-4b7f-a930-348e69a2b1ac', 'A área foi limpa e organizada após o setup?', NULL, 'ok_nok', true, 1, 3, NULL) ON CONFLICT DO NOTHING;
INSERT INTO "public"."template_items" ("id", "template_id", "section_id", "question", "guidance", "response_type", "required", "weight", "order_index", "options") VALUES ('0814a947-a37c-4725-a9fd-eadb9092d1ab', '4a933e53-5f97-4e83-a45a-ff830ce971d0', '0b6c0bf9-77c1-4b7f-a930-348e69a2b1ac', 'O material do produto anterior foi removido ou segregado corretamente?', NULL, 'ok_nok', true, 2, 4, NULL) ON CONFLICT DO NOTHING;
INSERT INTO "public"."template_items" ("id", "template_id", "section_id", "question", "guidance", "response_type", "required", "weight", "order_index", "options") VALUES ('b2310d37-89c2-4aaa-99d1-bdda70e2634a', '4a933e53-5f97-4e83-a45a-ff830ce971d0', '0ce06794-521f-4749-b7f6-b4193bdcfc49', 'O tempo total de setup foi registrado no sistema ou formulário padrão?', NULL, 'ok_nok', true, 2, 0, NULL) ON CONFLICT DO NOTHING;
INSERT INTO "public"."template_items" ("id", "template_id", "section_id", "question", "guidance", "response_type", "required", "weight", "order_index", "options") VALUES ('d3c46214-011e-4ed9-b760-77530b10a607', '4a933e53-5f97-4e83-a45a-ff830ce971d0', '0ce06794-521f-4749-b7f6-b4193bdcfc49', 'O tempo de setup está dentro da meta estabelecida (SMED)?', NULL, 'ok_nok', true, 2, 1, NULL) ON CONFLICT DO NOTHING;
INSERT INTO "public"."template_items" ("id", "template_id", "section_id", "question", "guidance", "response_type", "required", "weight", "order_index", "options") VALUES ('1e7db3fc-4da9-41b6-9954-e8c7bf00768a', '4a933e53-5f97-4e83-a45a-ff830ce971d0', '0ce06794-521f-4749-b7f6-b4193bdcfc49', 'Desvios e dificuldades do setup foram registrados para análise de melhoria?', NULL, 'ok_nok', false, 1, 2, NULL) ON CONFLICT DO NOTHING;
INSERT INTO "public"."template_items" ("id", "template_id", "section_id", "question", "guidance", "response_type", "required", "weight", "order_index", "options") VALUES ('50aaf0fd-64e0-4b38-ad8a-a3b1d00b9a80', '4a933e53-5f97-4e83-a45a-ff830ce971d0', '0ce06794-521f-4749-b7f6-b4193bdcfc49', 'Avaliação do setup realizado (1=muito ruim, 5=excelente):', NULL, 'scale_1_5', true, 2, 3, NULL) ON CONFLICT DO NOTHING;
INSERT INTO "public"."template_items" ("id", "template_id", "section_id", "question", "guidance", "response_type", "required", "weight", "order_index", "options") VALUES ('f5259260-aa71-45d2-b87e-d79dca0d10c0', 'a31f837e-3534-4f9b-9d69-c8c9bd2e368d', 'd4ac9dda-3352-46e9-81e2-edf28e8bd8d5', 'O produto está isento de defeitos visuais (trincas, rebarbas, amassados, riscos)?', NULL, 'ok_nok', true, 3, 0, NULL) ON CONFLICT DO NOTHING;
INSERT INTO "public"."template_items" ("id", "template_id", "section_id", "question", "guidance", "response_type", "required", "weight", "order_index", "options") VALUES ('806f8e4d-85b4-42b9-aa06-52f71f0b6db2', 'a31f837e-3534-4f9b-9d69-c8c9bd2e368d', 'd4ac9dda-3352-46e9-81e2-edf28e8bd8d5', 'O acabamento superficial está dentro do especificado no desenho ou padrão visual?', NULL, 'ok_nok', true, 2, 1, NULL) ON CONFLICT DO NOTHING;
INSERT INTO "public"."template_items" ("id", "template_id", "section_id", "question", "guidance", "response_type", "required", "weight", "order_index", "options") VALUES ('fa85d314-38c3-45c5-b802-453987fc85a0', 'a31f837e-3534-4f9b-9d69-c8c9bd2e368d', 'd4ac9dda-3352-46e9-81e2-edf28e8bd8d5', 'A cor, textura e aspecto geral estão conformes com a amostra padrão aprovada?', NULL, 'ok_nok', false, 2, 2, NULL) ON CONFLICT DO NOTHING;
INSERT INTO "public"."template_items" ("id", "template_id", "section_id", "question", "guidance", "response_type", "required", "weight", "order_index", "options") VALUES ('fc5474ee-9e16-43e2-a1e4-124e3e9be313', 'a31f837e-3534-4f9b-9d69-c8c9bd2e368d', 'd4ac9dda-3352-46e9-81e2-edf28e8bd8d5', 'A montagem e encaixe de componentes estão corretos e sem folgas excessivas?', NULL, 'ok_nok', true, 2, 3, NULL) ON CONFLICT DO NOTHING;
INSERT INTO "public"."template_items" ("id", "template_id", "section_id", "question", "guidance", "response_type", "required", "weight", "order_index", "options") VALUES ('d4540d14-dc72-40d3-9c41-2e87f7d6dede', 'a31f837e-3534-4f9b-9d69-c8c9bd2e368d', 'd4ac9dda-3352-46e9-81e2-edf28e8bd8d5', 'O produto está limpo, sem óleo, pó ou resíduos de processo?', NULL, 'ok_nok', true, 1, 4, NULL) ON CONFLICT DO NOTHING;
INSERT INTO "public"."template_items" ("id", "template_id", "section_id", "question", "guidance", "response_type", "required", "weight", "order_index", "options") VALUES ('e4b9dbd4-9146-4906-82cf-d56e11de8852', 'a31f837e-3534-4f9b-9d69-c8c9bd2e368d', 'b8a655aa-8c6d-4e37-8bfb-1a3731e762f7', 'As dimensões críticas foram medidas com instrumento adequado e calibrado?', NULL, 'ok_nok', true, 3, 0, NULL) ON CONFLICT DO NOTHING;
INSERT INTO "public"."template_items" ("id", "template_id", "section_id", "question", "guidance", "response_type", "required", "weight", "order_index", "options") VALUES ('14b4dff8-02f5-4e58-8f17-ed0893219792', 'a31f837e-3534-4f9b-9d69-c8c9bd2e368d', 'b8a655aa-8c6d-4e37-8bfb-1a3731e762f7', 'Os resultados das medições estão dentro das tolerâncias especificadas no desenho?', NULL, 'ok_nok', true, 3, 1, NULL) ON CONFLICT DO NOTHING;
INSERT INTO "public"."template_items" ("id", "template_id", "section_id", "question", "guidance", "response_type", "required", "weight", "order_index", "options") VALUES ('865eb3df-e97a-4135-8a29-b2be033af197', 'a31f837e-3534-4f9b-9d69-c8c9bd2e368d', 'b8a655aa-8c6d-4e37-8bfb-1a3731e762f7', 'As características especiais (CC/SC) foram todas inspecionadas e conformes?', NULL, 'ok_nok', true, 3, 2, NULL) ON CONFLICT DO NOTHING;
INSERT INTO "public"."template_items" ("id", "template_id", "section_id", "question", "guidance", "response_type", "required", "weight", "order_index", "options") VALUES ('99f2316f-c561-444d-a5c4-e95c5bb5a553', 'a31f837e-3534-4f9b-9d69-c8c9bd2e368d', 'b8a655aa-8c6d-4e37-8bfb-1a3731e762f7', 'Percentual de conformidade dimensional do lote inspecionado:', NULL, 'percentage', true, 2, 3, NULL) ON CONFLICT DO NOTHING;
INSERT INTO "public"."template_items" ("id", "template_id", "section_id", "question", "guidance", "response_type", "required", "weight", "order_index", "options") VALUES ('aa25cb77-a48f-4027-9b9b-78cb5b580b39', 'a31f837e-3534-4f9b-9d69-c8c9bd2e368d', 'b8a655aa-8c6d-4e37-8bfb-1a3731e762f7', 'Os registros das medições foram preenchidos corretamente no formulário de inspeção?', NULL, 'ok_nok', true, 2, 4, NULL) ON CONFLICT DO NOTHING;
INSERT INTO "public"."template_items" ("id", "template_id", "section_id", "question", "guidance", "response_type", "required", "weight", "order_index", "options") VALUES ('252112d6-fee5-483e-8b50-7a1357c0ce53', 'a31f837e-3534-4f9b-9d69-c8c9bd2e368d', '638be1d1-9fed-42ac-bf52-6b817bb75c6a', 'O produto possui etiqueta com número de peça, lote e data de fabricação?', NULL, 'ok_nok', true, 2, 0, NULL) ON CONFLICT DO NOTHING;
INSERT INTO "public"."template_items" ("id", "template_id", "section_id", "question", "guidance", "response_type", "required", "weight", "order_index", "options") VALUES ('d48b7e48-d5ba-4508-bdf4-f3e5820c97c7', 'a31f837e-3534-4f9b-9d69-c8c9bd2e368d', '638be1d1-9fed-42ac-bf52-6b817bb75c6a', 'É possível rastrear o produto até as matérias-primas e componentes utilizados?', NULL, 'yes_no', true, 3, 1, NULL) ON CONFLICT DO NOTHING;
INSERT INTO "public"."template_items" ("id", "template_id", "section_id", "question", "guidance", "response_type", "required", "weight", "order_index", "options") VALUES ('e264c86c-f429-4138-bd75-d382af71cba3', 'a31f837e-3534-4f9b-9d69-c8c9bd2e368d', '638be1d1-9fed-42ac-bf52-6b817bb75c6a', 'O certificado de conformidade ou relatório de inspeção foi emitido e está correto?', NULL, 'ok_nok', true, 2, 2, NULL) ON CONFLICT DO NOTHING;
INSERT INTO "public"."template_items" ("id", "template_id", "section_id", "question", "guidance", "response_type", "required", "weight", "order_index", "options") VALUES ('682f8553-4d29-4e6a-8c73-cb32376fc358', 'a31f837e-3534-4f9b-9d69-c8c9bd2e368d', '638be1d1-9fed-42ac-bf52-6b817bb75c6a', 'Os registros de inspeção estão arquivados pelo prazo mínimo exigido?', NULL, 'ok_nok', false, 1, 3, NULL) ON CONFLICT DO NOTHING;
INSERT INTO "public"."template_items" ("id", "template_id", "section_id", "question", "guidance", "response_type", "required", "weight", "order_index", "options") VALUES ('d983ce5b-f537-4b05-859a-b5f89766e7c3', 'a31f837e-3534-4f9b-9d69-c8c9bd2e368d', '56b49150-7f9d-47db-8bf1-afc911a9d06f', 'A embalagem está de acordo com as especificações técnicas de proteção do produto?', NULL, 'ok_nok', true, 2, 0, NULL) ON CONFLICT DO NOTHING;
INSERT INTO "public"."template_items" ("id", "template_id", "section_id", "question", "guidance", "response_type", "required", "weight", "order_index", "options") VALUES ('dceedf6e-368c-4568-87f9-9e38131be466', 'a31f837e-3534-4f9b-9d69-c8c9bd2e368d', '56b49150-7f9d-47db-8bf1-afc911a9d06f', 'A quantidade por embalagem está correta conforme o padrão de embalagem?', NULL, 'ok_nok', true, 2, 1, NULL) ON CONFLICT DO NOTHING;
INSERT INTO "public"."template_items" ("id", "template_id", "section_id", "question", "guidance", "response_type", "required", "weight", "order_index", "options") VALUES ('b10c7877-4af8-41cc-abc1-dd1d13eda715', 'a31f837e-3534-4f9b-9d69-c8c9bd2e368d', '56b49150-7f9d-47db-8bf1-afc911a9d06f', 'A etiqueta da embalagem possui todas as informações obrigatórias (código, quantidade, lote)?', NULL, 'ok_nok', true, 2, 2, NULL) ON CONFLICT DO NOTHING;
INSERT INTO "public"."template_items" ("id", "template_id", "section_id", "question", "guidance", "response_type", "required", "weight", "order_index", "options") VALUES ('1a6b7f0d-1bdf-415f-bb50-1d28983eec5b', 'a31f837e-3534-4f9b-9d69-c8c9bd2e368d', '56b49150-7f9d-47db-8bf1-afc911a9d06f', 'A liberação formal do lote foi dada pelo responsável de qualidade?', NULL, 'ok_nok', true, 3, 3, NULL) ON CONFLICT DO NOTHING;
INSERT INTO "public"."template_items" ("id", "template_id", "section_id", "question", "guidance", "response_type", "required", "weight", "order_index", "options") VALUES ('8ae29b06-de8a-4729-a5a6-a1cdffb14cc4', 'bbd68200-c05c-4664-8e7f-3cc10e1383a7', 'c1d9e98f-2044-4a32-a844-aa1c58d60598', 'O CEP está sendo aplicado nas características críticas de qualidade do processo?', NULL, 'ok_nok', true, 3, 0, NULL) ON CONFLICT DO NOTHING;
INSERT INTO "public"."template_items" ("id", "template_id", "section_id", "question", "guidance", "response_type", "required", "weight", "order_index", "options") VALUES ('cad64032-cdef-4ed3-8b97-c959f0339021', 'bbd68200-c05c-4664-8e7f-3cc10e1383a7', 'c1d9e98f-2044-4a32-a844-aa1c58d60598', 'As cartas de controle estão atualizadas e os operadores sabem interpretá-las?', NULL, 'ok_nok', true, 2, 1, NULL) ON CONFLICT DO NOTHING;
INSERT INTO "public"."template_items" ("id", "template_id", "section_id", "question", "guidance", "response_type", "required", "weight", "order_index", "options") VALUES ('d9c36910-34de-4e17-b5dd-953e4e6275b5', 'bbd68200-c05c-4664-8e7f-3cc10e1383a7', 'c1d9e98f-2044-4a32-a844-aa1c58d60598', 'O índice Cpk está acima de 1,33 para características especiais?', 'Verificar últimos cálculos de Cpk disponíveis.', 'ok_nok', true, 3, 2, NULL) ON CONFLICT DO NOTHING;
INSERT INTO "public"."template_items" ("id", "template_id", "section_id", "question", "guidance", "response_type", "required", "weight", "order_index", "options") VALUES ('cf9d503e-481f-4618-9a70-16dbd9d65f96', 'bbd68200-c05c-4664-8e7f-3cc10e1383a7', 'c1d9e98f-2044-4a32-a844-aa1c58d60598', 'Pontos fora de controle são imediatamente investigados e documentados?', NULL, 'ok_nok', true, 3, 3, NULL) ON CONFLICT DO NOTHING;
INSERT INTO "public"."template_items" ("id", "template_id", "section_id", "question", "guidance", "response_type", "required", "weight", "order_index", "options") VALUES ('fb25e485-8fad-40b4-83df-4d31a435d7eb', 'bbd68200-c05c-4664-8e7f-3cc10e1383a7', 'c1d9e98f-2044-4a32-a844-aa1c58d60598', 'Os dados do CEP são coletados conforme o plano de controle (frequência e amostragem)?', NULL, 'ok_nok', true, 2, 4, NULL) ON CONFLICT DO NOTHING;
INSERT INTO "public"."template_items" ("id", "template_id", "section_id", "question", "guidance", "response_type", "required", "weight", "order_index", "options") VALUES ('5d812b0e-9181-48f7-a037-0971115cc4cc', 'bbd68200-c05c-4664-8e7f-3cc10e1383a7', '45414af2-2d3e-4930-a661-ca06290c0954', 'Todos os instrumentos possuem etiqueta de calibração com validade vigente?', NULL, 'ok_nok', true, 3, 0, NULL) ON CONFLICT DO NOTHING;
INSERT INTO "public"."template_items" ("id", "template_id", "section_id", "question", "guidance", "response_type", "required", "weight", "order_index", "options") VALUES ('a038cee1-75a5-4935-8e41-a2431761a659', 'bbd68200-c05c-4664-8e7f-3cc10e1383a7', '45414af2-2d3e-4930-a661-ca06290c0954', 'O plano de calibração está sendo seguido com as periodicidades definidas?', NULL, 'ok_nok', true, 2, 1, NULL) ON CONFLICT DO NOTHING;
INSERT INTO "public"."template_items" ("id", "template_id", "section_id", "question", "guidance", "response_type", "required", "weight", "order_index", "options") VALUES ('13fe992d-b9e2-411a-95b1-828cddbfd11c', 'bbd68200-c05c-4664-8e7f-3cc10e1383a7', '45414af2-2d3e-4930-a661-ca06290c0954', 'Instrumentos com calibração vencida foram retirados de uso e identificados?', NULL, 'ok_nok', true, 3, 2, NULL) ON CONFLICT DO NOTHING;
INSERT INTO "public"."template_items" ("id", "template_id", "section_id", "question", "guidance", "response_type", "required", "weight", "order_index", "options") VALUES ('34cbaaaf-22e8-4d7c-8aba-0e2b7e19d78a', 'bbd68200-c05c-4664-8e7f-3cc10e1383a7', '45414af2-2d3e-4930-a661-ca06290c0954', 'O MSA (Análise dos Sistemas de Medição) foi realizado para instrumentos críticos?', NULL, 'yes_no', false, 2, 3, NULL) ON CONFLICT DO NOTHING;
INSERT INTO "public"."template_items" ("id", "template_id", "section_id", "question", "guidance", "response_type", "required", "weight", "order_index", "options") VALUES ('d4e2ff6c-1e65-49fc-b4b7-14e4393397fc', 'bbd68200-c05c-4664-8e7f-3cc10e1383a7', 'ff77dfc2-41af-4775-b50a-f67d43183461', 'Todos os poka-yokes e dispositivos à prova de erro foram verificados e estão funcionais?', NULL, 'ok_nok', true, 3, 0, NULL) ON CONFLICT DO NOTHING;
INSERT INTO "public"."template_items" ("id", "template_id", "section_id", "question", "guidance", "response_type", "required", "weight", "order_index", "options") VALUES ('af509247-0c48-4669-abe7-32e43b799f1b', 'bbd68200-c05c-4664-8e7f-3cc10e1383a7', 'ff77dfc2-41af-4775-b50a-f67d43183461', 'O plano de verificação dos poka-yokes está sendo seguido (frequência, responsável)?', NULL, 'ok_nok', true, 2, 1, NULL) ON CONFLICT DO NOTHING;
INSERT INTO "public"."template_items" ("id", "template_id", "section_id", "question", "guidance", "response_type", "required", "weight", "order_index", "options") VALUES ('35ba6419-3197-44e7-a4d8-e2427588b9f6', 'bbd68200-c05c-4664-8e7f-3cc10e1383a7', 'ff77dfc2-41af-4775-b50a-f67d43183461', 'Existe registro das verificações dos dispositivos de controle?', NULL, 'ok_nok', true, 2, 2, NULL) ON CONFLICT DO NOTHING;
INSERT INTO "public"."template_items" ("id", "template_id", "section_id", "question", "guidance", "response_type", "required", "weight", "order_index", "options") VALUES ('c683d2da-b6b2-4401-b478-94bffc45e1de', 'bbd68200-c05c-4664-8e7f-3cc10e1383a7', 'ff77dfc2-41af-4775-b50a-f67d43183461', 'Em caso de falha de um poka-yoke, o processo é parado até a restauração?', NULL, 'yes_no', true, 3, 3, NULL) ON CONFLICT DO NOTHING;
INSERT INTO "public"."template_items" ("id", "template_id", "section_id", "question", "guidance", "response_type", "required", "weight", "order_index", "options") VALUES ('25431222-a4de-4191-b111-ba04fb95ea19', 'bbd68200-c05c-4664-8e7f-3cc10e1383a7', '62f4062e-1ce5-476a-b58a-595fb9f6446f', 'As não conformidades internas são registradas no sistema de qualidade?', NULL, 'ok_nok', true, 2, 0, NULL) ON CONFLICT DO NOTHING;
INSERT INTO "public"."template_items" ("id", "template_id", "section_id", "question", "guidance", "response_type", "required", "weight", "order_index", "options") VALUES ('16c873db-7ec6-4ffe-a52c-49494b4fae2f', 'bbd68200-c05c-4664-8e7f-3cc10e1383a7', '62f4062e-1ce5-476a-b58a-595fb9f6446f', 'A análise de causa raiz (5 Porquês, Ishikawa ou 8D) é realizada para NCs reincidentes?', NULL, 'ok_nok', true, 3, 1, NULL) ON CONFLICT DO NOTHING;
INSERT INTO "public"."template_items" ("id", "template_id", "section_id", "question", "guidance", "response_type", "required", "weight", "order_index", "options") VALUES ('63becdbc-a6a4-4a07-9e3f-64f0b310db96', 'bbd68200-c05c-4664-8e7f-3cc10e1383a7', '62f4062e-1ce5-476a-b58a-595fb9f6446f', 'As ações corretivas têm responsável e prazo definidos e são monitoradas?', NULL, 'ok_nok', true, 2, 2, NULL) ON CONFLICT DO NOTHING;
INSERT INTO "public"."template_items" ("id", "template_id", "section_id", "question", "guidance", "response_type", "required", "weight", "order_index", "options") VALUES ('8323e8a8-892b-4581-9af3-84a62e55ebf1', 'bbd68200-c05c-4664-8e7f-3cc10e1383a7', '62f4062e-1ce5-476a-b58a-595fb9f6446f', 'A eficácia das ações corretivas é verificada após o prazo definido?', NULL, 'ok_nok', true, 3, 3, NULL) ON CONFLICT DO NOTHING;
INSERT INTO "public"."template_items" ("id", "template_id", "section_id", "question", "guidance", "response_type", "required", "weight", "order_index", "options") VALUES ('9df5d9cd-a41a-4e95-a1c5-fcaa1fafbb76', 'bbd68200-c05c-4664-8e7f-3cc10e1383a7', '62f4062e-1ce5-476a-b58a-595fb9f6446f', 'A área de quarentena para produtos não conformes está identificada e controlada?', NULL, 'ok_nok', true, 2, 4, NULL) ON CONFLICT DO NOTHING;
INSERT INTO "public"."template_items" ("id", "template_id", "section_id", "question", "guidance", "response_type", "required", "weight", "order_index", "options") VALUES ('2b27593c-0c45-44fb-9302-79d89557683b', 'e83bc8c9-097c-49a7-99c1-81f2042b2c54', '7181f7d7-f172-481c-89a6-aaf479303286', 'Todas as cotas críticas foram medidas e estão dentro das tolerâncias do desenho?', NULL, 'ok_nok', true, 3, 0, NULL) ON CONFLICT DO NOTHING;
INSERT INTO "public"."template_items" ("id", "template_id", "section_id", "question", "guidance", "response_type", "required", "weight", "order_index", "options") VALUES ('d6d806c0-1433-4a5e-a60d-2a32679e91e9', 'e83bc8c9-097c-49a7-99c1-81f2042b2c54', '7181f7d7-f172-481c-89a6-aaf479303286', 'As características especiais (CC/SC) foram todas verificadas e estão conformes?', NULL, 'ok_nok', true, 3, 1, NULL) ON CONFLICT DO NOTHING;
INSERT INTO "public"."template_items" ("id", "template_id", "section_id", "question", "guidance", "response_type", "required", "weight", "order_index", "options") VALUES ('0924fb3d-5013-41c2-b382-1be2d0998c87', 'e83bc8c9-097c-49a7-99c1-81f2042b2c54', '7181f7d7-f172-481c-89a6-aaf479303286', 'Os resultados foram registrados no formulário de First Piece?', NULL, 'ok_nok', true, 2, 2, NULL) ON CONFLICT DO NOTHING;
INSERT INTO "public"."template_items" ("id", "template_id", "section_id", "question", "guidance", "response_type", "required", "weight", "order_index", "options") VALUES ('6ab24c51-a503-4df3-b5d6-0fb5ed34799e', 'e83bc8c9-097c-49a7-99c1-81f2042b2c54', '7181f7d7-f172-481c-89a6-aaf479303286', 'Os instrumentos utilizados estão calibrados e com validade vigente?', NULL, 'ok_nok', true, 3, 3, NULL) ON CONFLICT DO NOTHING;
INSERT INTO "public"."template_items" ("id", "template_id", "section_id", "question", "guidance", "response_type", "required", "weight", "order_index", "options") VALUES ('f4a657aa-5c97-4520-8793-a32db8261c91', 'e83bc8c9-097c-49a7-99c1-81f2042b2c54', '7181f7d7-f172-481c-89a6-aaf479303286', 'Percentual de características dimensionais conformes na First Piece:', NULL, 'percentage', true, 2, 4, NULL) ON CONFLICT DO NOTHING;
INSERT INTO "public"."template_items" ("id", "template_id", "section_id", "question", "guidance", "response_type", "required", "weight", "order_index", "options") VALUES ('8cdbbdd2-9304-4cad-b3a6-604710b5b0c5', 'e83bc8c9-097c-49a7-99c1-81f2042b2c54', '132970df-b138-4667-9cd7-96cb4bda60f0', 'A peça está isenta de defeitos visuais (rebarbas, trincas, amassados, riscos)?', NULL, 'ok_nok', true, 3, 0, NULL) ON CONFLICT DO NOTHING;
INSERT INTO "public"."template_items" ("id", "template_id", "section_id", "question", "guidance", "response_type", "required", "weight", "order_index", "options") VALUES ('ab04085a-8d55-4082-9a1d-bda87dd21476', 'e83bc8c9-097c-49a7-99c1-81f2042b2c54', '132970df-b138-4667-9cd7-96cb4bda60f0', 'O acabamento superficial está de acordo com a especificação ou amostra padrão?', NULL, 'ok_nok', true, 2, 1, NULL) ON CONFLICT DO NOTHING;
INSERT INTO "public"."template_items" ("id", "template_id", "section_id", "question", "guidance", "response_type", "required", "weight", "order_index", "options") VALUES ('6b5e6ae3-e993-4ebe-8f55-99658a26d167', 'e83bc8c9-097c-49a7-99c1-81f2042b2c54', '132970df-b138-4667-9cd7-96cb4bda60f0', 'A peça foi submetida ao teste funcional definido no plano de controle?', NULL, 'ok_nok', true, 3, 2, NULL) ON CONFLICT DO NOTHING;
INSERT INTO "public"."template_items" ("id", "template_id", "section_id", "question", "guidance", "response_type", "required", "weight", "order_index", "options") VALUES ('df62bb3f-805e-4748-b5c0-4f67a435f6ce', 'e83bc8c9-097c-49a7-99c1-81f2042b2c54', '132970df-b138-4667-9cd7-96cb4bda60f0', 'A peça passou no gabarito de verificação (go/no-go) conforme aplicável?', NULL, 'ok_nok', false, 3, 3, NULL) ON CONFLICT DO NOTHING;
INSERT INTO "public"."template_items" ("id", "template_id", "section_id", "question", "guidance", "response_type", "required", "weight", "order_index", "options") VALUES ('69558c01-346b-48a2-945d-1fe467af1cc0', 'e83bc8c9-097c-49a7-99c1-81f2042b2c54', '132970df-b138-4667-9cd7-96cb4bda60f0', 'A identificação da peça (número, lote, data) está correta?', NULL, 'ok_nok', true, 2, 4, NULL) ON CONFLICT DO NOTHING;
INSERT INTO "public"."template_items" ("id", "template_id", "section_id", "question", "guidance", "response_type", "required", "weight", "order_index", "options") VALUES ('feb456be-4acd-4ef7-8707-d16bea39a030', 'e83bc8c9-097c-49a7-99c1-81f2042b2c54', '71766303-6d42-474f-833c-7f82b76d88be', 'A First Piece foi aprovada com assinatura do responsável de qualidade?', NULL, 'ok_nok', true, 3, 0, NULL) ON CONFLICT DO NOTHING;
INSERT INTO "public"."template_items" ("id", "template_id", "section_id", "question", "guidance", "response_type", "required", "weight", "order_index", "options") VALUES ('aa283cae-d086-4172-877c-a333085abe81', 'e83bc8c9-097c-49a7-99c1-81f2042b2c54', '71766303-6d42-474f-833c-7f82b76d88be', 'O horário de aprovação do first piece foi registrado?', NULL, 'ok_nok', true, 1, 1, NULL) ON CONFLICT DO NOTHING;
INSERT INTO "public"."template_items" ("id", "template_id", "section_id", "question", "guidance", "response_type", "required", "weight", "order_index", "options") VALUES ('0a916eb4-0407-4bcf-85ea-f93c21e6da94', 'e83bc8c9-097c-49a7-99c1-81f2042b2c54', '71766303-6d42-474f-833c-7f82b76d88be', 'A produção em série só iniciou após a aprovação formal do first piece?', NULL, 'ok_nok', true, 3, 2, NULL) ON CONFLICT DO NOTHING;
INSERT INTO "public"."template_items" ("id", "template_id", "section_id", "question", "guidance", "response_type", "required", "weight", "order_index", "options") VALUES ('eda6b814-61f4-4261-9ecc-5df12ee4ebe0', 'e83bc8c9-097c-49a7-99c1-81f2042b2c54', '71766303-6d42-474f-833c-7f82b76d88be', 'Em caso de first piece reprovada, foi realizado ajuste e nova verificação?', 'Se aprovada na primeira tentativa, registrar como N/A.', 'ok_nok', false, 2, 3, NULL) ON CONFLICT DO NOTHING;
INSERT INTO "public"."template_items" ("id", "template_id", "section_id", "question", "guidance", "response_type", "required", "weight", "order_index", "options") VALUES ('4c124398-7334-4a1d-b45e-484e0060e50c', '007f9d1e-ec21-46ae-bd8f-fca3b95fcc20', '3e6a502f-e4d5-49be-a306-94674eaf5da5', 'Existe plano anual de treinamento aprovado para a área?', NULL, 'ok_nok', true, 2, 0, NULL) ON CONFLICT DO NOTHING;
INSERT INTO "public"."template_items" ("id", "template_id", "section_id", "question", "guidance", "response_type", "required", "weight", "order_index", "options") VALUES ('793f51ae-4e00-4730-aca3-9108a8fb7c61', '007f9d1e-ec21-46ae-bd8f-fca3b95fcc20', '3e6a502f-e4d5-49be-a306-94674eaf5da5', 'A matriz de treinamento / LNT está atualizada?', NULL, 'ok_nok', true, 2, 1, NULL) ON CONFLICT DO NOTHING;
INSERT INTO "public"."template_items" ("id", "template_id", "section_id", "question", "guidance", "response_type", "required", "weight", "order_index", "options") VALUES ('859b38ff-3324-4ee2-a89c-92eb67d5a630', '007f9d1e-ec21-46ae-bd8f-fca3b95fcc20', '3e6a502f-e4d5-49be-a306-94674eaf5da5', 'As competências mínimas para cada cargo estão definidas e documentadas?', NULL, 'ok_nok', true, 2, 2, NULL) ON CONFLICT DO NOTHING;
INSERT INTO "public"."template_items" ("id", "template_id", "section_id", "question", "guidance", "response_type", "required", "weight", "order_index", "options") VALUES ('d35f2669-0d79-4a3c-a162-e5ccf9ba6bbd', '007f9d1e-ec21-46ae-bd8f-fca3b95fcc20', '3e6a502f-e4d5-49be-a306-94674eaf5da5', 'O índice de realização do plano de treinamento está acima da meta?', NULL, 'yes_no', true, 2, 3, NULL) ON CONFLICT DO NOTHING;
INSERT INTO "public"."template_items" ("id", "template_id", "section_id", "question", "guidance", "response_type", "required", "weight", "order_index", "options") VALUES ('f25044fb-ea63-4d83-b3fa-ed471953bc3a', '007f9d1e-ec21-46ae-bd8f-fca3b95fcc20', '3e6a502f-e4d5-49be-a306-94674eaf5da5', 'Percentual de execução do plano de treinamento no período:', NULL, 'percentage', true, 2, 4, NULL) ON CONFLICT DO NOTHING;
INSERT INTO "public"."template_items" ("id", "template_id", "section_id", "question", "guidance", "response_type", "required", "weight", "order_index", "options") VALUES ('ed5dffad-2b8a-46b9-aa5b-d474cbd42afc', '007f9d1e-ec21-46ae-bd8f-fca3b95fcc20', '69630c8c-c0fe-431c-bf24-840c1636c7b2', 'Os treinamentos obrigatórios (NR-12, CIPA, etc.) estão em dia para todos os colaboradores?', NULL, 'ok_nok', true, 3, 0, NULL) ON CONFLICT DO NOTHING;
INSERT INTO "public"."template_items" ("id", "template_id", "section_id", "question", "guidance", "response_type", "required", "weight", "order_index", "options") VALUES ('6ec1ac46-feb9-4b11-a699-70ad0b9a0308', '007f9d1e-ec21-46ae-bd8f-fca3b95fcc20', '69630c8c-c0fe-431c-bf24-840c1636c7b2', 'As reciclagens e renovações de certificações estão dentro do prazo?', NULL, 'ok_nok', true, 2, 1, NULL) ON CONFLICT DO NOTHING;
INSERT INTO "public"."template_items" ("id", "template_id", "section_id", "question", "guidance", "response_type", "required", "weight", "order_index", "options") VALUES ('5169d0ca-3e83-4bc0-9cca-ba0cb7af630e', '007f9d1e-ec21-46ae-bd8f-fca3b95fcc20', '69630c8c-c0fe-431c-bf24-840c1636c7b2', 'Os treinamentos são ministrados por instrutores qualificados e credenciados?', NULL, 'ok_nok', true, 2, 2, NULL) ON CONFLICT DO NOTHING;
INSERT INTO "public"."template_items" ("id", "template_id", "section_id", "question", "guidance", "response_type", "required", "weight", "order_index", "options") VALUES ('ac563923-3d4e-4b11-bba7-33585f23372a', '007f9d1e-ec21-46ae-bd8f-fca3b95fcc20', '69630c8c-c0fe-431c-bf24-840c1636c7b2', 'A metodologia dos treinamentos é adequada ao público-alvo?', NULL, 'ok_nok', false, 1, 3, NULL) ON CONFLICT DO NOTHING;
INSERT INTO "public"."template_items" ("id", "template_id", "section_id", "question", "guidance", "response_type", "required", "weight", "order_index", "options") VALUES ('b1dac81c-3cd5-4158-b29c-f22c93593df7', '007f9d1e-ec21-46ae-bd8f-fca3b95fcc20', '229827f9-1e45-4179-9163-74be1fcde7fd', 'Existe avaliação de aprendizagem após os treinamentos (prova, prática)?', NULL, 'ok_nok', true, 2, 0, NULL) ON CONFLICT DO NOTHING;
INSERT INTO "public"."template_items" ("id", "template_id", "section_id", "question", "guidance", "response_type", "required", "weight", "order_index", "options") VALUES ('ea6608d0-77af-41a7-b53f-77fdce66b2a6', '007f9d1e-ec21-46ae-bd8f-fca3b95fcc20', '229827f9-1e45-4179-9163-74be1fcde7fd', 'A eficácia dos treinamentos é verificada por mudanças de comportamento ou indicadores?', NULL, 'ok_nok', true, 2, 1, NULL) ON CONFLICT DO NOTHING;
INSERT INTO "public"."template_items" ("id", "template_id", "section_id", "question", "guidance", "response_type", "required", "weight", "order_index", "options") VALUES ('80a074b2-5de7-480e-a5d9-a923069978da', '007f9d1e-ec21-46ae-bd8f-fca3b95fcc20', '229827f9-1e45-4179-9163-74be1fcde7fd', 'Treinamentos com nota abaixo do mínimo tiveram reforço ou retreinamento?', NULL, 'ok_nok', true, 2, 2, NULL) ON CONFLICT DO NOTHING;
INSERT INTO "public"."template_items" ("id", "template_id", "section_id", "question", "guidance", "response_type", "required", "weight", "order_index", "options") VALUES ('b50a9452-bb8c-4b5f-9e9d-91056523a971', '007f9d1e-ec21-46ae-bd8f-fca3b95fcc20', '229827f9-1e45-4179-9163-74be1fcde7fd', 'Os resultados das avaliações são comunicados aos colaboradores e gestores?', NULL, 'yes_no', false, 1, 3, NULL) ON CONFLICT DO NOTHING;
INSERT INTO "public"."template_items" ("id", "template_id", "section_id", "question", "guidance", "response_type", "required", "weight", "order_index", "options") VALUES ('bc80f34a-6b75-4cdb-9487-baff6e1da235', '007f9d1e-ec21-46ae-bd8f-fca3b95fcc20', '6c50ef2c-26ff-44ff-a171-db03655de478', 'Os registros de presença e certificados estão arquivados corretamente?', NULL, 'ok_nok', true, 2, 0, NULL) ON CONFLICT DO NOTHING;
INSERT INTO "public"."template_items" ("id", "template_id", "section_id", "question", "guidance", "response_type", "required", "weight", "order_index", "options") VALUES ('f6f121cf-440e-4980-a06c-5be124c4a421', '007f9d1e-ec21-46ae-bd8f-fca3b95fcc20', '6c50ef2c-26ff-44ff-a171-db03655de478', 'Os documentos de treinamento estão arquivados pelo prazo legal (mínimo 5 anos)?', NULL, 'ok_nok', true, 2, 1, NULL) ON CONFLICT DO NOTHING;
INSERT INTO "public"."template_items" ("id", "template_id", "section_id", "question", "guidance", "response_type", "required", "weight", "order_index", "options") VALUES ('368a112d-f8f6-4fc6-b318-46afe3988e7a', '007f9d1e-ec21-46ae-bd8f-fca3b95fcc20', '6c50ef2c-26ff-44ff-a171-db03655de478', 'As habilitações e certificações especiais (NRs, operador de empilhadeira) estão vigentes?', NULL, 'ok_nok', true, 3, 2, NULL) ON CONFLICT DO NOTHING;
INSERT INTO "public"."template_items" ("id", "template_id", "section_id", "question", "guidance", "response_type", "required", "weight", "order_index", "options") VALUES ('f200527e-210c-4cc8-bba4-f73f9a887623', '007f9d1e-ec21-46ae-bd8f-fca3b95fcc20', '6c50ef2c-26ff-44ff-a171-db03655de478', 'A documentação de treinamento está disponível para auditorias externas?', NULL, 'ok_nok', true, 2, 3, NULL) ON CONFLICT DO NOTHING;
INSERT INTO "public"."template_items" ("id", "template_id", "section_id", "question", "guidance", "response_type", "required", "weight", "order_index", "options") VALUES ('33100432-c1d3-40be-b4ff-af86f5ef4a00', '725bb1f3-e31b-46e0-918f-3d448b94b952', 'df48155e-0b03-4f05-a970-e4c761619d03', 'O contrato de trabalho foi assinado e entregue ao colaborador?', NULL, 'ok_nok', true, 3, 0, NULL) ON CONFLICT DO NOTHING;
INSERT INTO "public"."template_items" ("id", "template_id", "section_id", "question", "guidance", "response_type", "required", "weight", "order_index", "options") VALUES ('47253d40-cdb1-45f3-89d6-710c8d24ae7c', '725bb1f3-e31b-46e0-918f-3d448b94b952', 'df48155e-0b03-4f05-a970-e4c761619d03', 'O ASO (Atestado de Saúde Ocupacional) admissional foi realizado e está arquivado?', NULL, 'ok_nok', true, 3, 1, NULL) ON CONFLICT DO NOTHING;
INSERT INTO "public"."template_items" ("id", "template_id", "section_id", "question", "guidance", "response_type", "required", "weight", "order_index", "options") VALUES ('3582571b-8a3f-49a8-8d79-fd0e0bb47602', '725bb1f3-e31b-46e0-918f-3d448b94b952', 'df48155e-0b03-4f05-a970-e4c761619d03', 'O registro na CTPS e cadastro no eSocial foram realizados corretamente?', NULL, 'ok_nok', true, 3, 2, NULL) ON CONFLICT DO NOTHING;
INSERT INTO "public"."template_items" ("id", "template_id", "section_id", "question", "guidance", "response_type", "required", "weight", "order_index", "options") VALUES ('dab91a65-4ba3-41dc-90de-a406f6a1d4d6', '725bb1f3-e31b-46e0-918f-3d448b94b952', 'df48155e-0b03-4f05-a970-e4c761619d03', 'O colaborador recebeu os EPIs com assinatura do recibo de entrega?', NULL, 'ok_nok', true, 2, 3, NULL) ON CONFLICT DO NOTHING;
INSERT INTO "public"."template_items" ("id", "template_id", "section_id", "question", "guidance", "response_type", "required", "weight", "order_index", "options") VALUES ('6cc8408b-2ebb-4050-a39a-330aa7cb2f14', '725bb1f3-e31b-46e0-918f-3d448b94b952', 'df48155e-0b03-4f05-a970-e4c761619d03', 'O código de conduta e política da empresa foram apresentados e assinados?', NULL, 'ok_nok', true, 2, 4, NULL) ON CONFLICT DO NOTHING;
INSERT INTO "public"."template_items" ("id", "template_id", "section_id", "question", "guidance", "response_type", "required", "weight", "order_index", "options") VALUES ('54f75af1-7ace-4ecb-b0d7-c9d1a50c9b31', '725bb1f3-e31b-46e0-918f-3d448b94b952', 'c21e750a-913f-4953-91a9-792794113e32', 'O colaborador recebeu apresentação institucional (história, valores, estrutura)?', NULL, 'ok_nok', true, 1, 0, NULL) ON CONFLICT DO NOTHING;
INSERT INTO "public"."template_items" ("id", "template_id", "section_id", "question", "guidance", "response_type", "required", "weight", "order_index", "options") VALUES ('a6c5967b-7105-4c04-8528-2029bd45a48f', '725bb1f3-e31b-46e0-918f-3d448b94b952', 'c21e750a-913f-4953-91a9-792794113e32', 'Foi realizado tour pelas instalações mostrando áreas e saídas de emergência?', NULL, 'ok_nok', true, 2, 1, NULL) ON CONFLICT DO NOTHING;
INSERT INTO "public"."template_items" ("id", "template_id", "section_id", "question", "guidance", "response_type", "required", "weight", "order_index", "options") VALUES ('a46749d2-ac62-4653-85e2-d778b1e63cd4', '725bb1f3-e31b-46e0-918f-3d448b94b952', 'c21e750a-913f-4953-91a9-792794113e32', 'O colaborador foi apresentado à equipe e ao seu responsável direto?', NULL, 'ok_nok', true, 1, 2, NULL) ON CONFLICT DO NOTHING;
INSERT INTO "public"."template_items" ("id", "template_id", "section_id", "question", "guidance", "response_type", "required", "weight", "order_index", "options") VALUES ('d746d67f-0910-4497-85d7-c792e53dd8b1', '725bb1f3-e31b-46e0-918f-3d448b94b952', 'c21e750a-913f-4953-91a9-792794113e32', 'As metas, indicadores e expectativas do cargo foram comunicados ao novo colaborador?', NULL, 'ok_nok', true, 2, 3, NULL) ON CONFLICT DO NOTHING;
INSERT INTO "public"."template_items" ("id", "template_id", "section_id", "question", "guidance", "response_type", "required", "weight", "order_index", "options") VALUES ('85da415a-6cd3-412f-8140-66afa7995c7d', '725bb1f3-e31b-46e0-918f-3d448b94b952', '9c26874d-82ed-4cb2-bc4a-b39e88e106f6', 'O treinamento de integração de segurança (SIPAT/CIPA) foi realizado?', NULL, 'ok_nok', true, 3, 0, NULL) ON CONFLICT DO NOTHING;
INSERT INTO "public"."template_items" ("id", "template_id", "section_id", "question", "guidance", "response_type", "required", "weight", "order_index", "options") VALUES ('f00585ee-cbfc-4434-8d4a-c2f4081cfee3', '725bb1f3-e31b-46e0-918f-3d448b94b952', '9c26874d-82ed-4cb2-bc4a-b39e88e106f6', 'O treinamento de segurança específico para a função foi concluído antes de assumir o posto?', NULL, 'ok_nok', true, 3, 1, NULL) ON CONFLICT DO NOTHING;
INSERT INTO "public"."template_items" ("id", "template_id", "section_id", "question", "guidance", "response_type", "required", "weight", "order_index", "options") VALUES ('49d335dd-95d9-4210-87d5-a969f2d52a7b', '725bb1f3-e31b-46e0-918f-3d448b94b952', '9c26874d-82ed-4cb2-bc4a-b39e88e106f6', 'O treinamento na instrução de trabalho (IT) foi realizado com tutor designado?', NULL, 'ok_nok', true, 3, 2, NULL) ON CONFLICT DO NOTHING;
INSERT INTO "public"."template_items" ("id", "template_id", "section_id", "question", "guidance", "response_type", "required", "weight", "order_index", "options") VALUES ('b80546be-c6ba-4e98-9e6a-de61e7fc5c8c', '725bb1f3-e31b-46e0-918f-3d448b94b952', '9c26874d-82ed-4cb2-bc4a-b39e88e106f6', 'O colaborador foi avaliado quanto ao entendimento das tarefas antes de trabalhar sozinho?', NULL, 'ok_nok', true, 2, 3, NULL) ON CONFLICT DO NOTHING;
INSERT INTO "public"."template_items" ("id", "template_id", "section_id", "question", "guidance", "response_type", "required", "weight", "order_index", "options") VALUES ('6b053b18-7e48-499d-b632-7af4acd5811f', '725bb1f3-e31b-46e0-918f-3d448b94b952', '9c26874d-82ed-4cb2-bc4a-b39e88e106f6', 'O período de acompanhamento (buddy/tutor) foi respeitado conforme o padrão?', NULL, 'ok_nok', true, 2, 4, NULL) ON CONFLICT DO NOTHING;
INSERT INTO "public"."template_items" ("id", "template_id", "section_id", "question", "guidance", "response_type", "required", "weight", "order_index", "options") VALUES ('417aae17-2c31-4d01-89b3-4ed1a1a66041', 'd91bff12-d335-4ad6-a24e-0f93e71ff1b0', 'e8665e2a-ec27-49d6-bec6-0912dd6daf12', 'As rotas de fuga estão sinalizadas, iluminadas e desobstruídas?', NULL, 'ok_nok', true, 3, 0, NULL) ON CONFLICT DO NOTHING;
INSERT INTO "public"."template_items" ("id", "template_id", "section_id", "question", "guidance", "response_type", "required", "weight", "order_index", "options") VALUES ('a1a80b0e-db1f-4a54-a0da-da30fa5b2404', 'd91bff12-d335-4ad6-a24e-0f93e71ff1b0', 'e8665e2a-ec27-49d6-bec6-0912dd6daf12', 'As saídas de emergência estão identificadas, funcionando e sem bloqueios?', NULL, 'ok_nok', true, 3, 1, NULL) ON CONFLICT DO NOTHING;
INSERT INTO "public"."template_items" ("id", "template_id", "section_id", "question", "guidance", "response_type", "required", "weight", "order_index", "options") VALUES ('62ce401f-5490-46ca-9ed1-a604c10f8596', 'd91bff12-d335-4ad6-a24e-0f93e71ff1b0', 'e8665e2a-ec27-49d6-bec6-0912dd6daf12', 'A sinalização de segurança (advertências, proibições, obrigações) está visível e legível?', NULL, 'ok_nok', true, 2, 2, NULL) ON CONFLICT DO NOTHING;
INSERT INTO "public"."template_items" ("id", "template_id", "section_id", "question", "guidance", "response_type", "required", "weight", "order_index", "options") VALUES ('f9341054-f025-47f2-a1ad-9c8264cea46c', 'd91bff12-d335-4ad6-a24e-0f93e71ff1b0', 'e8665e2a-ec27-49d6-bec6-0912dd6daf12', 'Os pontos de encontro em evacuação estão sinalizados e conhecidos pela equipe?', NULL, 'ok_nok', true, 2, 3, NULL) ON CONFLICT DO NOTHING;
INSERT INTO "public"."template_items" ("id", "template_id", "section_id", "question", "guidance", "response_type", "required", "weight", "order_index", "options") VALUES ('c447436f-38b2-49a4-b991-a3bf0a6da918', 'd91bff12-d335-4ad6-a24e-0f93e71ff1b0', 'e8665e2a-ec27-49d6-bec6-0912dd6daf12', 'As demarcações de piso estão íntegras diferenciando corredores, áreas e riscos?', NULL, 'ok_nok', true, 2, 4, NULL) ON CONFLICT DO NOTHING;
INSERT INTO "public"."template_items" ("id", "template_id", "section_id", "question", "guidance", "response_type", "required", "weight", "order_index", "options") VALUES ('eb26de40-c33e-407a-a3e2-7f339d131480', 'd91bff12-d335-4ad6-a24e-0f93e71ff1b0', '9302fe48-0537-4ecb-bb8b-d722d73fb786', 'As instalações elétricas estão em bom estado (sem fios expostos, quadros fechados, aterramento)?', NULL, 'ok_nok', true, 3, 0, NULL) ON CONFLICT DO NOTHING;
INSERT INTO "public"."template_items" ("id", "template_id", "section_id", "question", "guidance", "response_type", "required", "weight", "order_index", "options") VALUES ('5d633a01-011b-469a-b510-a4cfa72a7be6', 'd91bff12-d335-4ad6-a24e-0f93e71ff1b0', '9302fe48-0537-4ecb-bb8b-d722d73fb786', 'As proteções e guardas das máquinas estão instaladas e em bom estado?', 'Verificar proteções de partes móveis, painéis e dispositivos de parada de emergência.', 'ok_nok', true, 3, 1, NULL) ON CONFLICT DO NOTHING;
INSERT INTO "public"."template_items" ("id", "template_id", "section_id", "question", "guidance", "response_type", "required", "weight", "order_index", "options") VALUES ('583e6f7d-cc74-42e8-ac0c-0a50a91ecce6', 'd91bff12-d335-4ad6-a24e-0f93e71ff1b0', '9302fe48-0537-4ecb-bb8b-d722d73fb786', 'Os botões de parada de emergência estão funcionando, desobstruídos e sinalizados?', NULL, 'ok_nok', true, 3, 2, NULL) ON CONFLICT DO NOTHING;
INSERT INTO "public"."template_items" ("id", "template_id", "section_id", "question", "guidance", "response_type", "required", "weight", "order_index", "options") VALUES ('7982c86d-4de5-4220-92f9-807a0149afbe', 'd91bff12-d335-4ad6-a24e-0f93e71ff1b0', '9302fe48-0537-4ecb-bb8b-d722d73fb786', 'As escadas, plataformas e passarelas possuem corrimão e piso antiderrapante?', NULL, 'ok_nok', true, 2, 3, NULL) ON CONFLICT DO NOTHING;
INSERT INTO "public"."template_items" ("id", "template_id", "section_id", "question", "guidance", "response_type", "required", "weight", "order_index", "options") VALUES ('1795b2cd-1efc-45ff-acac-71a64de07d42', 'd91bff12-d335-4ad6-a24e-0f93e71ff1b0', '9302fe48-0537-4ecb-bb8b-d722d73fb786', 'Equipamentos com TAG de bloqueio (LOTO) não estão sendo operados sem autorização?', NULL, 'ok_nok', true, 3, 4, NULL) ON CONFLICT DO NOTHING;
INSERT INTO "public"."template_items" ("id", "template_id", "section_id", "question", "guidance", "response_type", "required", "weight", "order_index", "options") VALUES ('628a3c0a-5be5-4062-95ae-5091312fda82', 'd91bff12-d335-4ad6-a24e-0f93e71ff1b0', '8f390574-cb5d-46d7-b715-275417b66720', 'Os extintores estão nos locais definidos, dentro do prazo de validade e desobstruídos?', NULL, 'ok_nok', true, 3, 0, NULL) ON CONFLICT DO NOTHING;
INSERT INTO "public"."template_items" ("id", "template_id", "section_id", "question", "guidance", "response_type", "required", "weight", "order_index", "options") VALUES ('49b251c1-4229-4ecf-a79d-3041263aaf57', 'd91bff12-d335-4ad6-a24e-0f93e71ff1b0', '8f390574-cb5d-46d7-b715-275417b66720', 'Os hidrantes e mangueiras de incêndio estão em bom estado e acessíveis?', NULL, 'ok_nok', true, 2, 1, NULL) ON CONFLICT DO NOTHING;
INSERT INTO "public"."template_items" ("id", "template_id", "section_id", "question", "guidance", "response_type", "required", "weight", "order_index", "options") VALUES ('a7089eb2-5f59-42bc-b60f-1e8e8db2010e', 'd91bff12-d335-4ad6-a24e-0f93e71ff1b0', '8f390574-cb5d-46d7-b715-275417b66720', 'Não há materiais inflamáveis armazenados incorretamente na área?', NULL, 'ok_nok', true, 3, 2, NULL) ON CONFLICT DO NOTHING;
INSERT INTO "public"."template_items" ("id", "template_id", "section_id", "question", "guidance", "response_type", "required", "weight", "order_index", "options") VALUES ('4f41e5b5-8ee6-455a-8150-8cc79d8587c8', 'd91bff12-d335-4ad6-a24e-0f93e71ff1b0', '8f390574-cb5d-46d7-b715-275417b66720', 'Os detectores de fumaça e sprinklers (quando aplicável) estão funcionais?', NULL, 'ok_nok', false, 2, 3, NULL) ON CONFLICT DO NOTHING;
INSERT INTO "public"."template_items" ("id", "template_id", "section_id", "question", "guidance", "response_type", "required", "weight", "order_index", "options") VALUES ('f4caec94-7d6a-42be-ba82-2f8d9833f677', 'd91bff12-d335-4ad6-a24e-0f93e71ff1b0', '081441ce-dd05-4732-85f2-90a5dfc0bb42', 'Os colaboradores conhecem os procedimentos de emergência da área?', 'Questionar dois colaboradores sobre o que fazer em caso de incêndio ou acidente.', 'yes_no', true, 2, 0, NULL) ON CONFLICT DO NOTHING;
INSERT INTO "public"."template_items" ("id", "template_id", "section_id", "question", "guidance", "response_type", "required", "weight", "order_index", "options") VALUES ('4a5461cb-80da-410e-9648-63ae91284193', 'd91bff12-d335-4ad6-a24e-0f93e71ff1b0', '081441ce-dd05-4732-85f2-90a5dfc0bb42', 'O simulacro de evacuação foi realizado dentro do prazo máximo (anual)?', NULL, 'ok_nok', true, 2, 1, NULL) ON CONFLICT DO NOTHING;
INSERT INTO "public"."template_items" ("id", "template_id", "section_id", "question", "guidance", "response_type", "required", "weight", "order_index", "options") VALUES ('e9556506-ea83-44d9-92ad-d06da38423b8', 'd91bff12-d335-4ad6-a24e-0f93e71ff1b0', '081441ce-dd05-4732-85f2-90a5dfc0bb42', 'A caixa de primeiros socorros está completa, dentro do prazo e identificada?', NULL, 'ok_nok', true, 2, 2, NULL) ON CONFLICT DO NOTHING;
INSERT INTO "public"."template_items" ("id", "template_id", "section_id", "question", "guidance", "response_type", "required", "weight", "order_index", "options") VALUES ('ef0d609d-679d-421f-bd95-7b8a6fd54f49', 'd91bff12-d335-4ad6-a24e-0f93e71ff1b0', '081441ce-dd05-4732-85f2-90a5dfc0bb42', 'Existe colaborador treinado em primeiros socorros por turno disponível na área?', NULL, 'yes_no', true, 2, 3, NULL) ON CONFLICT DO NOTHING;
INSERT INTO "public"."template_items" ("id", "template_id", "section_id", "question", "guidance", "response_type", "required", "weight", "order_index", "options") VALUES ('905709ea-d8e7-4b7f-8ccf-75883ca28784', '4cf8f1aa-544d-49a9-9a09-25fd6297de1f', '8786a1d0-fdb7-4b20-8e63-cf3a5c085be4', 'Todos os EPIs exigidos para o posto estão disponíveis e em quantidade suficiente?', NULL, 'ok_nok', true, 3, 0, NULL) ON CONFLICT DO NOTHING;
INSERT INTO "public"."template_items" ("id", "template_id", "section_id", "question", "guidance", "response_type", "required", "weight", "order_index", "options") VALUES ('1b0f85d2-b370-45ec-ba79-a94bd32c8bc4', '4cf8f1aa-544d-49a9-9a09-25fd6297de1f', '8786a1d0-fdb7-4b20-8e63-cf3a5c085be4', 'Os EPIs estão em bom estado de conservação, sem avarias, rasgos ou deformações?', NULL, 'ok_nok', true, 3, 1, NULL) ON CONFLICT DO NOTHING;
INSERT INTO "public"."template_items" ("id", "template_id", "section_id", "question", "guidance", "response_type", "required", "weight", "order_index", "options") VALUES ('1c6ee55e-fb82-47fb-8f59-f192abdb4ed6', '4cf8f1aa-544d-49a9-9a09-25fd6297de1f', '8786a1d0-fdb7-4b20-8e63-cf3a5c085be4', 'Os EPIs possuem CA (Certificado de Aprovação) válido do MTE/MPS?', NULL, 'ok_nok', true, 2, 2, NULL) ON CONFLICT DO NOTHING;
INSERT INTO "public"."template_items" ("id", "template_id", "section_id", "question", "guidance", "response_type", "required", "weight", "order_index", "options") VALUES ('10d3b8d7-8211-4143-83f9-88a32274e277', '4cf8f1aa-544d-49a9-9a09-25fd6297de1f', '8786a1d0-fdb7-4b20-8e63-cf3a5c085be4', 'Os EPIs estão dentro do prazo de validade indicado pelo fabricante?', NULL, 'ok_nok', true, 3, 3, NULL) ON CONFLICT DO NOTHING;
INSERT INTO "public"."template_items" ("id", "template_id", "section_id", "question", "guidance", "response_type", "required", "weight", "order_index", "options") VALUES ('29d9bf72-6644-46ae-b2b8-2133270c8971', '4cf8f1aa-544d-49a9-9a09-25fd6297de1f', '8786a1d0-fdb7-4b20-8e63-cf3a5c085be4', 'O estoque de EPIs é suficiente para reposição imediata?', NULL, 'ok_nok', true, 2, 4, NULL) ON CONFLICT DO NOTHING;
INSERT INTO "public"."template_items" ("id", "template_id", "section_id", "question", "guidance", "response_type", "required", "weight", "order_index", "options") VALUES ('ad8c3a22-497a-4099-97fa-5db30a969f38', '4cf8f1aa-544d-49a9-9a09-25fd6297de1f', 'a0f78efa-75a8-470c-8547-404b864bb316', 'Todos os colaboradores estão utilizando os EPIs obrigatórios para suas atividades?', 'Verificar uso de capacete, óculos, luvas, protetor auricular e calçado de segurança.', 'ok_nok', true, 3, 0, NULL) ON CONFLICT DO NOTHING;
INSERT INTO "public"."template_items" ("id", "template_id", "section_id", "question", "guidance", "response_type", "required", "weight", "order_index", "options") VALUES ('1e9fdcd9-fd48-4e11-a2f3-a75164bc8b05', '4cf8f1aa-544d-49a9-9a09-25fd6297de1f', 'a0f78efa-75a8-470c-8547-404b864bb316', 'Os EPIs estão sendo usados corretamente (forma de colocação e ajuste)?', NULL, 'ok_nok', true, 3, 1, NULL) ON CONFLICT DO NOTHING;
INSERT INTO "public"."template_items" ("id", "template_id", "section_id", "question", "guidance", "response_type", "required", "weight", "order_index", "options") VALUES ('889cbc92-ab9a-4dc8-812b-9e6b5036001e', '4cf8f1aa-544d-49a9-9a09-25fd6297de1f', 'a0f78efa-75a8-470c-8547-404b864bb316', 'Os colaboradores foram treinados sobre o uso correto dos EPIs?', NULL, 'yes_no', true, 2, 2, NULL) ON CONFLICT DO NOTHING;
INSERT INTO "public"."template_items" ("id", "template_id", "section_id", "question", "guidance", "response_type", "required", "weight", "order_index", "options") VALUES ('a8ead5e9-edeb-41db-a7b2-0bcfb4c3c72c', '4cf8f1aa-544d-49a9-9a09-25fd6297de1f', 'a0f78efa-75a8-470c-8547-404b864bb316', 'Há colaboradores utilizando EPIs danificados ou inadequados ao risco?', NULL, 'ok_nok', true, 3, 3, NULL) ON CONFLICT DO NOTHING;
INSERT INTO "public"."template_items" ("id", "template_id", "section_id", "question", "guidance", "response_type", "required", "weight", "order_index", "options") VALUES ('a736b515-0c05-4a8a-a302-24d023f78a21', '4cf8f1aa-544d-49a9-9a09-25fd6297de1f', 'a0f78efa-75a8-470c-8547-404b864bb316', 'Visitantes e prestadores de serviço estão utilizando os EPIs obrigatórios na área?', NULL, 'ok_nok', false, 2, 4, NULL) ON CONFLICT DO NOTHING;
INSERT INTO "public"."template_items" ("id", "template_id", "section_id", "question", "guidance", "response_type", "required", "weight", "order_index", "options") VALUES ('70a297f2-a474-48e2-b010-6bd5722d0f72', '88880c9e-7e9a-49fe-b6c6-5c02f43826cb', '639b21c9-9e16-462d-9847-069c0a0881c3', 'Os colaboradores adotam posturas ergonômicas corretas durante as atividades?', 'Observar levantamento de cargas, posicionamento no posto e movimentos repetitivos.', 'ok_nok', true, 2, 0, NULL) ON CONFLICT DO NOTHING;
INSERT INTO "public"."template_items" ("id", "template_id", "section_id", "question", "guidance", "response_type", "required", "weight", "order_index", "options") VALUES ('87403adc-3c64-4498-9f6b-9c2a985c78d7', '88880c9e-7e9a-49fe-b6c6-5c02f43826cb', '639b21c9-9e16-462d-9847-069c0a0881c3', 'Não há "atalhos" ou desvios de procedimentos de segurança observados?', NULL, 'ok_nok', true, 3, 1, NULL) ON CONFLICT DO NOTHING;
INSERT INTO "public"."template_items" ("id", "template_id", "section_id", "question", "guidance", "response_type", "required", "weight", "order_index", "options") VALUES ('929bc90c-80e5-442a-b9d8-89a289dfb4ea', '88880c9e-7e9a-49fe-b6c6-5c02f43826cb', '639b21c9-9e16-462d-9847-069c0a0881c3', 'Os colaboradores mantêm as áreas sem riscos criados por eles mesmos?', NULL, 'ok_nok', true, 2, 2, NULL) ON CONFLICT DO NOTHING;
INSERT INTO "public"."template_items" ("id", "template_id", "section_id", "question", "guidance", "response_type", "required", "weight", "order_index", "options") VALUES ('d82b9fb4-27b7-46c9-8fb1-fbce322fb98b', '88880c9e-7e9a-49fe-b6c6-5c02f43826cb', '639b21c9-9e16-462d-9847-069c0a0881c3', 'Há evidências de comunicação proativa entre colegas sobre riscos identificados?', 'Perguntar se algum colaborador reportou risco recentemente.', 'yes_no', false, 2, 3, NULL) ON CONFLICT DO NOTHING;
INSERT INTO "public"."template_items" ("id", "template_id", "section_id", "question", "guidance", "response_type", "required", "weight", "order_index", "options") VALUES ('983a7f97-8cfa-442b-998a-02ec3a8682ed', '88880c9e-7e9a-49fe-b6c6-5c02f43826cb', '639b21c9-9e16-462d-9847-069c0a0881c3', 'Avaliação geral dos comportamentos de segurança observados (1=muito inseguro, 5=exemplar):', NULL, 'scale_1_5', true, 3, 4, NULL) ON CONFLICT DO NOTHING;
INSERT INTO "public"."template_items" ("id", "template_id", "section_id", "question", "guidance", "response_type", "required", "weight", "order_index", "options") VALUES ('cbe9f94d-1f11-494a-bf44-7dc7c2fc4e42', '88880c9e-7e9a-49fe-b6c6-5c02f43826cb', 'a210a2ec-a50c-4c4d-b2f9-87113c68d192', 'Os colaboradores conhecem o canal/processo para reportar riscos e condições inseguras?', NULL, 'yes_no', true, 2, 0, NULL) ON CONFLICT DO NOTHING;
INSERT INTO "public"."template_items" ("id", "template_id", "section_id", "question", "guidance", "response_type", "required", "weight", "order_index", "options") VALUES ('cce50c95-46fb-44c7-8013-020893555d3a', '88880c9e-7e9a-49fe-b6c6-5c02f43826cb', 'a210a2ec-a50c-4c4d-b2f9-87113c68d192', 'Registros de relatos de perigo (hazard reports) foram realizados na área no período?', NULL, 'yes_no', true, 2, 1, NULL) ON CONFLICT DO NOTHING;
INSERT INTO "public"."template_items" ("id", "template_id", "section_id", "question", "guidance", "response_type", "required", "weight", "order_index", "options") VALUES ('df2e91fc-1450-45af-bfa4-484497a5b7c8', '88880c9e-7e9a-49fe-b6c6-5c02f43826cb', 'a210a2ec-a50c-4c4d-b2f9-87113c68d192', 'Os acidentes e quase-acidentes (near-misses) são reportados sem medo de represálias?', 'Verificar registros de near-miss e questionar um colaborador sobre o processo.', 'ok_nok', true, 3, 2, NULL) ON CONFLICT DO NOTHING;
INSERT INTO "public"."template_items" ("id", "template_id", "section_id", "question", "guidance", "response_type", "required", "weight", "order_index", "options") VALUES ('ea909ce0-105f-40ce-a829-0d4db2bb0d68', '88880c9e-7e9a-49fe-b6c6-5c02f43826cb', 'a210a2ec-a50c-4c4d-b2f9-87113c68d192', 'As lideranças promovem diálogos de segurança (DDS) com regularidade?', NULL, 'ok_nok', true, 2, 3, NULL) ON CONFLICT DO NOTHING;
INSERT INTO "public"."template_items" ("id", "template_id", "section_id", "question", "guidance", "response_type", "required", "weight", "order_index", "options") VALUES ('5835651e-9a23-488e-bb92-284703a438a7', '88880c9e-7e9a-49fe-b6c6-5c02f43826cb', '791849b2-b21c-4217-9d9f-0b8cd8f6905c', 'As Permissões de Trabalho (PT) estão sendo emitidas para trabalhos de risco?', NULL, 'ok_nok', true, 3, 0, NULL) ON CONFLICT DO NOTHING;
INSERT INTO "public"."template_items" ("id", "template_id", "section_id", "question", "guidance", "response_type", "required", "weight", "order_index", "options") VALUES ('8779677e-4b11-44f3-a9d2-880f13643e8b', '88880c9e-7e9a-49fe-b6c6-5c02f43826cb', '791849b2-b21c-4217-9d9f-0b8cd8f6905c', 'Os procedimentos de bloqueio e etiquetagem (LOTO) são seguidos integralmente?', NULL, 'ok_nok', true, 3, 1, NULL) ON CONFLICT DO NOTHING;
INSERT INTO "public"."template_items" ("id", "template_id", "section_id", "question", "guidance", "response_type", "required", "weight", "order_index", "options") VALUES ('6a29750f-065d-4dbc-89a2-0c6fe006a24e', '88880c9e-7e9a-49fe-b6c6-5c02f43826cb', '791849b2-b21c-4217-9d9f-0b8cd8f6905c', 'A APR (Análise Preliminar de Riscos) é realizada antes de atividades não rotineiras?', NULL, 'ok_nok', true, 2, 2, NULL) ON CONFLICT DO NOTHING;
INSERT INTO "public"."template_items" ("id", "template_id", "section_id", "question", "guidance", "response_type", "required", "weight", "order_index", "options") VALUES ('094d5cf6-dc71-4c23-ab8f-d3a1baab3ede', '88880c9e-7e9a-49fe-b6c6-5c02f43826cb', '791849b2-b21c-4217-9d9f-0b8cd8f6905c', 'Trabalhos em altura (acima de 2m) são realizados somente com EPI específico e PT emitida?', NULL, 'ok_nok', true, 3, 3, NULL) ON CONFLICT DO NOTHING;
INSERT INTO "public"."template_items" ("id", "template_id", "section_id", "question", "guidance", "response_type", "required", "weight", "order_index", "options") VALUES ('cf3e1651-d29e-413a-8dad-f029fe82f40c', '88880c9e-7e9a-49fe-b6c6-5c02f43826cb', '791849b2-b21c-4217-9d9f-0b8cd8f6905c', 'Percentual de conformidade com os procedimentos de segurança nesta área:', NULL, 'percentage', true, 3, 4, NULL) ON CONFLICT DO NOTHING;
INSERT INTO "public"."template_items" ("id", "template_id", "section_id", "question", "guidance", "response_type", "required", "weight", "order_index", "options") VALUES ('903c054b-c732-40aa-ac35-6cebf7407101', '43a90961-e29b-4735-880f-bf26a96c7dfb', 'b94275be-6e67-487b-ba6f-29b2729dc5cb', 'O que fazer?', NULL, 'selection', true, 1, 0, '["Fazer 1","Fazer 2"]') ON CONFLICT DO NOTHING;
INSERT INTO "public"."template_items" ("id", "template_id", "section_id", "question", "guidance", "response_type", "required", "weight", "order_index", "options") VALUES ('544f532c-23b0-4ca2-88cb-6a8ec8f73cf2', '0155637a-2076-43f9-9051-5a63cf62ff97', 'befd3c18-a916-41e8-baa9-1c7b008d88e8', 'Esta tudo certo na logistica?', NULL, 'yes_no', true, 2, 0, NULL) ON CONFLICT DO NOTHING;
INSERT INTO "public"."template_items" ("id", "template_id", "section_id", "question", "guidance", "response_type", "required", "weight", "order_index", "options") VALUES ('ff892fc7-d332-47ec-98c8-d9d3b101fa53', '0155637a-2076-43f9-9051-5a63cf62ff97', 'befd3c18-a916-41e8-baa9-1c7b008d88e8', 'Tem certeza?', NULL, 'yes_no', true, 1, 1, NULL) ON CONFLICT DO NOTHING;
INSERT INTO "public"."template_items" ("id", "template_id", "section_id", "question", "guidance", "response_type", "required", "weight", "order_index", "options") VALUES ('712f9046-49d3-4b82-bc6e-3fdf5d2b9d21', '0155637a-2076-43f9-9051-5a63cf62ff97', '40f841c1-2df1-4262-8bce-482886f2db68', 'A produção esta conforme?', NULL, 'ok_nok', true, 1, 2, NULL) ON CONFLICT DO NOTHING;
INSERT INTO "public"."template_items" ("id", "template_id", "section_id", "question", "guidance", "response_type", "required", "weight", "order_index", "options") VALUES ('ff09113a-9a0b-4e4c-a3dc-bce511d9f203', '0155637a-2076-43f9-9051-5a63cf62ff97', '40f841c1-2df1-4262-8bce-482886f2db68', 'Tem certeza?', NULL, 'yes_no', true, 1, 3, NULL) ON CONFLICT DO NOTHING;
INSERT INTO "public"."template_items" ("id", "template_id", "section_id", "question", "guidance", "response_type", "required", "weight", "order_index", "options") VALUES ('a5c03909-4a23-4324-922e-dddda01b4d49', '4cf8f1aa-544d-49a9-9a09-25fd6297de1f', '89857302-d2ea-4bed-9935-ee3092c40c80', 'O laudo técnico de periculosidade/insalubridade está atualizado embasando os EPIs exigidos?', NULL, 'ok_nok', true, 2, 0, NULL) ON CONFLICT DO NOTHING;
INSERT INTO "public"."template_items" ("id", "template_id", "section_id", "question", "guidance", "response_type", "required", "weight", "order_index", "options") VALUES ('366163f2-e373-4086-9986-5a3c5c0d7e29', '4cf8f1aa-544d-49a9-9a09-25fd6297de1f', '89857302-d2ea-4bed-9935-ee3092c40c80', 'Os EPIs estão sendo armazenados adequadamente quando não em uso?', NULL, 'ok_nok', false, 1, 1, NULL) ON CONFLICT DO NOTHING;
INSERT INTO "public"."template_items" ("id", "template_id", "section_id", "question", "guidance", "response_type", "required", "weight", "order_index", "options") VALUES ('080c142f-ce62-4a92-a987-c6dcf4627ce6', '4cf8f1aa-544d-49a9-9a09-25fd6297de1f', '89857302-d2ea-4bed-9935-ee3092c40c80', 'O processo de descarte e substituição de EPIs deteriorados está funcionando?', NULL, 'ok_nok', true, 2, 2, NULL) ON CONFLICT DO NOTHING;
INSERT INTO "public"."template_items" ("id", "template_id", "section_id", "question", "guidance", "response_type", "required", "weight", "order_index", "options") VALUES ('180e11a0-a46d-401b-814f-25990bc0abc9', '4cf8f1aa-544d-49a9-9a09-25fd6297de1f', '89857302-d2ea-4bed-9935-ee3092c40c80', 'Existe ficha de EPI individual atualizada para cada colaborador com assinatura de recebimento?', NULL, 'ok_nok', true, 2, 3, NULL) ON CONFLICT DO NOTHING;
INSERT INTO "public"."template_items" ("id", "template_id", "section_id", "question", "guidance", "response_type", "required", "weight", "order_index", "options") VALUES ('9aea09fe-e956-4985-b287-5bbe60876175', 'f240b9b2-137a-478e-94f4-696215e52999', '0f3de129-974f-4566-8bcf-cf4d9ea442e3', 'Pergunta', NULL, 'percentage', true, 1, 0, NULL) ON CONFLICT DO NOTHING;

-- public.audits: 8 rows
INSERT INTO "public"."audits" ("id", "tenant_id", "template_id", "auditor_id", "status", "started_at", "completed_at", "title", "audit_type_id", "company_id", "perimeter_id", "created_at", "deadline", "conformity_percent") VALUES ('f74cc56c-7819-42f3-9351-e5931bdb6668', NULL, 'fabc179a-c56c-41f9-ba40-882f7c60c6ec', '23c45216-82b8-4bd3-ab2d-61becb9e9144', 'em_andamento', NULL, NULL, '5/O-20260429-2342-PS', '8fb30874-cb34-473e-8cb1-62c5410cc809', 'c37aa5ad-56f4-4c8c-bcc1-26ec7dd6ba02', 'f4c4b2dc-6c50-4dd3-9feb-b1ef6a18c224', '"2026-04-30T02:42:56.973Z"', '"2026-05-07T00:00:00.000Z"', NULL) ON CONFLICT DO NOTHING;
INSERT INTO "public"."audits" ("id", "tenant_id", "template_id", "auditor_id", "status", "started_at", "completed_at", "title", "audit_type_id", "company_id", "perimeter_id", "created_at", "deadline", "conformity_percent") VALUES ('05b1f6e3-5482-4b49-a8d4-f581a351c617', NULL, '88880c9e-7e9a-49fe-b6c6-5c02f43826cb', '23c45216-82b8-4bd3-ab2d-61becb9e9144', 'concluida', NULL, '"2026-04-30T16:39:59.826Z"', 'EHS-20260430-1037-PS', '921a38d7-3a82-4033-b167-a1924af5926c', 'c37aa5ad-56f4-4c8c-bcc1-26ec7dd6ba02', 'f4c4b2dc-6c50-4dd3-9feb-b1ef6a18c224', '"2026-04-30T13:37:58.380Z"', '"2026-05-29T00:00:00.000Z"', '89.71') ON CONFLICT DO NOTHING;
INSERT INTO "public"."audits" ("id", "tenant_id", "template_id", "auditor_id", "status", "started_at", "completed_at", "title", "audit_type_id", "company_id", "perimeter_id", "created_at", "deadline", "conformity_percent") VALUES ('2349120f-a5ce-4779-b9a2-85397b4191de', NULL, '007f9d1e-ec21-46ae-bd8f-fca3b95fcc20', '48c3661a-7176-4d27-89ce-e8ad634593be', 'em_andamento', NULL, NULL, 'RH-20260502-0645-EM', 'b7d8a8ee-0041-44bd-a458-2fa349e8da09', '807e2ae5-1acb-4e32-bd0f-766fb4bfa628', '8a934328-6c10-4a0b-add9-487a18ec3d61', '"2026-05-02T09:45:20.101Z"', '"2026-05-15T00:00:00.000Z"', NULL) ON CONFLICT DO NOTHING;
INSERT INTO "public"."audits" ("id", "tenant_id", "template_id", "auditor_id", "status", "started_at", "completed_at", "title", "audit_type_id", "company_id", "perimeter_id", "created_at", "deadline", "conformity_percent") VALUES ('1e8d1dfa-4e2b-4517-ad5a-939855d10b0f', NULL, 'bbd68200-c05c-4664-8e7f-3cc10e1383a7', '28df8c86-e2db-42a5-99d0-6d34d39772cf', 'cancelada', NULL, NULL, 'Q-20260501-1245-LM', 'aa8a75cc-825f-4b21-a0fe-61b1f03bc7a2', 'c37aa5ad-56f4-4c8c-bcc1-26ec7dd6ba02', 'f4c4b2dc-6c50-4dd3-9feb-b1ef6a18c224', '"2026-05-01T15:45:51.667Z"', NULL, NULL) ON CONFLICT DO NOTHING;
INSERT INTO "public"."audits" ("id", "tenant_id", "template_id", "auditor_id", "status", "started_at", "completed_at", "title", "audit_type_id", "company_id", "perimeter_id", "created_at", "deadline", "conformity_percent") VALUES ('9ed46ef2-68e8-451f-945d-e5cabc2d019d', NULL, '0ead5742-c9ba-422f-bf83-7928f295b66f', '37a24365-3a4e-4ba4-aa2e-fdbb6b59652e', 'concluida', NULL, '"2026-05-02T15:08:39.246Z"', 'L-20260502-0905-JDS', 'ca265fa8-c944-4bce-9a72-944044acc0bd', 'c37aa5ad-56f4-4c8c-bcc1-26ec7dd6ba02', 'f4c4b2dc-6c50-4dd3-9feb-b1ef6a18c224', '"2026-05-02T12:05:59.200Z"', '"2026-05-02T00:00:00.000Z"', '91.29') ON CONFLICT DO NOTHING;
INSERT INTO "public"."audits" ("id", "tenant_id", "template_id", "auditor_id", "status", "started_at", "completed_at", "title", "audit_type_id", "company_id", "perimeter_id", "created_at", "deadline", "conformity_percent") VALUES ('8b7ed3e5-82ae-4e88-b6b0-815f523da65b', NULL, 'b7cb0495-ebd0-4298-aae7-f0b6a4ca957e', '37a24365-3a4e-4ba4-aa2e-fdbb6b59652e', 'em_andamento', NULL, NULL, 'L-20260502-1530-JDS', 'ca265fa8-c944-4bce-9a72-944044acc0bd', 'c37aa5ad-56f4-4c8c-bcc1-26ec7dd6ba02', 'f4c4b2dc-6c50-4dd3-9feb-b1ef6a18c224', '"2026-05-02T18:30:31.667Z"', '"2026-05-02T00:00:00.000Z"', NULL) ON CONFLICT DO NOTHING;
INSERT INTO "public"."audits" ("id", "tenant_id", "template_id", "auditor_id", "status", "started_at", "completed_at", "title", "audit_type_id", "company_id", "perimeter_id", "created_at", "deadline", "conformity_percent") VALUES ('5c952a92-75a7-4bed-ae4f-96d5cd5660e9', NULL, 'd5e0b3a4-74d3-4ecb-a976-5a0318df541f', '37a24365-3a4e-4ba4-aa2e-fdbb6b59652e', 'concluida', NULL, '"2026-05-03T15:22:37.665Z"', 'F-20260503-0920-JDS', 'ff334170-46d0-4b29-bb0e-a6342e046d07', 'c37aa5ad-56f4-4c8c-bcc1-26ec7dd6ba02', 'f4c4b2dc-6c50-4dd3-9feb-b1ef6a18c224', '"2026-05-03T12:20:05.001Z"', '"2026-05-11T00:00:00.000Z"', '89.66') ON CONFLICT DO NOTHING;
INSERT INTO "public"."audits" ("id", "tenant_id", "template_id", "auditor_id", "status", "started_at", "completed_at", "title", "audit_type_id", "company_id", "perimeter_id", "created_at", "deadline", "conformity_percent") VALUES ('e0f559b7-c852-427f-ac6b-8c4bc7deb4ae', NULL, 'a3929e2c-830e-4321-abdb-48f782161b4c', '48c3661a-7176-4d27-89ce-e8ad634593be', 'em_andamento', NULL, NULL, 'LPA-20260508-0854-EM', '237b3f48-e1e6-4b3d-9413-6faed3ca9c75', '62ad0dff-236c-422e-af81-77f55b77ddda', '4e0c2bd3-413f-4f15-a8a8-152892bbfc75', '"2026-05-08T11:54:05.832Z"', '"2026-05-22T00:00:00.000Z"', NULL) ON CONFLICT DO NOTHING;

-- public.audit_answers: 64 rows
INSERT INTO "public"."audit_answers" ("id", "audit_id", "question_id", "answer", "created_at", "template_item_id", "response", "observation", "answered_at") VALUES ('08d782ab-4c31-47c1-b71b-27e9aebde9db', 'f74cc56c-7819-42f3-9351-e5931bdb6668', NULL, NULL, '"2026-04-30T05:43:07.549Z"', 'ead083c5-e059-4f5f-adbe-489deda539ca', 'ok', NULL, '"2026-04-29T23:43:07.474Z"') ON CONFLICT DO NOTHING;
INSERT INTO "public"."audit_answers" ("id", "audit_id", "question_id", "answer", "created_at", "template_item_id", "response", "observation", "answered_at") VALUES ('6b8a2091-951f-4505-9cd0-80b57d0e659a', 'f74cc56c-7819-42f3-9351-e5931bdb6668', NULL, NULL, '"2026-04-30T05:43:09.043Z"', 'cd0895c2-e2e0-434c-9ae2-5ce903f08861', 'yes', NULL, '"2026-04-29T23:43:08.959Z"') ON CONFLICT DO NOTHING;
INSERT INTO "public"."audit_answers" ("id", "audit_id", "question_id", "answer", "created_at", "template_item_id", "response", "observation", "answered_at") VALUES ('4e06335a-3b74-44f6-b50c-40d33d3fbb99', 'f74cc56c-7819-42f3-9351-e5931bdb6668', NULL, NULL, '"2026-04-30T05:43:09.458Z"', '745a7d2c-53ba-437a-a3fc-751639e0859c', 'ok', NULL, '"2026-04-29T23:43:09.407Z"') ON CONFLICT DO NOTHING;
INSERT INTO "public"."audit_answers" ("id", "audit_id", "question_id", "answer", "created_at", "template_item_id", "response", "observation", "answered_at") VALUES ('cdeaec14-8977-4e95-bab1-d697a61188b2', 'f74cc56c-7819-42f3-9351-e5931bdb6668', NULL, NULL, '"2026-04-30T05:43:10.058Z"', 'cffdf5d7-273f-4f47-99b2-bda862203bf9', 'ok', NULL, '"2026-04-29T23:43:09.980Z"') ON CONFLICT DO NOTHING;
INSERT INTO "public"."audit_answers" ("id", "audit_id", "question_id", "answer", "created_at", "template_item_id", "response", "observation", "answered_at") VALUES ('eee05ce0-b164-4f70-bcca-255ba28628d4', 'f74cc56c-7819-42f3-9351-e5931bdb6668', NULL, NULL, '"2026-04-30T05:43:11.245Z"', 'f78f1616-15b4-4cf6-9d1b-1994417e8ac6', 'ok', NULL, '"2026-04-29T23:43:11.184Z"') ON CONFLICT DO NOTHING;
INSERT INTO "public"."audit_answers" ("id", "audit_id", "question_id", "answer", "created_at", "template_item_id", "response", "observation", "answered_at") VALUES ('4c132fc7-bcfe-4ecc-8924-2af5417280e8', 'f74cc56c-7819-42f3-9351-e5931bdb6668', NULL, NULL, '"2026-04-30T05:43:12.423Z"', 'e7d76744-226a-4656-a32a-12ff7b5ed1c9', 'yes', NULL, '"2026-04-29T23:43:12.365Z"') ON CONFLICT DO NOTHING;
INSERT INTO "public"."audit_answers" ("id", "audit_id", "question_id", "answer", "created_at", "template_item_id", "response", "observation", "answered_at") VALUES ('aa1330d4-54ca-4568-aad1-3eb0dfa62d80', 'f74cc56c-7819-42f3-9351-e5931bdb6668', NULL, NULL, '"2026-04-30T05:43:13.724Z"', 'c61b1679-3a8d-495c-80f9-54b7820fa035', 'ok', NULL, '"2026-04-29T23:43:13.670Z"') ON CONFLICT DO NOTHING;
INSERT INTO "public"."audit_answers" ("id", "audit_id", "question_id", "answer", "created_at", "template_item_id", "response", "observation", "answered_at") VALUES ('9493565f-ab6b-49c7-9903-5f8614b5e852', 'f74cc56c-7819-42f3-9351-e5931bdb6668', NULL, NULL, '"2026-04-30T05:43:14.162Z"', 'aa5f230b-c415-44e7-8468-0a9cbe1a5557', 'ok', NULL, '"2026-04-29T23:43:14.115Z"') ON CONFLICT DO NOTHING;
INSERT INTO "public"."audit_answers" ("id", "audit_id", "question_id", "answer", "created_at", "template_item_id", "response", "observation", "answered_at") VALUES ('3afe9f72-49cf-443a-8812-902fb115ab2c', 'f74cc56c-7819-42f3-9351-e5931bdb6668', NULL, NULL, '"2026-04-30T05:43:15.475Z"', '03e3d845-40cd-4aa3-baf6-df994b97b3bf', 'ok', NULL, '"2026-04-29T23:43:15.421Z"') ON CONFLICT DO NOTHING;
INSERT INTO "public"."audit_answers" ("id", "audit_id", "question_id", "answer", "created_at", "template_item_id", "response", "observation", "answered_at") VALUES ('5ef401a1-19e4-4215-b611-bc83f7738fa4', 'f74cc56c-7819-42f3-9351-e5931bdb6668', NULL, NULL, '"2026-04-30T05:43:15.914Z"', '1d43c3ed-2f01-45fb-ba66-4b77a289362e', 'ok', NULL, '"2026-04-29T23:43:15.849Z"') ON CONFLICT DO NOTHING;
INSERT INTO "public"."audit_answers" ("id", "audit_id", "question_id", "answer", "created_at", "template_item_id", "response", "observation", "answered_at") VALUES ('40ff7908-b157-435e-ad49-dca8c1c96107', 'f74cc56c-7819-42f3-9351-e5931bdb6668', NULL, NULL, '"2026-04-30T05:43:16.946Z"', '415ebd18-8afe-4c4c-9f64-cb0cf905b47f', 'ok', NULL, '"2026-04-29T23:43:16.897Z"') ON CONFLICT DO NOTHING;
INSERT INTO "public"."audit_answers" ("id", "audit_id", "question_id", "answer", "created_at", "template_item_id", "response", "observation", "answered_at") VALUES ('e2d94871-d153-449f-84d8-b942fdd4c00d', 'f74cc56c-7819-42f3-9351-e5931bdb6668', NULL, NULL, '"2026-04-30T05:43:18.129Z"', 'db6f932a-9eef-492d-a9f5-83b3a1ae64ae', 'ok', NULL, '"2026-04-29T23:43:18.077Z"') ON CONFLICT DO NOTHING;
INSERT INTO "public"."audit_answers" ("id", "audit_id", "question_id", "answer", "created_at", "template_item_id", "response", "observation", "answered_at") VALUES ('f471c0ba-0c66-4a76-999a-2b0fa34601f9', 'f74cc56c-7819-42f3-9351-e5931bdb6668', NULL, NULL, '"2026-04-30T05:43:19.201Z"', '2d79f796-b981-4aa6-bbf7-30dcf36a7e6a', 'ok', NULL, '"2026-04-29T23:43:19.154Z"') ON CONFLICT DO NOTHING;
INSERT INTO "public"."audit_answers" ("id", "audit_id", "question_id", "answer", "created_at", "template_item_id", "response", "observation", "answered_at") VALUES ('8f1d8514-4091-42ac-bc6f-aeb34ca5d887', 'f74cc56c-7819-42f3-9351-e5931bdb6668', NULL, NULL, '"2026-04-30T05:43:20.912Z"', 'f3b4c0fd-6aea-410c-8429-301e7edff9ee', 'ok', NULL, '"2026-04-29T23:43:20.846Z"') ON CONFLICT DO NOTHING;
INSERT INTO "public"."audit_answers" ("id", "audit_id", "question_id", "answer", "created_at", "template_item_id", "response", "observation", "answered_at") VALUES ('7a4d5ccb-63c7-4cc6-b9c5-6d79f38a4187', 'f74cc56c-7819-42f3-9351-e5931bdb6668', NULL, NULL, '"2026-04-30T05:43:21.283Z"', '85c97407-7ad3-4bf6-8f69-f6ffa32a57d5', 'ok', NULL, '"2026-04-29T23:43:21.218Z"') ON CONFLICT DO NOTHING;
INSERT INTO "public"."audit_answers" ("id", "audit_id", "question_id", "answer", "created_at", "template_item_id", "response", "observation", "answered_at") VALUES ('dde3a90f-a8e8-43b0-9c4e-d2a7836f88ac', 'f74cc56c-7819-42f3-9351-e5931bdb6668', NULL, NULL, '"2026-04-30T05:43:22.328Z"', 'bfc3ae61-f2e3-4298-a263-caac817e3646', 'ok', NULL, '"2026-04-29T23:43:22.238Z"') ON CONFLICT DO NOTHING;
INSERT INTO "public"."audit_answers" ("id", "audit_id", "question_id", "answer", "created_at", "template_item_id", "response", "observation", "answered_at") VALUES ('1f523c14-41d2-4675-81bb-dafe6b47600b', 'f74cc56c-7819-42f3-9351-e5931bdb6668', NULL, NULL, '"2026-04-30T05:43:23.330Z"', '4dac6105-fce5-4312-9d94-37596cbb30f1', 'ok', NULL, '"2026-04-29T23:43:23.312Z"') ON CONFLICT DO NOTHING;
INSERT INTO "public"."audit_answers" ("id", "audit_id", "question_id", "answer", "created_at", "template_item_id", "response", "observation", "answered_at") VALUES ('e2e2fb57-300f-427c-b444-ae862d08c1ee', 'f74cc56c-7819-42f3-9351-e5931bdb6668', NULL, NULL, '"2026-04-30T05:43:24.477Z"', '59860348-a46a-4e16-aa4f-91a9cb3b6dd9', 'ok', NULL, '"2026-04-29T23:43:24.373Z"') ON CONFLICT DO NOTHING;
INSERT INTO "public"."audit_answers" ("id", "audit_id", "question_id", "answer", "created_at", "template_item_id", "response", "observation", "answered_at") VALUES ('79e79c23-cb14-4566-a185-fbecfcd46a20', 'f74cc56c-7819-42f3-9351-e5931bdb6668', NULL, NULL, '"2026-04-30T05:43:25.438Z"', '587a4940-61d0-4f9e-b4d1-d7005ac16aef', 'ok', NULL, '"2026-04-29T23:43:25.347Z"') ON CONFLICT DO NOTHING;
INSERT INTO "public"."audit_answers" ("id", "audit_id", "question_id", "answer", "created_at", "template_item_id", "response", "observation", "answered_at") VALUES ('6802f937-32c7-4ea7-9b2a-a6acb72308fd', 'f74cc56c-7819-42f3-9351-e5931bdb6668', NULL, NULL, '"2026-04-30T05:43:27.097Z"', '1470ad2b-a367-4bf5-950f-2095b1c736a0', 'ok', NULL, '"2026-04-29T23:43:27.030Z"') ON CONFLICT DO NOTHING;
INSERT INTO "public"."audit_answers" ("id", "audit_id", "question_id", "answer", "created_at", "template_item_id", "response", "observation", "answered_at") VALUES ('ab510570-577d-4460-9103-78c383983630', 'f74cc56c-7819-42f3-9351-e5931bdb6668', NULL, NULL, '"2026-04-30T05:43:30.891Z"', '1a350248-45f9-49af-9a15-e1fd1038720d', 'nok', NULL, '"2026-04-29T23:43:30.813Z"') ON CONFLICT DO NOTHING;
INSERT INTO "public"."audit_answers" ("id", "audit_id", "question_id", "answer", "created_at", "template_item_id", "response", "observation", "answered_at") VALUES ('7d366d7e-d5a4-44e1-aa55-5849cd66997e', '05b1f6e3-5482-4b49-a8d4-f581a351c617', NULL, NULL, '"2026-04-30T16:38:02.387Z"', '5835651e-9a23-488e-bb92-284703a438a7', 'nok', NULL, '"2026-04-30T10:38:02.318Z"') ON CONFLICT DO NOTHING;
INSERT INTO "public"."audit_answers" ("id", "audit_id", "question_id", "answer", "created_at", "template_item_id", "response", "observation", "answered_at") VALUES ('8b1b0db8-d4fc-4682-a03b-7e071fa38042', '05b1f6e3-5482-4b49-a8d4-f581a351c617', NULL, NULL, '"2026-04-30T16:39:35.673Z"', '8779677e-4b11-44f3-a9d2-880f13643e8b', 'ok', NULL, '"2026-04-30T10:39:35.578Z"') ON CONFLICT DO NOTHING;
INSERT INTO "public"."audit_answers" ("id", "audit_id", "question_id", "answer", "created_at", "template_item_id", "response", "observation", "answered_at") VALUES ('1ebf576e-e5d9-4083-95a7-77a7c49eb697', '05b1f6e3-5482-4b49-a8d4-f581a351c617', NULL, NULL, '"2026-04-30T16:39:37.117Z"', '6a29750f-065d-4dbc-89a2-0c6fe006a24e', 'ok', NULL, '"2026-04-30T10:39:37.035Z"') ON CONFLICT DO NOTHING;
INSERT INTO "public"."audit_answers" ("id", "audit_id", "question_id", "answer", "created_at", "template_item_id", "response", "observation", "answered_at") VALUES ('49bcc469-2f1e-421f-bdcd-02c9eb2afd52', '05b1f6e3-5482-4b49-a8d4-f581a351c617', NULL, NULL, '"2026-04-30T16:39:37.618Z"', '094d5cf6-dc71-4c23-ab8f-d3a1baab3ede', 'ok', NULL, '"2026-04-30T10:39:37.516Z"') ON CONFLICT DO NOTHING;
INSERT INTO "public"."audit_answers" ("id", "audit_id", "question_id", "answer", "created_at", "template_item_id", "response", "observation", "answered_at") VALUES ('6871fc92-8954-441b-96a1-7383a28ae823', '05b1f6e3-5482-4b49-a8d4-f581a351c617', NULL, NULL, '"2026-04-30T16:39:39.093Z"', 'cbe9f94d-1f11-494a-bf44-7dc7c2fc4e42', 'yes', NULL, '"2026-04-30T10:39:39.006Z"') ON CONFLICT DO NOTHING;
INSERT INTO "public"."audit_answers" ("id", "audit_id", "question_id", "answer", "created_at", "template_item_id", "response", "observation", "answered_at") VALUES ('d41af2f8-2ce4-4009-9508-2da23f87aaf9', '05b1f6e3-5482-4b49-a8d4-f581a351c617', NULL, NULL, '"2026-04-30T16:39:39.897Z"', 'cce50c95-46fb-44c7-8013-020893555d3a', 'yes', NULL, '"2026-04-30T10:39:39.824Z"') ON CONFLICT DO NOTHING;
INSERT INTO "public"."audit_answers" ("id", "audit_id", "question_id", "answer", "created_at", "template_item_id", "response", "observation", "answered_at") VALUES ('a16d5d71-54c5-493b-83de-d7ecf77f1499', '05b1f6e3-5482-4b49-a8d4-f581a351c617', NULL, NULL, '"2026-04-30T16:39:41.130Z"', 'df2e91fc-1450-45af-bfa4-484497a5b7c8', 'ok', NULL, '"2026-04-30T10:39:41.076Z"') ON CONFLICT DO NOTHING;
INSERT INTO "public"."audit_answers" ("id", "audit_id", "question_id", "answer", "created_at", "template_item_id", "response", "observation", "answered_at") VALUES ('3dfc75d3-6c75-41ac-9c81-2424e37edc69', '05b1f6e3-5482-4b49-a8d4-f581a351c617', NULL, NULL, '"2026-04-30T16:39:41.566Z"', 'ea909ce0-105f-40ce-a829-0d4db2bb0d68', 'ok', NULL, '"2026-04-30T10:39:41.507Z"') ON CONFLICT DO NOTHING;
INSERT INTO "public"."audit_answers" ("id", "audit_id", "question_id", "answer", "created_at", "template_item_id", "response", "observation", "answered_at") VALUES ('c29cbca6-ed29-484f-8e0e-e1758657d1af', '05b1f6e3-5482-4b49-a8d4-f581a351c617', NULL, NULL, '"2026-04-30T16:39:42.417Z"', '70a297f2-a474-48e2-b010-6bd5722d0f72', 'ok', NULL, '"2026-04-30T10:39:42.281Z"') ON CONFLICT DO NOTHING;
INSERT INTO "public"."audit_answers" ("id", "audit_id", "question_id", "answer", "created_at", "template_item_id", "response", "observation", "answered_at") VALUES ('6b6f7eb3-35f5-4703-b131-2cdeddafb2a7', '05b1f6e3-5482-4b49-a8d4-f581a351c617', NULL, NULL, '"2026-04-30T16:39:43.158Z"', '87403adc-3c64-4498-9f6b-9c2a985c78d7', 'ok', NULL, '"2026-04-30T10:39:43.088Z"') ON CONFLICT DO NOTHING;
INSERT INTO "public"."audit_answers" ("id", "audit_id", "question_id", "answer", "created_at", "template_item_id", "response", "observation", "answered_at") VALUES ('00691a02-82a1-4d5f-b521-f11b5c89a32d', '05b1f6e3-5482-4b49-a8d4-f581a351c617', NULL, NULL, '"2026-04-30T16:39:43.981Z"', '929bc90c-80e5-442a-b9d8-89a289dfb4ea', 'ok', NULL, '"2026-04-30T10:39:43.909Z"') ON CONFLICT DO NOTHING;
INSERT INTO "public"."audit_answers" ("id", "audit_id", "question_id", "answer", "created_at", "template_item_id", "response", "observation", "answered_at") VALUES ('3a530235-bdc9-43bd-a37c-58935a69daa9', '05b1f6e3-5482-4b49-a8d4-f581a351c617', NULL, NULL, '"2026-04-30T16:39:45.142Z"', 'd82b9fb4-27b7-46c9-8fb1-fbce322fb98b', 'yes', NULL, '"2026-04-30T10:39:45.066Z"') ON CONFLICT DO NOTHING;
INSERT INTO "public"."audit_answers" ("id", "audit_id", "question_id", "answer", "created_at", "template_item_id", "response", "observation", "answered_at") VALUES ('8e3b866b-a0a7-4ab1-8d70-006e443e0590', '05b1f6e3-5482-4b49-a8d4-f581a351c617', NULL, NULL, '"2026-04-30T16:39:46.884Z"', '983a7f97-8cfa-442b-998a-02ec3a8682ed', '4', NULL, '"2026-04-30T10:39:50.097Z"') ON CONFLICT DO NOTHING;
INSERT INTO "public"."audit_answers" ("id", "audit_id", "question_id", "answer", "created_at", "template_item_id", "response", "observation", "answered_at") VALUES ('755ff3be-0c5f-416b-8257-ebcfb23fc932', '05b1f6e3-5482-4b49-a8d4-f581a351c617', NULL, NULL, '"2026-04-30T16:39:56.742Z"', 'cf3e1651-d29e-413a-8dad-f029fe82f40c', '93', NULL, '"2026-04-30T10:39:57.098Z"') ON CONFLICT DO NOTHING;
INSERT INTO "public"."audit_answers" ("id", "audit_id", "question_id", "answer", "created_at", "template_item_id", "response", "observation", "answered_at") VALUES ('a39f12c1-91b9-41ce-8553-b53726fec864', 'f74cc56c-7819-42f3-9351-e5931bdb6668', NULL, NULL, '"2026-04-30T05:43:06.328Z"', '2f4f552f-ec2a-4159-ad48-efe69d17b712', 'nok', NULL, '"2026-04-30T10:43:47.850Z"') ON CONFLICT DO NOTHING;
INSERT INTO "public"."audit_answers" ("id", "audit_id", "question_id", "answer", "created_at", "template_item_id", "response", "observation", "answered_at") VALUES ('1a6b238c-b018-4c4f-9b30-25df2d8ac4d2', '9ed46ef2-68e8-451f-945d-e5cabc2d019d', NULL, NULL, '"2026-05-02T15:07:03.770Z"', '21d9a400-65f9-4be8-806e-b2c0628ea5b8', 'ok', NULL, '"2026-05-02T09:07:00.052Z"') ON CONFLICT DO NOTHING;
INSERT INTO "public"."audit_answers" ("id", "audit_id", "question_id", "answer", "created_at", "template_item_id", "response", "observation", "answered_at") VALUES ('c2193c03-5571-41fe-9ad2-a4393c423145', '9ed46ef2-68e8-451f-945d-e5cabc2d019d', NULL, NULL, '"2026-05-02T15:07:04.186Z"', 'e8cb4d95-6bee-45b3-a29a-1caeec2518eb', 'ok', NULL, '"2026-05-02T09:07:00.831Z"') ON CONFLICT DO NOTHING;
INSERT INTO "public"."audit_answers" ("id", "audit_id", "question_id", "answer", "created_at", "template_item_id", "response", "observation", "answered_at") VALUES ('1e088f1b-f9c3-4262-bcb3-1c3d8c9495d2', '9ed46ef2-68e8-451f-945d-e5cabc2d019d', NULL, NULL, '"2026-05-02T15:07:04.832Z"', '21aa4a54-32e7-413e-988c-15e122ecaebc', 'ok', NULL, '"2026-05-02T09:07:01.750Z"') ON CONFLICT DO NOTHING;
INSERT INTO "public"."audit_answers" ("id", "audit_id", "question_id", "answer", "created_at", "template_item_id", "response", "observation", "answered_at") VALUES ('422b3972-1661-46da-8184-ed447996e7d9', '9ed46ef2-68e8-451f-945d-e5cabc2d019d', NULL, NULL, '"2026-05-02T15:07:06.670Z"', '7cda8c29-31f0-4cb7-8091-cfe31f8ef4d1', '68', NULL, '"2026-05-02T09:07:03.585Z"') ON CONFLICT DO NOTHING;
INSERT INTO "public"."audit_answers" ("id", "audit_id", "question_id", "answer", "created_at", "template_item_id", "response", "observation", "answered_at") VALUES ('aa3cd82d-801d-4741-af69-c1ca0f5171c9', '9ed46ef2-68e8-451f-945d-e5cabc2d019d', NULL, NULL, '"2026-05-02T15:07:07.957Z"', 'b34d5214-df66-4bf8-ae70-a6545e17fcb4', 'ok', NULL, '"2026-05-02T09:07:04.879Z"') ON CONFLICT DO NOTHING;
INSERT INTO "public"."audit_answers" ("id", "audit_id", "question_id", "answer", "created_at", "template_item_id", "response", "observation", "answered_at") VALUES ('33f99f2c-499c-4fbb-801d-17bfeb22c2e3', '9ed46ef2-68e8-451f-945d-e5cabc2d019d', NULL, NULL, '"2026-05-02T15:07:09.990Z"', 'dec2c292-b108-4ca2-b1d6-9d750572454d', 'ok', NULL, '"2026-05-02T09:07:06.599Z"') ON CONFLICT DO NOTHING;
INSERT INTO "public"."audit_answers" ("id", "audit_id", "question_id", "answer", "created_at", "template_item_id", "response", "observation", "answered_at") VALUES ('677b34f4-ebd3-4126-abdd-854eb4f307e0', '9ed46ef2-68e8-451f-945d-e5cabc2d019d', NULL, NULL, '"2026-05-02T15:07:11.492Z"', 'ef35c0ef-c5c1-493f-ab7b-12b6cbb407da', 'ok', NULL, '"2026-05-02T09:07:08.414Z"') ON CONFLICT DO NOTHING;
INSERT INTO "public"."audit_answers" ("id", "audit_id", "question_id", "answer", "created_at", "template_item_id", "response", "observation", "answered_at") VALUES ('e2e3c212-7ede-48dd-bc8d-98787fe6be3d', '9ed46ef2-68e8-451f-945d-e5cabc2d019d', NULL, NULL, '"2026-05-02T15:07:12.552Z"', '2001766a-57d4-45d0-abeb-0cd0cd800b19', 'yes', NULL, '"2026-05-02T09:07:09.459Z"') ON CONFLICT DO NOTHING;
INSERT INTO "public"."audit_answers" ("id", "audit_id", "question_id", "answer", "created_at", "template_item_id", "response", "observation", "answered_at") VALUES ('72b724fe-107b-46a5-a556-20ba808f09fb', '9ed46ef2-68e8-451f-945d-e5cabc2d019d', NULL, NULL, '"2026-05-02T15:07:14.209Z"', 'f18e843a-ebc4-414c-900f-089a9f24e447', 'yes', NULL, '"2026-05-02T09:07:11.124Z"') ON CONFLICT DO NOTHING;
INSERT INTO "public"."audit_answers" ("id", "audit_id", "question_id", "answer", "created_at", "template_item_id", "response", "observation", "answered_at") VALUES ('5f6e9dae-41fb-41d4-a137-682e3726ab9d', '9ed46ef2-68e8-451f-945d-e5cabc2d019d', NULL, NULL, '"2026-05-02T15:07:15.030Z"', '222796cc-49eb-4ac6-9956-a1b8dd41c1c9', 'ok', NULL, '"2026-05-02T09:07:11.943Z"') ON CONFLICT DO NOTHING;
INSERT INTO "public"."audit_answers" ("id", "audit_id", "question_id", "answer", "created_at", "template_item_id", "response", "observation", "answered_at") VALUES ('4c21f385-8300-44e0-aaf5-48d63affbf81', '9ed46ef2-68e8-451f-945d-e5cabc2d019d', NULL, NULL, '"2026-05-02T15:07:16.530Z"', '7da3ddfe-5982-4f4e-a14a-454e364a93fa', 'ok', NULL, '"2026-05-02T09:07:13.440Z"') ON CONFLICT DO NOTHING;
INSERT INTO "public"."audit_answers" ("id", "audit_id", "question_id", "answer", "created_at", "template_item_id", "response", "observation", "answered_at") VALUES ('89c01a27-ebce-495d-97f1-2237ef5122e9', '9ed46ef2-68e8-451f-945d-e5cabc2d019d', NULL, NULL, '"2026-05-02T15:07:20.213Z"', '392207ee-2d3a-4bd8-982e-41d2994af421', 'ok', NULL, '"2026-05-02T09:07:17.122Z"') ON CONFLICT DO NOTHING;
INSERT INTO "public"."audit_answers" ("id", "audit_id", "question_id", "answer", "created_at", "template_item_id", "response", "observation", "answered_at") VALUES ('60bdf1e8-e589-42c5-970f-4b98d6e4d638', '9ed46ef2-68e8-451f-945d-e5cabc2d019d', NULL, NULL, '"2026-05-02T15:07:19.463Z"', '4c6415ba-e228-4ffa-8881-7dd6a3587efe', 'ok', NULL, '"2026-05-02T09:07:16.373Z"') ON CONFLICT DO NOTHING;
INSERT INTO "public"."audit_answers" ("id", "audit_id", "question_id", "answer", "created_at", "template_item_id", "response", "observation", "answered_at") VALUES ('35bfa3a9-4d06-43e4-84bf-eec28669677d', '9ed46ef2-68e8-451f-945d-e5cabc2d019d', NULL, NULL, '"2026-05-02T15:07:21.594Z"', 'd363b496-add9-4c05-b2cb-5bf4ef4261ab', 'no', NULL, '"2026-05-02T09:07:18.520Z"') ON CONFLICT DO NOTHING;
INSERT INTO "public"."audit_answers" ("id", "audit_id", "question_id", "answer", "created_at", "template_item_id", "response", "observation", "answered_at") VALUES ('77ceb2f9-fea2-4890-b136-5f6d39665a8c', '8b7ed3e5-82ae-4e88-b6b0-815f523da65b', NULL, NULL, '"2026-05-02T21:30:36.037Z"', '191b73c7-307b-41f6-8b0a-7834354a2e7e', 'nok', NULL, '"2026-05-02T15:30:35.640Z"') ON CONFLICT DO NOTHING;
INSERT INTO "public"."audit_answers" ("id", "audit_id", "question_id", "answer", "created_at", "template_item_id", "response", "observation", "answered_at") VALUES ('796e890a-a0b4-4196-a954-875279562898', '5c952a92-75a7-4bed-ae4f-96d5cd5660e9', NULL, NULL, '"2026-05-03T15:20:08.145Z"', '42599387-9312-446f-a22c-7ff4e6a2d394', 'ok', NULL, '"2026-05-03T09:20:07.717Z"') ON CONFLICT DO NOTHING;
INSERT INTO "public"."audit_answers" ("id", "audit_id", "question_id", "answer", "created_at", "template_item_id", "response", "observation", "answered_at") VALUES ('ec78a377-a738-4c52-b9e0-e8ca0a400728', '5c952a92-75a7-4bed-ae4f-96d5cd5660e9', NULL, NULL, '"2026-05-03T15:20:08.884Z"', 'a9d5514c-fb23-4a0d-8fc3-f13c60996890', 'ok', NULL, '"2026-05-03T09:20:08.522Z"') ON CONFLICT DO NOTHING;
INSERT INTO "public"."audit_answers" ("id", "audit_id", "question_id", "answer", "created_at", "template_item_id", "response", "observation", "answered_at") VALUES ('224cf798-defa-4254-94ab-67c43bae9119', '5c952a92-75a7-4bed-ae4f-96d5cd5660e9', NULL, NULL, '"2026-05-03T15:20:09.592Z"', '0a7faefc-cc22-40a9-aa86-629de7e85313', 'nok', NULL, '"2026-05-03T09:20:09.612Z"') ON CONFLICT DO NOTHING;
INSERT INTO "public"."audit_answers" ("id", "audit_id", "question_id", "answer", "created_at", "template_item_id", "response", "observation", "answered_at") VALUES ('316b60e1-bb7c-4275-8d1d-967ce7f75bb7', '5c952a92-75a7-4bed-ae4f-96d5cd5660e9', NULL, NULL, '"2026-05-03T15:22:23.220Z"', '7ceeed8a-61b5-4d7a-8195-a5e173208ba9', 'ok', NULL, '"2026-05-03T09:22:22.815Z"') ON CONFLICT DO NOTHING;
INSERT INTO "public"."audit_answers" ("id", "audit_id", "question_id", "answer", "created_at", "template_item_id", "response", "observation", "answered_at") VALUES ('b265f466-6ed3-41a4-b507-e4a8dcddc586', '5c952a92-75a7-4bed-ae4f-96d5cd5660e9', NULL, NULL, '"2026-05-03T15:22:24.046Z"', 'db1783c0-3ff3-450b-bbd8-1d9daae1ab0e', 'ok', NULL, '"2026-05-03T09:22:23.628Z"') ON CONFLICT DO NOTHING;
INSERT INTO "public"."audit_answers" ("id", "audit_id", "question_id", "answer", "created_at", "template_item_id", "response", "observation", "answered_at") VALUES ('447e14e3-d073-4b3e-bfb0-cf79ec616712', '5c952a92-75a7-4bed-ae4f-96d5cd5660e9', NULL, NULL, '"2026-05-03T15:22:25.607Z"', '414c8f0e-cbcc-42bf-884a-834f4858fb53', 'yes', NULL, '"2026-05-03T09:22:25.186Z"') ON CONFLICT DO NOTHING;
INSERT INTO "public"."audit_answers" ("id", "audit_id", "question_id", "answer", "created_at", "template_item_id", "response", "observation", "answered_at") VALUES ('3e167824-e210-4904-9a54-530085905f5b', '5c952a92-75a7-4bed-ae4f-96d5cd5660e9', NULL, NULL, '"2026-05-03T15:22:28.136Z"', '58439edd-fd85-4b98-b5ee-de2c2554b249', 'ok', NULL, '"2026-05-03T09:22:27.725Z"') ON CONFLICT DO NOTHING;
INSERT INTO "public"."audit_answers" ("id", "audit_id", "question_id", "answer", "created_at", "template_item_id", "response", "observation", "answered_at") VALUES ('de4e6c05-766f-47f4-bfd7-e819630ee3ac', '5c952a92-75a7-4bed-ae4f-96d5cd5660e9', NULL, NULL, '"2026-05-03T15:22:29.825Z"', 'e5920e81-c922-45f2-8ab1-9339a7e6adde', 'ok', NULL, '"2026-05-03T09:22:29.414Z"') ON CONFLICT DO NOTHING;
INSERT INTO "public"."audit_answers" ("id", "audit_id", "question_id", "answer", "created_at", "template_item_id", "response", "observation", "answered_at") VALUES ('62041cb5-2748-4c50-a18f-3a70c626d399', '5c952a92-75a7-4bed-ae4f-96d5cd5660e9', NULL, NULL, '"2026-05-03T15:22:31.113Z"', '979906c9-d7bc-4699-9afb-af3678e56256', 'ok', NULL, '"2026-05-03T09:22:30.702Z"') ON CONFLICT DO NOTHING;
INSERT INTO "public"."audit_answers" ("id", "audit_id", "question_id", "answer", "created_at", "template_item_id", "response", "observation", "answered_at") VALUES ('de9f447a-3286-4389-a3bd-e7eacccab955', '5c952a92-75a7-4bed-ae4f-96d5cd5660e9', NULL, NULL, '"2026-05-03T15:22:32.356Z"', 'b43442af-b52e-4783-a03d-aeb7ba822c5e', 'ok', NULL, '"2026-05-03T09:22:31.827Z"') ON CONFLICT DO NOTHING;
INSERT INTO "public"."audit_answers" ("id", "audit_id", "question_id", "answer", "created_at", "template_item_id", "response", "observation", "answered_at") VALUES ('2ab74fbb-9cd9-44c1-9ce6-c939077a369b', '5c952a92-75a7-4bed-ae4f-96d5cd5660e9', NULL, NULL, '"2026-05-03T15:22:33.807Z"', 'aa04fc71-9905-4e36-80f6-c58a8f618d4c', 'yes', NULL, '"2026-05-03T09:22:33.241Z"') ON CONFLICT DO NOTHING;
INSERT INTO "public"."audit_answers" ("id", "audit_id", "question_id", "answer", "created_at", "template_item_id", "response", "observation", "answered_at") VALUES ('9a772e33-5f9c-4331-a4f6-e32196b3e65c', '5c952a92-75a7-4bed-ae4f-96d5cd5660e9', NULL, NULL, '"2026-05-03T15:22:34.841Z"', '3768c963-7724-48b7-a051-87a7b9dc187c', 'ok', NULL, '"2026-05-03T09:22:34.425Z"') ON CONFLICT DO NOTHING;
INSERT INTO "public"."audit_answers" ("id", "audit_id", "question_id", "answer", "created_at", "template_item_id", "response", "observation", "answered_at") VALUES ('dee43353-e391-403c-abe2-b84f044c0d3e', 'e0f559b7-c852-427f-ac6b-8c4bc7deb4ae', NULL, NULL, '"2026-05-08T14:54:09.341Z"', '8e0761ac-63b1-4355-b0e4-82e0ad5ea424', 'nok', NULL, '"2026-05-08T08:54:08.942Z"') ON CONFLICT DO NOTHING;

-- public.audit_item_images: 3 rows
INSERT INTO "public"."audit_item_images" ("id", "audit_id", "template_item_id", "company_id", "storage_path", "created_by", "created_at", "corrective_action_id") VALUES ('72bc39c0-ddd3-4e30-819d-0de6e298f86c', '05b1f6e3-5482-4b49-a8d4-f581a351c617', '5835651e-9a23-488e-bb92-284703a438a7', 'c37aa5ad-56f4-4c8c-bcc1-26ec7dd6ba02', 'c37aa5ad-56f4-4c8c-bcc1-26ec7dd6ba02/05b1f6e3-5482-4b49-a8d4-f581a351c617/5835651e-9a23-488e-bb92-284703a438a7/3018956d-ab93-40fe-9929-cfdd7cd520a7.jpg', '23c45216-82b8-4bd3-ab2d-61becb9e9144', '"2026-04-30T13:38:24.402Z"', NULL) ON CONFLICT DO NOTHING;
INSERT INTO "public"."audit_item_images" ("id", "audit_id", "template_item_id", "company_id", "storage_path", "created_by", "created_at", "corrective_action_id") VALUES ('b1900ce5-ff1d-4fee-9582-030ff6a774f6', 'f74cc56c-7819-42f3-9351-e5931bdb6668', '2f4f552f-ec2a-4159-ad48-efe69d17b712', 'c37aa5ad-56f4-4c8c-bcc1-26ec7dd6ba02', 'c37aa5ad-56f4-4c8c-bcc1-26ec7dd6ba02/f74cc56c-7819-42f3-9351-e5931bdb6668/2f4f552f-ec2a-4159-ad48-efe69d17b712/8f658e67-de38-46fe-b2a5-95d8c9eb6784.jpg', '48c3661a-7176-4d27-89ce-e8ad634593be', '"2026-04-30T13:44:09.244Z"', NULL) ON CONFLICT DO NOTHING;
INSERT INTO "public"."audit_item_images" ("id", "audit_id", "template_item_id", "company_id", "storage_path", "created_by", "created_at", "corrective_action_id") VALUES ('77dede3e-e971-48e4-be7b-640093556468', '5c952a92-75a7-4bed-ae4f-96d5cd5660e9', '0a7faefc-cc22-40a9-aa86-629de7e85313', 'c37aa5ad-56f4-4c8c-bcc1-26ec7dd6ba02', 'c37aa5ad-56f4-4c8c-bcc1-26ec7dd6ba02/5c952a92-75a7-4bed-ae4f-96d5cd5660e9/0a7faefc-cc22-40a9-aa86-629de7e85313/994a4359-e14e-4676-994a-fe7274f44350.jpg', '37a24365-3a4e-4ba4-aa2e-fdbb6b59652e', '"2026-05-03T12:20:45.710Z"', NULL) ON CONFLICT DO NOTHING;

-- public.non_conformities: 0 rows
-- public.corrective_actions: 0 rows
-- public.checklist_templates: 18 rows
INSERT INTO "public"."checklist_templates" ("id", "name", "category", "description", "is_padrao", "company_id", "created_by", "created_at") VALUES ('a1b2c3d4-0001-0001-0001-000000000001', 'Inspeção de EPI e Segurança do Trabalho', 'industrial', 'Verifica conformidade do uso de EPIs e condições de segurança no ambiente de trabalho.', true, NULL, NULL, '"2026-05-04T11:12:50.840Z"') ON CONFLICT DO NOTHING;
INSERT INTO "public"."checklist_templates" ("id", "name", "category", "description", "is_padrao", "company_id", "created_by", "created_at") VALUES ('a1b2c3d4-0001-0001-0001-000000000002', 'Auditoria de 5S Industrial', 'industrial', 'Avalia a aplicação dos 5 sensos: Seiri, Seiton, Seiso, Seiketsu e Shitsuke.', true, NULL, NULL, '"2026-05-04T11:12:50.840Z"') ON CONFLICT DO NOTHING;
INSERT INTO "public"."checklist_templates" ("id", "name", "category", "description", "is_padrao", "company_id", "created_by", "created_at") VALUES ('a1b2c3d4-0001-0001-0001-000000000003', 'Inspeção de Máquinas e Equipamentos', 'industrial', 'Verifica estado de conservação, proteções e operacionalidade de máquinas.', true, NULL, NULL, '"2026-05-04T11:12:50.840Z"') ON CONFLICT DO NOTHING;
INSERT INTO "public"."checklist_templates" ("id", "name", "category", "description", "is_padrao", "company_id", "created_by", "created_at") VALUES ('a1b2c3d4-0001-0001-0001-000000000004', 'Checklist de Manutenção Preventiva', 'industrial', 'Controle de atividades de manutenção preventiva em equipamentos críticos.', true, NULL, NULL, '"2026-05-04T11:12:50.840Z"') ON CONFLICT DO NOTHING;
INSERT INTO "public"."checklist_templates" ("id", "name", "category", "description", "is_padrao", "company_id", "created_by", "created_at") VALUES ('a1b2c3d4-0001-0001-0001-000000000005', 'Inspeção de Riscos Elétricos', 'industrial', 'Avalia condições de instalações elétricas e conformidade com NR-10.', true, NULL, NULL, '"2026-05-04T11:12:50.840Z"') ON CONFLICT DO NOTHING;
INSERT INTO "public"."checklist_templates" ("id", "name", "category", "description", "is_padrao", "company_id", "created_by", "created_at") VALUES ('b2c3d4e5-0002-0002-0002-000000000001', 'Vistoria de Veículo Leve', 'transportadora', 'Inspeção pré-viagem de veículos leves: pneus, freios, fluidos e documentação.', true, NULL, NULL, '"2026-05-04T11:12:50.840Z"') ON CONFLICT DO NOTHING;
INSERT INTO "public"."checklist_templates" ("id", "name", "category", "description", "is_padrao", "company_id", "created_by", "created_at") VALUES ('b2c3d4e5-0002-0002-0002-000000000002', 'Vistoria de Veículo Pesado / Caminhão', 'transportadora', 'Inspeção pré-viagem de caminhões e veículos pesados conforme CONTRAN.', true, NULL, NULL, '"2026-05-04T11:12:50.840Z"') ON CONFLICT DO NOTHING;
INSERT INTO "public"."checklist_templates" ("id", "name", "category", "description", "is_padrao", "company_id", "created_by", "created_at") VALUES ('b2c3d4e5-0002-0002-0002-000000000003', 'Checklist de Carregamento e Embalagem', 'transportadora', 'Verifica correto acondicionamento, lacração e rotulagem de cargas.', true, NULL, NULL, '"2026-05-04T11:12:50.840Z"') ON CONFLICT DO NOTHING;
INSERT INTO "public"."checklist_templates" ("id", "name", "category", "description", "is_padrao", "company_id", "created_by", "created_at") VALUES ('b2c3d4e5-0002-0002-0002-000000000004', 'Inspeção de Motorista e Documentação', 'transportadora', 'Confere habilitação, exame médico, tacógrafo e conformidade do motorista.', true, NULL, NULL, '"2026-05-04T11:12:50.840Z"') ON CONFLICT DO NOTHING;
INSERT INTO "public"."checklist_templates" ("id", "name", "category", "description", "is_padrao", "company_id", "created_by", "created_at") VALUES ('b2c3d4e5-0002-0002-0002-000000000005', 'Auditoria de Processo de Entrega', 'transportadora', 'Avalia o processo completo de entrega: recebimento, conferência e assinatura.', true, NULL, NULL, '"2026-05-04T11:12:50.840Z"') ON CONFLICT DO NOTHING;
INSERT INTO "public"."checklist_templates" ("id", "name", "category", "description", "is_padrao", "company_id", "created_by", "created_at") VALUES ('295a55f0-ca50-4874-8437-e5af6503cf37', 'Auditoria de 5S Industrial (cópia)', 'industrial', 'Avalia a aplicação dos 5 sensos: Seiri, Seiton, Seiso, Seiketsu e Shitsuke.', false, NULL, '37a24365-3a4e-4ba4-aa2e-fdbb6b59652e', '"2026-05-04T14:40:11.544Z"') ON CONFLICT DO NOTHING;
INSERT INTO "public"."checklist_templates" ("id", "name", "category", "description", "is_padrao", "company_id", "created_by", "created_at") VALUES ('d75fb5ec-3c3d-40d9-8e96-d19bce5f61f4', 'Vistoria de Veículo Pesado / Caminhão (cópia)', 'transportadora', 'Inspeção pré-viagem de caminhões e veículos pesados conforme CONTRAN.', false, NULL, '37a24365-3a4e-4ba4-aa2e-fdbb6b59652e', '"2026-05-04T14:44:55.493Z"') ON CONFLICT DO NOTHING;
INSERT INTO "public"."checklist_templates" ("id", "name", "category", "description", "is_padrao", "company_id", "created_by", "created_at") VALUES ('5baf7395-da57-437b-b72a-c58cff80ba95', 'Vistoria de Veículo Pesado / Caminhão (cópia) (cópia)', 'transportadora', 'Inspeção pré-viagem de caminhões e veículos pesados conforme CONTRAN.', false, NULL, '48c3661a-7176-4d27-89ce-e8ad634593be', '"2026-05-07T22:26:10.679Z"') ON CONFLICT DO NOTHING;
INSERT INTO "public"."checklist_templates" ("id", "name", "category", "description", "is_padrao", "company_id", "created_by", "created_at") VALUES ('b94f4805-2f08-58a0-95d0-924801c59eab', 'Veículos Corporativos 1', 'transportadora', 'Checklist de vistoria: Veículos Corporativos 1', false, 'e37e95e4-d263-4c10-aa40-b70ae2df75d7', NULL, '"2026-05-08T03:40:35.952Z"') ON CONFLICT DO NOTHING;
INSERT INTO "public"."checklist_templates" ("id", "name", "category", "description", "is_padrao", "company_id", "created_by", "created_at") VALUES ('7def77e2-4206-5b9b-b0cc-838d54ce377f', 'VANS', 'transportadora', 'Checklist de vistoria: VANS', false, 'e37e95e4-d263-4c10-aa40-b70ae2df75d7', NULL, '"2026-05-08T03:40:35.952Z"') ON CONFLICT DO NOTHING;
INSERT INTO "public"."checklist_templates" ("id", "name", "category", "description", "is_padrao", "company_id", "created_by", "created_at") VALUES ('213dd64d-cad0-5a0e-8838-79455aedcc79', 'Veículos Corporativos', 'transportadora', 'Checklist de vistoria: Veículos Corporativos', false, 'e37e95e4-d263-4c10-aa40-b70ae2df75d7', NULL, '"2026-05-08T03:40:35.952Z"') ON CONFLICT DO NOTHING;
INSERT INTO "public"."checklist_templates" ("id", "name", "category", "description", "is_padrao", "company_id", "created_by", "created_at") VALUES ('c8cbc66c-ea80-5c52-aca0-90058ef49ad8', 'Caminhão / Munck', 'transportadora', 'Checklist de vistoria: Caminhão / Munck', false, 'e37e95e4-d263-4c10-aa40-b70ae2df75d7', NULL, '"2026-05-08T03:40:35.952Z"') ON CONFLICT DO NOTHING;
INSERT INTO "public"."checklist_templates" ("id", "name", "category", "description", "is_padrao", "company_id", "created_by", "created_at") VALUES ('e18c1725-a0ab-4523-9d71-a8edb7e1ee69', 'Veículos Corporativos', 'transportadora', 'Checklist de vistoria: Veículos Corporativos 1', false, NULL, '48c3661a-7176-4d27-89ce-e8ad634593be', '"2026-05-08T03:44:33.262Z"') ON CONFLICT DO NOTHING;

-- public.checklist_template_items: 281 rows
INSERT INTO "public"."checklist_template_items" ("id", "template_id", "description", "item_type", "order_index", "created_at", "options") VALUES ('3ceb2a69-1c3b-4f31-9cc8-0d678877d4d6', 'a1b2c3d4-0001-0001-0001-000000000001', 'Todos os colaboradores utilizam EPIs adequados à função?', 'yes_no', 0, '"2026-05-04T11:12:50.840Z"', NULL) ON CONFLICT DO NOTHING;
INSERT INTO "public"."checklist_template_items" ("id", "template_id", "description", "item_type", "order_index", "created_at", "options") VALUES ('99c2d00f-9d71-42c7-969c-a5e09cabe146', 'a1b2c3d4-0001-0001-0001-000000000001', 'Os EPIs estão em bom estado de conservação?', 'yes_no', 1, '"2026-05-04T11:12:50.840Z"', NULL) ON CONFLICT DO NOTHING;
INSERT INTO "public"."checklist_template_items" ("id", "template_id", "description", "item_type", "order_index", "created_at", "options") VALUES ('658abb12-ffe1-4e1d-bdc1-3bbd6b1e661a', 'a1b2c3d4-0001-0001-0001-000000000001', 'As saídas de emergência estão desobstruídas?', 'yes_no', 2, '"2026-05-04T11:12:50.840Z"', NULL) ON CONFLICT DO NOTHING;
INSERT INTO "public"."checklist_template_items" ("id", "template_id", "description", "item_type", "order_index", "created_at", "options") VALUES ('3d1be8b6-5d2d-4b54-a69f-351ada6951d1', 'a1b2c3d4-0001-0001-0001-000000000001', 'Os extintores estão dentro do prazo de validade?', 'yes_no', 3, '"2026-05-04T11:12:50.840Z"', NULL) ON CONFLICT DO NOTHING;
INSERT INTO "public"."checklist_template_items" ("id", "template_id", "description", "item_type", "order_index", "created_at", "options") VALUES ('7831382c-1ce6-4a85-97b0-e872ce3f15a1', 'a1b2c3d4-0001-0001-0001-000000000001', 'Observações gerais de segurança', 'text', 4, '"2026-05-04T11:12:50.840Z"', NULL) ON CONFLICT DO NOTHING;
INSERT INTO "public"."checklist_template_items" ("id", "template_id", "description", "item_type", "order_index", "created_at", "options") VALUES ('246e3a98-f2ac-4a58-821c-8e4a630d4cf3', 'a1b2c3d4-0001-0001-0001-000000000002', 'Os materiais desnecessários foram descartados (Seiri)?', 'yes_no', 0, '"2026-05-04T11:12:50.840Z"', NULL) ON CONFLICT DO NOTHING;
INSERT INTO "public"."checklist_template_items" ("id", "template_id", "description", "item_type", "order_index", "created_at", "options") VALUES ('0721878d-cba9-4fdb-82f0-d77230757023', 'a1b2c3d4-0001-0001-0001-000000000002', 'Itens estão identificados e em locais definidos (Seiton)?', 'yes_no', 1, '"2026-05-04T11:12:50.840Z"', NULL) ON CONFLICT DO NOTHING;
INSERT INTO "public"."checklist_template_items" ("id", "template_id", "description", "item_type", "order_index", "created_at", "options") VALUES ('1d2cfd85-c7be-4d10-b98f-3aef0def1c87', 'a1b2c3d4-0001-0001-0001-000000000002', 'O ambiente está limpo e sem resíduos (Seiso)?', 'yes_no', 2, '"2026-05-04T11:12:50.840Z"', NULL) ON CONFLICT DO NOTHING;
INSERT INTO "public"."checklist_template_items" ("id", "template_id", "description", "item_type", "order_index", "created_at", "options") VALUES ('1a11ddb3-2bf8-424b-b4f8-f86490574598', 'a1b2c3d4-0001-0001-0001-000000000002', 'Os padrões definidos estão sendo seguidos (Seiketsu)?', 'yes_no', 3, '"2026-05-04T11:12:50.840Z"', NULL) ON CONFLICT DO NOTHING;
INSERT INTO "public"."checklist_template_items" ("id", "template_id", "description", "item_type", "order_index", "created_at", "options") VALUES ('2279a039-5b03-4fd1-9a95-56a7d036fdff', 'a1b2c3d4-0001-0001-0001-000000000002', 'Nota geral de disciplina do setor (1-10)', 'number', 4, '"2026-05-04T11:12:50.840Z"', NULL) ON CONFLICT DO NOTHING;
INSERT INTO "public"."checklist_template_items" ("id", "template_id", "description", "item_type", "order_index", "created_at", "options") VALUES ('7dc15407-114d-443d-8b6c-f75a05d4b17c', 'a1b2c3d4-0001-0001-0001-000000000003', 'As proteções de segurança das máquinas estão instaladas?', 'yes_no', 0, '"2026-05-04T11:12:50.840Z"', NULL) ON CONFLICT DO NOTHING;
INSERT INTO "public"."checklist_template_items" ("id", "template_id", "description", "item_type", "order_index", "created_at", "options") VALUES ('ddff7647-d75f-49ec-928e-a86463d4ccc3', 'a1b2c3d4-0001-0001-0001-000000000003', 'Existe sinalização de risco nas máquinas?', 'yes_no', 1, '"2026-05-04T11:12:50.840Z"', NULL) ON CONFLICT DO NOTHING;
INSERT INTO "public"."checklist_template_items" ("id", "template_id", "description", "item_type", "order_index", "created_at", "options") VALUES ('70573651-fa5a-4b1c-9e78-527b437c2a27', 'a1b2c3d4-0001-0001-0001-000000000003', 'As máquinas possuem botão de emergência funcionando?', 'yes_no', 2, '"2026-05-04T11:12:50.840Z"', NULL) ON CONFLICT DO NOTHING;
INSERT INTO "public"."checklist_template_items" ("id", "template_id", "description", "item_type", "order_index", "created_at", "options") VALUES ('a4cb97dd-0342-4e64-9896-b9f15342bed9', 'a1b2c3d4-0001-0001-0001-000000000003', 'Há registro de manutenção atualizado?', 'yes_no', 3, '"2026-05-04T11:12:50.840Z"', NULL) ON CONFLICT DO NOTHING;
INSERT INTO "public"."checklist_template_items" ("id", "template_id", "description", "item_type", "order_index", "created_at", "options") VALUES ('48085a2c-b5e2-4062-9b13-618252811172', 'a1b2c3d4-0001-0001-0001-000000000003', 'Descreva irregularidades encontradas', 'text', 4, '"2026-05-04T11:12:50.840Z"', NULL) ON CONFLICT DO NOTHING;
INSERT INTO "public"."checklist_template_items" ("id", "template_id", "description", "item_type", "order_index", "created_at", "options") VALUES ('5a26fc77-0961-404e-85f4-49de3fcf3847', 'a1b2c3d4-0001-0001-0001-000000000004', 'O plano de manutenção preventiva está atualizado?', 'yes_no', 0, '"2026-05-04T11:12:50.840Z"', NULL) ON CONFLICT DO NOTHING;
INSERT INTO "public"."checklist_template_items" ("id", "template_id", "description", "item_type", "order_index", "created_at", "options") VALUES ('dad8129e-0eb2-4ac9-a58d-d8dbf3b9645d', 'a1b2c3d4-0001-0001-0001-000000000004', 'As últimas manutenções foram realizadas no prazo?', 'yes_no', 1, '"2026-05-04T11:12:50.840Z"', NULL) ON CONFLICT DO NOTHING;
INSERT INTO "public"."checklist_template_items" ("id", "template_id", "description", "item_type", "order_index", "created_at", "options") VALUES ('92ee7af9-cae1-41f8-b085-fadb72bacdce', 'a1b2c3d4-0001-0001-0001-000000000004', 'Os lubrificantes utilizados estão dentro da especificação?', 'yes_no', 2, '"2026-05-04T11:12:50.840Z"', NULL) ON CONFLICT DO NOTHING;
INSERT INTO "public"."checklist_template_items" ("id", "template_id", "description", "item_type", "order_index", "created_at", "options") VALUES ('23be1595-ccb4-4a57-9342-f188f72a7f4f', 'a1b2c3d4-0001-0001-0001-000000000004', 'Data da próxima manutenção programada', 'date', 3, '"2026-05-04T11:12:50.840Z"', NULL) ON CONFLICT DO NOTHING;
INSERT INTO "public"."checklist_template_items" ("id", "template_id", "description", "item_type", "order_index", "created_at", "options") VALUES ('de6849f7-6b4e-47f3-b04b-87c7e6e0f28a', 'a1b2c3d4-0001-0001-0001-000000000004', 'Observações do técnico responsável', 'text', 4, '"2026-05-04T11:12:50.840Z"', NULL) ON CONFLICT DO NOTHING;
INSERT INTO "public"."checklist_template_items" ("id", "template_id", "description", "item_type", "order_index", "created_at", "options") VALUES ('5ec0d735-1f25-4082-91a8-91b8c59d4a19', 'a1b2c3d4-0001-0001-0001-000000000005', 'Quadros elétricos estão identificados e trancados?', 'yes_no', 0, '"2026-05-04T11:12:50.840Z"', NULL) ON CONFLICT DO NOTHING;
INSERT INTO "public"."checklist_template_items" ("id", "template_id", "description", "item_type", "order_index", "created_at", "options") VALUES ('a32ab9dc-617f-41eb-bf75-cd7c275a2a4e', 'a1b2c3d4-0001-0001-0001-000000000005', 'Os cabos elétricos estão protegidos e sem exposição?', 'yes_no', 1, '"2026-05-04T11:12:50.840Z"', NULL) ON CONFLICT DO NOTHING;
INSERT INTO "public"."checklist_template_items" ("id", "template_id", "description", "item_type", "order_index", "created_at", "options") VALUES ('d457be19-1f6f-4c0a-bbdf-2aad7702a4b6', 'a1b2c3d4-0001-0001-0001-000000000005', 'Há aterramento adequado nas instalações?', 'yes_no', 2, '"2026-05-04T11:12:50.840Z"', NULL) ON CONFLICT DO NOTHING;
INSERT INTO "public"."checklist_template_items" ("id", "template_id", "description", "item_type", "order_index", "created_at", "options") VALUES ('763be0c4-b9b1-4a44-989d-7a5b33956556', 'a1b2c3d4-0001-0001-0001-000000000005', 'Os colaboradores possuem treinamento NR-10 válido?', 'yes_no', 3, '"2026-05-04T11:12:50.840Z"', NULL) ON CONFLICT DO NOTHING;
INSERT INTO "public"."checklist_template_items" ("id", "template_id", "description", "item_type", "order_index", "created_at", "options") VALUES ('d1c6048e-f09f-427c-b4d2-7d3f3ae64712', 'a1b2c3d4-0001-0001-0001-000000000005', 'Registro fotográfico de não conformidades', 'photo', 4, '"2026-05-04T11:12:50.840Z"', NULL) ON CONFLICT DO NOTHING;
INSERT INTO "public"."checklist_template_items" ("id", "template_id", "description", "item_type", "order_index", "created_at", "options") VALUES ('b1ad796e-aaae-4cee-b0b0-f912d5742a35', 'b2c3d4e5-0002-0002-0002-000000000001', 'Pneus em bom estado (sem desgaste excessivo ou furos)?', 'yes_no', 0, '"2026-05-04T11:12:50.840Z"', NULL) ON CONFLICT DO NOTHING;
INSERT INTO "public"."checklist_template_items" ("id", "template_id", "description", "item_type", "order_index", "created_at", "options") VALUES ('c809f1b9-64ec-4754-bdc7-f91af9651a13', 'b2c3d4e5-0002-0002-0002-000000000001', 'Freios funcionando corretamente?', 'yes_no', 1, '"2026-05-04T11:12:50.840Z"', NULL) ON CONFLICT DO NOTHING;
INSERT INTO "public"."checklist_template_items" ("id", "template_id", "description", "item_type", "order_index", "created_at", "options") VALUES ('bdefd51f-3ccc-4111-a1bc-fdee17dc3551', 'b2c3d4e5-0002-0002-0002-000000000001', 'Nível de óleo e fluidos verificados?', 'yes_no', 2, '"2026-05-04T11:12:50.840Z"', NULL) ON CONFLICT DO NOTHING;
INSERT INTO "public"."checklist_template_items" ("id", "template_id", "description", "item_type", "order_index", "created_at", "options") VALUES ('a7492737-6013-4ad7-961b-aab1bda46cc1', 'b2c3d4e5-0002-0002-0002-000000000001', 'Documentação do veículo (CRLV, seguro) em dia?', 'yes_no', 3, '"2026-05-04T11:12:50.840Z"', NULL) ON CONFLICT DO NOTHING;
INSERT INTO "public"."checklist_template_items" ("id", "template_id", "description", "item_type", "order_index", "created_at", "options") VALUES ('8497463b-6689-474d-8f02-6ad1e7314436', 'b2c3d4e5-0002-0002-0002-000000000001', 'Observações sobre o estado geral do veículo', 'text', 4, '"2026-05-04T11:12:50.840Z"', NULL) ON CONFLICT DO NOTHING;
INSERT INTO "public"."checklist_template_items" ("id", "template_id", "description", "item_type", "order_index", "created_at", "options") VALUES ('1bdea415-7599-4b51-a1f9-33d14260034d', 'b2c3d4e5-0002-0002-0002-000000000002', 'Pneus (incluindo estepes) em condições adequadas?', 'yes_no', 0, '"2026-05-04T11:12:50.840Z"', NULL) ON CONFLICT DO NOTHING;
INSERT INTO "public"."checklist_template_items" ("id", "template_id", "description", "item_type", "order_index", "created_at", "options") VALUES ('144b076a-a3d3-4a31-9770-9b3e5d2221f8', 'b2c3d4e5-0002-0002-0002-000000000002', 'Sistema de freios (serviço e estacionamento) funcionando?', 'yes_no', 1, '"2026-05-04T11:12:50.840Z"', NULL) ON CONFLICT DO NOTHING;
INSERT INTO "public"."checklist_template_items" ("id", "template_id", "description", "item_type", "order_index", "created_at", "options") VALUES ('bfcdbafd-02e0-488e-9a07-b3e1611d44f9', 'b2c3d4e5-0002-0002-0002-000000000002', 'Luzes e sinalização em funcionamento?', 'yes_no', 2, '"2026-05-04T11:12:50.840Z"', NULL) ON CONFLICT DO NOTHING;
INSERT INTO "public"."checklist_template_items" ("id", "template_id", "description", "item_type", "order_index", "created_at", "options") VALUES ('67305a64-c056-4a01-86d4-fc9f5dc8d309', 'b2c3d4e5-0002-0002-0002-000000000002', 'Tacógrafo calibrado e funcionando?', 'yes_no', 3, '"2026-05-04T11:12:50.840Z"', NULL) ON CONFLICT DO NOTHING;
INSERT INTO "public"."checklist_template_items" ("id", "template_id", "description", "item_type", "order_index", "created_at", "options") VALUES ('78572415-aa63-40ec-a433-a6f16dc85f81', 'b2c3d4e5-0002-0002-0002-000000000002', 'Número do lacre do tacógrafo', 'text', 4, '"2026-05-04T11:12:50.840Z"', NULL) ON CONFLICT DO NOTHING;
INSERT INTO "public"."checklist_template_items" ("id", "template_id", "description", "item_type", "order_index", "created_at", "options") VALUES ('2b606bf2-cb6f-44e9-ba8b-6a7d456340d5', 'b2c3d4e5-0002-0002-0002-000000000003', 'A carga está corretamente identificada e rotulada?', 'yes_no', 0, '"2026-05-04T11:12:50.840Z"', NULL) ON CONFLICT DO NOTHING;
INSERT INTO "public"."checklist_template_items" ("id", "template_id", "description", "item_type", "order_index", "created_at", "options") VALUES ('cf573832-e9c8-41ed-94d2-1a0ce476aa40', 'b2c3d4e5-0002-0002-0002-000000000003', 'O acondicionamento impede deslocamento durante o transporte?', 'yes_no', 1, '"2026-05-04T11:12:50.840Z"', NULL) ON CONFLICT DO NOTHING;
INSERT INTO "public"."checklist_template_items" ("id", "template_id", "description", "item_type", "order_index", "created_at", "options") VALUES ('cab62baf-3045-45c5-94fd-d85b206ebf51', 'b2c3d4e5-0002-0002-0002-000000000003', 'O lacre de segurança foi aplicado corretamente?', 'yes_no', 2, '"2026-05-04T11:12:50.840Z"', NULL) ON CONFLICT DO NOTHING;
INSERT INTO "public"."checklist_template_items" ("id", "template_id", "description", "item_type", "order_index", "created_at", "options") VALUES ('142c1894-734c-4690-a707-09f1014375de', 'b2c3d4e5-0002-0002-0002-000000000003', 'O peso da carga está dentro do limite da frota?', 'yes_no', 3, '"2026-05-04T11:12:50.840Z"', NULL) ON CONFLICT DO NOTHING;
INSERT INTO "public"."checklist_template_items" ("id", "template_id", "description", "item_type", "order_index", "created_at", "options") VALUES ('3f016883-2198-4384-8db6-4ff4a4782b44', 'b2c3d4e5-0002-0002-0002-000000000003', 'Número do documento de transporte (CT-e / MDF-e)', 'text', 4, '"2026-05-04T11:12:50.840Z"', NULL) ON CONFLICT DO NOTHING;
INSERT INTO "public"."checklist_template_items" ("id", "template_id", "description", "item_type", "order_index", "created_at", "options") VALUES ('2d8e2875-f5d7-4d01-8354-1f283598f6db', 'b2c3d4e5-0002-0002-0002-000000000004', 'CNH válida e compatível com a categoria do veículo?', 'yes_no', 0, '"2026-05-04T11:12:50.840Z"', NULL) ON CONFLICT DO NOTHING;
INSERT INTO "public"."checklist_template_items" ("id", "template_id", "description", "item_type", "order_index", "created_at", "options") VALUES ('9f242833-21cc-4b16-bc7b-408f173881c1', 'b2c3d4e5-0002-0002-0002-000000000004', 'Exame médico ocupacional em dia?', 'yes_no', 1, '"2026-05-04T11:12:50.840Z"', NULL) ON CONFLICT DO NOTHING;
INSERT INTO "public"."checklist_template_items" ("id", "template_id", "description", "item_type", "order_index", "created_at", "options") VALUES ('fc6fc591-a8ff-4a21-b4e6-7a065de1e4a0', 'b2c3d4e5-0002-0002-0002-000000000004', 'Motorista descansado (respeito à jornada e HS)?', 'yes_no', 2, '"2026-05-04T11:12:50.840Z"', NULL) ON CONFLICT DO NOTHING;
INSERT INTO "public"."checklist_template_items" ("id", "template_id", "description", "item_type", "order_index", "created_at", "options") VALUES ('334b4d57-c341-489b-b747-0abc5a5c3903', 'b2c3d4e5-0002-0002-0002-000000000004', 'Treinamento de direção defensiva realizado no último ano?', 'yes_no', 3, '"2026-05-04T11:12:50.840Z"', NULL) ON CONFLICT DO NOTHING;
INSERT INTO "public"."checklist_template_items" ("id", "template_id", "description", "item_type", "order_index", "created_at", "options") VALUES ('de5eec69-9d63-411c-addb-f91e6a8b056a', 'b2c3d4e5-0002-0002-0002-000000000004', 'Data de vencimento do exame médico', 'date', 4, '"2026-05-04T11:12:50.840Z"', NULL) ON CONFLICT DO NOTHING;
INSERT INTO "public"."checklist_template_items" ("id", "template_id", "description", "item_type", "order_index", "created_at", "options") VALUES ('dbc19f0c-0a9a-45b3-883f-9a7b07bac62e', 'b2c3d4e5-0002-0002-0002-000000000005', 'O destinatário confirmou o recebimento?', 'yes_no', 0, '"2026-05-04T11:12:50.840Z"', NULL) ON CONFLICT DO NOTHING;
INSERT INTO "public"."checklist_template_items" ("id", "template_id", "description", "item_type", "order_index", "created_at", "options") VALUES ('33befa05-b87e-4960-9ddf-8a870c844062', 'b2c3d4e5-0002-0002-0002-000000000005', 'A quantidade entregue confere com o pedido?', 'yes_no', 1, '"2026-05-04T11:12:50.840Z"', NULL) ON CONFLICT DO NOTHING;
INSERT INTO "public"."checklist_template_items" ("id", "template_id", "description", "item_type", "order_index", "created_at", "options") VALUES ('81b543fe-d38e-4ede-98f1-66369215a531', 'b2c3d4e5-0002-0002-0002-000000000005', 'Houve avaria ou perda durante o transporte?', 'yes_no', 2, '"2026-05-04T11:12:50.840Z"', NULL) ON CONFLICT DO NOTHING;
INSERT INTO "public"."checklist_template_items" ("id", "template_id", "description", "item_type", "order_index", "created_at", "options") VALUES ('90f37db7-dfcd-4ea1-be31-f0584d72b475', 'b2c3d4e5-0002-0002-0002-000000000005', 'Assinatura do recebedor coletada?', 'yes_no', 3, '"2026-05-04T11:12:50.840Z"', NULL) ON CONFLICT DO NOTHING;
INSERT INTO "public"."checklist_template_items" ("id", "template_id", "description", "item_type", "order_index", "created_at", "options") VALUES ('fa9c84f9-fac9-4091-9739-71652f6e35b6', 'b2c3d4e5-0002-0002-0002-000000000005', 'Observações sobre a entrega', 'text', 4, '"2026-05-04T11:12:50.840Z"', NULL) ON CONFLICT DO NOTHING;
INSERT INTO "public"."checklist_template_items" ("id", "template_id", "description", "item_type", "order_index", "created_at", "options") VALUES ('b7a4f3bb-e358-4d01-a23b-31c14882a577', '295a55f0-ca50-4874-8437-e5af6503cf37', 'Os materiais desnecessários foram descartados (Seiri)?', 'yes_no', 0, '"2026-05-04T14:40:29.301Z"', NULL) ON CONFLICT DO NOTHING;
INSERT INTO "public"."checklist_template_items" ("id", "template_id", "description", "item_type", "order_index", "created_at", "options") VALUES ('cf7a3d45-6d5b-4095-b53b-1e5711bdddd9', '295a55f0-ca50-4874-8437-e5af6503cf37', 'Itens estão identificados e em locais definidos (Seiton)?', 'yes_no', 1, '"2026-05-04T14:40:29.301Z"', NULL) ON CONFLICT DO NOTHING;
INSERT INTO "public"."checklist_template_items" ("id", "template_id", "description", "item_type", "order_index", "created_at", "options") VALUES ('10579512-f751-4ed5-abbf-b35fba66f91a', '295a55f0-ca50-4874-8437-e5af6503cf37', 'O ambiente está limpo e sem resíduos (Seiso)?', 'yes_no', 2, '"2026-05-04T14:40:29.301Z"', NULL) ON CONFLICT DO NOTHING;
INSERT INTO "public"."checklist_template_items" ("id", "template_id", "description", "item_type", "order_index", "created_at", "options") VALUES ('270ea3d4-dd2a-4e93-ad7b-13d11db9a4d6', '295a55f0-ca50-4874-8437-e5af6503cf37', 'Os padrões definidos estão sendo seguidos (Seiketsu)?', 'yes_no', 3, '"2026-05-04T14:40:29.301Z"', NULL) ON CONFLICT DO NOTHING;
INSERT INTO "public"."checklist_template_items" ("id", "template_id", "description", "item_type", "order_index", "created_at", "options") VALUES ('2dd317c7-3e90-4d13-8255-136a75c456a5', '295a55f0-ca50-4874-8437-e5af6503cf37', 'Nota geral de disciplina do setor (1-10)', 'number', 4, '"2026-05-04T14:40:29.301Z"', NULL) ON CONFLICT DO NOTHING;
INSERT INTO "public"."checklist_template_items" ("id", "template_id", "description", "item_type", "order_index", "created_at", "options") VALUES ('0f256f47-a23b-44fa-8b55-1598c47ff788', 'd75fb5ec-3c3d-40d9-8e96-d19bce5f61f4', 'Pneus (incluindo estepes) em condições adequadas?', 'yes_no', 0, '"2026-05-04T14:45:08.300Z"', NULL) ON CONFLICT DO NOTHING;
INSERT INTO "public"."checklist_template_items" ("id", "template_id", "description", "item_type", "order_index", "created_at", "options") VALUES ('9829c542-e023-463f-879d-e62394936ddf', 'd75fb5ec-3c3d-40d9-8e96-d19bce5f61f4', 'Sistema de freios (serviço e estacionamento) funcionando?', 'yes_no', 1, '"2026-05-04T14:45:08.300Z"', NULL) ON CONFLICT DO NOTHING;
INSERT INTO "public"."checklist_template_items" ("id", "template_id", "description", "item_type", "order_index", "created_at", "options") VALUES ('35a0aba5-b36c-4f0c-8498-e0529568fe7c', 'd75fb5ec-3c3d-40d9-8e96-d19bce5f61f4', 'Luzes e sinalização em funcionamento?', 'yes_no', 2, '"2026-05-04T14:45:08.300Z"', NULL) ON CONFLICT DO NOTHING;
INSERT INTO "public"."checklist_template_items" ("id", "template_id", "description", "item_type", "order_index", "created_at", "options") VALUES ('6bf05dc4-2cb3-402d-a92b-008e1418ad86', 'd75fb5ec-3c3d-40d9-8e96-d19bce5f61f4', 'Tacógrafo calibrado e funcionando?', 'yes_no', 3, '"2026-05-04T14:45:08.300Z"', NULL) ON CONFLICT DO NOTHING;
INSERT INTO "public"."checklist_template_items" ("id", "template_id", "description", "item_type", "order_index", "created_at", "options") VALUES ('a6e5e313-74ab-44b2-8a44-5d60f7781943', 'd75fb5ec-3c3d-40d9-8e96-d19bce5f61f4', 'Número do lacre do tacógrafo', 'text', 4, '"2026-05-04T14:45:08.300Z"', NULL) ON CONFLICT DO NOTHING;
INSERT INTO "public"."checklist_template_items" ("id", "template_id", "description", "item_type", "order_index", "created_at", "options") VALUES ('ba68df6c-894d-4cd3-a698-aa7179cff14e', 'a1b2c3d4-0001-0001-0001-000000000001', 'Todos os colaboradores utilizam EPIs adequados à função?', 'yes_no', 0, '"2026-05-06T22:51:00.851Z"', NULL) ON CONFLICT DO NOTHING;
INSERT INTO "public"."checklist_template_items" ("id", "template_id", "description", "item_type", "order_index", "created_at", "options") VALUES ('b4ed57d7-1842-4fc6-bfd5-790241869df6', 'a1b2c3d4-0001-0001-0001-000000000001', 'Os EPIs estão em bom estado de conservação?', 'yes_no', 1, '"2026-05-06T22:51:00.851Z"', NULL) ON CONFLICT DO NOTHING;
INSERT INTO "public"."checklist_template_items" ("id", "template_id", "description", "item_type", "order_index", "created_at", "options") VALUES ('0c166a4f-9ee0-49c9-95c2-c4888462e383', 'a1b2c3d4-0001-0001-0001-000000000001', 'As saídas de emergência estão desobstruídas?', 'yes_no', 2, '"2026-05-06T22:51:00.851Z"', NULL) ON CONFLICT DO NOTHING;
INSERT INTO "public"."checklist_template_items" ("id", "template_id", "description", "item_type", "order_index", "created_at", "options") VALUES ('855f6c3d-094a-4221-ae00-8e444b5f1ca5', 'a1b2c3d4-0001-0001-0001-000000000001', 'Os extintores estão dentro do prazo de validade?', 'yes_no', 3, '"2026-05-06T22:51:00.851Z"', NULL) ON CONFLICT DO NOTHING;
INSERT INTO "public"."checklist_template_items" ("id", "template_id", "description", "item_type", "order_index", "created_at", "options") VALUES ('a520f960-7fdc-4949-812a-4d8ebb8c767d', 'a1b2c3d4-0001-0001-0001-000000000001', 'Observações gerais de segurança', 'text', 4, '"2026-05-06T22:51:00.851Z"', NULL) ON CONFLICT DO NOTHING;
INSERT INTO "public"."checklist_template_items" ("id", "template_id", "description", "item_type", "order_index", "created_at", "options") VALUES ('b5bf05f1-a198-4dec-9d10-9b9b7474a644', 'a1b2c3d4-0001-0001-0001-000000000002', 'Os materiais desnecessários foram descartados (Seiri)?', 'yes_no', 0, '"2026-05-06T22:51:00.851Z"', NULL) ON CONFLICT DO NOTHING;
INSERT INTO "public"."checklist_template_items" ("id", "template_id", "description", "item_type", "order_index", "created_at", "options") VALUES ('3f06b550-eb25-4548-b9db-7218f5a12c44', 'a1b2c3d4-0001-0001-0001-000000000002', 'Itens estão identificados e em locais definidos (Seiton)?', 'yes_no', 1, '"2026-05-06T22:51:00.851Z"', NULL) ON CONFLICT DO NOTHING;
INSERT INTO "public"."checklist_template_items" ("id", "template_id", "description", "item_type", "order_index", "created_at", "options") VALUES ('03c890cb-d4ca-4b7b-8d55-be85a68e9b35', 'a1b2c3d4-0001-0001-0001-000000000002', 'O ambiente está limpo e sem resíduos (Seiso)?', 'yes_no', 2, '"2026-05-06T22:51:00.851Z"', NULL) ON CONFLICT DO NOTHING;
INSERT INTO "public"."checklist_template_items" ("id", "template_id", "description", "item_type", "order_index", "created_at", "options") VALUES ('959392fa-007a-4f61-9cba-4b8c611d6ee9', 'a1b2c3d4-0001-0001-0001-000000000002', 'Os padrões definidos estão sendo seguidos (Seiketsu)?', 'yes_no', 3, '"2026-05-06T22:51:00.851Z"', NULL) ON CONFLICT DO NOTHING;
INSERT INTO "public"."checklist_template_items" ("id", "template_id", "description", "item_type", "order_index", "created_at", "options") VALUES ('14eb8bba-ae7a-48bd-b72d-40f73f1ce5b6', 'a1b2c3d4-0001-0001-0001-000000000002', 'Nota geral de disciplina do setor (1-10)', 'number', 4, '"2026-05-06T22:51:00.851Z"', NULL) ON CONFLICT DO NOTHING;
INSERT INTO "public"."checklist_template_items" ("id", "template_id", "description", "item_type", "order_index", "created_at", "options") VALUES ('f12418b4-8258-42ef-906a-ee2b21f6c3e4', 'a1b2c3d4-0001-0001-0001-000000000003', 'As proteções de segurança das máquinas estão instaladas?', 'yes_no', 0, '"2026-05-06T22:51:00.851Z"', NULL) ON CONFLICT DO NOTHING;
INSERT INTO "public"."checklist_template_items" ("id", "template_id", "description", "item_type", "order_index", "created_at", "options") VALUES ('9ed079af-527c-42b8-85b3-f365f11477ac', 'a1b2c3d4-0001-0001-0001-000000000003', 'Existe sinalização de risco nas máquinas?', 'yes_no', 1, '"2026-05-06T22:51:00.851Z"', NULL) ON CONFLICT DO NOTHING;
INSERT INTO "public"."checklist_template_items" ("id", "template_id", "description", "item_type", "order_index", "created_at", "options") VALUES ('e4f9079e-f9a3-4e62-a318-f35ca7971dc6', 'a1b2c3d4-0001-0001-0001-000000000003', 'As máquinas possuem botão de emergência funcionando?', 'yes_no', 2, '"2026-05-06T22:51:00.851Z"', NULL) ON CONFLICT DO NOTHING;
INSERT INTO "public"."checklist_template_items" ("id", "template_id", "description", "item_type", "order_index", "created_at", "options") VALUES ('a5d08f16-8ec1-484a-8eef-f3a85128cbff', 'a1b2c3d4-0001-0001-0001-000000000003', 'Há registro de manutenção atualizado?', 'yes_no', 3, '"2026-05-06T22:51:00.851Z"', NULL) ON CONFLICT DO NOTHING;
INSERT INTO "public"."checklist_template_items" ("id", "template_id", "description", "item_type", "order_index", "created_at", "options") VALUES ('6feea2f9-3efa-42e4-921e-edd03d03e992', 'a1b2c3d4-0001-0001-0001-000000000003', 'Descreva irregularidades encontradas', 'text', 4, '"2026-05-06T22:51:00.851Z"', NULL) ON CONFLICT DO NOTHING;
INSERT INTO "public"."checklist_template_items" ("id", "template_id", "description", "item_type", "order_index", "created_at", "options") VALUES ('9202f8ad-07fd-4a60-84b1-acf7a3b0f2de', 'a1b2c3d4-0001-0001-0001-000000000004', 'O plano de manutenção preventiva está atualizado?', 'yes_no', 0, '"2026-05-06T22:51:00.851Z"', NULL) ON CONFLICT DO NOTHING;
INSERT INTO "public"."checklist_template_items" ("id", "template_id", "description", "item_type", "order_index", "created_at", "options") VALUES ('37e8cb44-0199-4ded-be8e-a3f62b9fb40e', 'a1b2c3d4-0001-0001-0001-000000000004', 'As últimas manutenções foram realizadas no prazo?', 'yes_no', 1, '"2026-05-06T22:51:00.851Z"', NULL) ON CONFLICT DO NOTHING;
INSERT INTO "public"."checklist_template_items" ("id", "template_id", "description", "item_type", "order_index", "created_at", "options") VALUES ('bdaed6c3-d722-4479-8f65-06ffc4a28ea7', 'a1b2c3d4-0001-0001-0001-000000000004', 'Os lubrificantes utilizados estão dentro da especificação?', 'yes_no', 2, '"2026-05-06T22:51:00.851Z"', NULL) ON CONFLICT DO NOTHING;
INSERT INTO "public"."checklist_template_items" ("id", "template_id", "description", "item_type", "order_index", "created_at", "options") VALUES ('1510b55f-08bd-47d8-b131-4d66f49a41c6', 'a1b2c3d4-0001-0001-0001-000000000004', 'Data da próxima manutenção programada', 'date', 3, '"2026-05-06T22:51:00.851Z"', NULL) ON CONFLICT DO NOTHING;
INSERT INTO "public"."checklist_template_items" ("id", "template_id", "description", "item_type", "order_index", "created_at", "options") VALUES ('11eeb1dd-d49b-4f1d-9af4-d6481e51b7be', 'a1b2c3d4-0001-0001-0001-000000000004', 'Observações do técnico responsável', 'text', 4, '"2026-05-06T22:51:00.851Z"', NULL) ON CONFLICT DO NOTHING;
INSERT INTO "public"."checklist_template_items" ("id", "template_id", "description", "item_type", "order_index", "created_at", "options") VALUES ('58aad16a-53a8-4cba-a953-6fcc94b54a5c', 'a1b2c3d4-0001-0001-0001-000000000005', 'Quadros elétricos estão identificados e trancados?', 'yes_no', 0, '"2026-05-06T22:51:00.851Z"', NULL) ON CONFLICT DO NOTHING;
INSERT INTO "public"."checklist_template_items" ("id", "template_id", "description", "item_type", "order_index", "created_at", "options") VALUES ('c9e65db4-a856-4ee0-8e72-450a0316c57c', 'a1b2c3d4-0001-0001-0001-000000000005', 'Os cabos elétricos estão protegidos e sem exposição?', 'yes_no', 1, '"2026-05-06T22:51:00.851Z"', NULL) ON CONFLICT DO NOTHING;
INSERT INTO "public"."checklist_template_items" ("id", "template_id", "description", "item_type", "order_index", "created_at", "options") VALUES ('da2f9f47-9d95-42ae-aea9-e32841687352', 'a1b2c3d4-0001-0001-0001-000000000005', 'Há aterramento adequado nas instalações?', 'yes_no', 2, '"2026-05-06T22:51:00.851Z"', NULL) ON CONFLICT DO NOTHING;
INSERT INTO "public"."checklist_template_items" ("id", "template_id", "description", "item_type", "order_index", "created_at", "options") VALUES ('e881aba9-1f8b-47eb-83d5-997deac77d4c', 'a1b2c3d4-0001-0001-0001-000000000005', 'Os colaboradores possuem treinamento NR-10 válido?', 'yes_no', 3, '"2026-05-06T22:51:00.851Z"', NULL) ON CONFLICT DO NOTHING;
INSERT INTO "public"."checklist_template_items" ("id", "template_id", "description", "item_type", "order_index", "created_at", "options") VALUES ('7d3feef0-7203-4ef6-ad44-7b80a593f95f', 'a1b2c3d4-0001-0001-0001-000000000005', 'Registro fotográfico de não conformidades', 'photo', 4, '"2026-05-06T22:51:00.851Z"', NULL) ON CONFLICT DO NOTHING;
INSERT INTO "public"."checklist_template_items" ("id", "template_id", "description", "item_type", "order_index", "created_at", "options") VALUES ('38162f61-9300-4cc6-b0a7-8b54b463a91e', 'b2c3d4e5-0002-0002-0002-000000000001', 'Pneus em bom estado (sem desgaste excessivo ou furos)?', 'yes_no', 0, '"2026-05-06T22:51:00.851Z"', NULL) ON CONFLICT DO NOTHING;
INSERT INTO "public"."checklist_template_items" ("id", "template_id", "description", "item_type", "order_index", "created_at", "options") VALUES ('01cf05ca-c3ee-4da9-9235-69f05bd4b84c', 'b2c3d4e5-0002-0002-0002-000000000001', 'Freios funcionando corretamente?', 'yes_no', 1, '"2026-05-06T22:51:00.851Z"', NULL) ON CONFLICT DO NOTHING;
INSERT INTO "public"."checklist_template_items" ("id", "template_id", "description", "item_type", "order_index", "created_at", "options") VALUES ('b88f9e56-4fd9-4a43-9e09-f726742ddbda', 'b2c3d4e5-0002-0002-0002-000000000001', 'Nível de óleo e fluidos verificados?', 'yes_no', 2, '"2026-05-06T22:51:00.851Z"', NULL) ON CONFLICT DO NOTHING;
INSERT INTO "public"."checklist_template_items" ("id", "template_id", "description", "item_type", "order_index", "created_at", "options") VALUES ('020c780e-d600-4a0d-bfea-a6974e060850', 'b2c3d4e5-0002-0002-0002-000000000001', 'Documentação do veículo (CRLV, seguro) em dia?', 'yes_no', 3, '"2026-05-06T22:51:00.851Z"', NULL) ON CONFLICT DO NOTHING;
INSERT INTO "public"."checklist_template_items" ("id", "template_id", "description", "item_type", "order_index", "created_at", "options") VALUES ('df3b08a7-a9bc-4678-8f35-fa1771495642', 'b2c3d4e5-0002-0002-0002-000000000001', 'Observações sobre o estado geral do veículo', 'text', 4, '"2026-05-06T22:51:00.851Z"', NULL) ON CONFLICT DO NOTHING;
INSERT INTO "public"."checklist_template_items" ("id", "template_id", "description", "item_type", "order_index", "created_at", "options") VALUES ('16012354-4fcb-4927-84ea-b329a660891c', 'b2c3d4e5-0002-0002-0002-000000000002', 'Pneus (incluindo estepes) em condições adequadas?', 'yes_no', 0, '"2026-05-06T22:51:00.851Z"', NULL) ON CONFLICT DO NOTHING;
INSERT INTO "public"."checklist_template_items" ("id", "template_id", "description", "item_type", "order_index", "created_at", "options") VALUES ('8ff90f2c-0fb1-4ca9-af3f-394c85f88b52', 'b2c3d4e5-0002-0002-0002-000000000002', 'Sistema de freios (serviço e estacionamento) funcionando?', 'yes_no', 1, '"2026-05-06T22:51:00.851Z"', NULL) ON CONFLICT DO NOTHING;
INSERT INTO "public"."checklist_template_items" ("id", "template_id", "description", "item_type", "order_index", "created_at", "options") VALUES ('949303fe-aad5-4d31-a179-f42ce65b66a0', 'b2c3d4e5-0002-0002-0002-000000000002', 'Luzes e sinalização em funcionamento?', 'yes_no', 2, '"2026-05-06T22:51:00.851Z"', NULL) ON CONFLICT DO NOTHING;
INSERT INTO "public"."checklist_template_items" ("id", "template_id", "description", "item_type", "order_index", "created_at", "options") VALUES ('8b621a4a-822f-4a3c-b788-ae77f03c1a5c', 'b2c3d4e5-0002-0002-0002-000000000002', 'Tacógrafo calibrado e funcionando?', 'yes_no', 3, '"2026-05-06T22:51:00.851Z"', NULL) ON CONFLICT DO NOTHING;
INSERT INTO "public"."checklist_template_items" ("id", "template_id", "description", "item_type", "order_index", "created_at", "options") VALUES ('0a7f5715-eddc-4ba1-a4f6-6498b73e63e5', 'b2c3d4e5-0002-0002-0002-000000000002', 'Número do lacre do tacógrafo', 'text', 4, '"2026-05-06T22:51:00.851Z"', NULL) ON CONFLICT DO NOTHING;
INSERT INTO "public"."checklist_template_items" ("id", "template_id", "description", "item_type", "order_index", "created_at", "options") VALUES ('94787fb5-3598-4675-9797-652a165615c5', 'b2c3d4e5-0002-0002-0002-000000000003', 'A carga está corretamente identificada e rotulada?', 'yes_no', 0, '"2026-05-06T22:51:00.851Z"', NULL) ON CONFLICT DO NOTHING;
INSERT INTO "public"."checklist_template_items" ("id", "template_id", "description", "item_type", "order_index", "created_at", "options") VALUES ('bb6a6426-e85b-4a9d-80a6-91f7ac05a81c', 'b2c3d4e5-0002-0002-0002-000000000003', 'O acondicionamento impede deslocamento durante o transporte?', 'yes_no', 1, '"2026-05-06T22:51:00.851Z"', NULL) ON CONFLICT DO NOTHING;
INSERT INTO "public"."checklist_template_items" ("id", "template_id", "description", "item_type", "order_index", "created_at", "options") VALUES ('660dc900-d600-454f-9db6-1fb5db53816c', 'b2c3d4e5-0002-0002-0002-000000000003', 'O lacre de segurança foi aplicado corretamente?', 'yes_no', 2, '"2026-05-06T22:51:00.851Z"', NULL) ON CONFLICT DO NOTHING;
INSERT INTO "public"."checklist_template_items" ("id", "template_id", "description", "item_type", "order_index", "created_at", "options") VALUES ('cf9c4540-0f72-45a8-a85a-7a57bde6cf8d', 'b2c3d4e5-0002-0002-0002-000000000003', 'O peso da carga está dentro do limite da frota?', 'yes_no', 3, '"2026-05-06T22:51:00.851Z"', NULL) ON CONFLICT DO NOTHING;
INSERT INTO "public"."checklist_template_items" ("id", "template_id", "description", "item_type", "order_index", "created_at", "options") VALUES ('47a87760-6551-49eb-bd31-e2bbb0be2802', 'b2c3d4e5-0002-0002-0002-000000000003', 'Número do documento de transporte (CT-e / MDF-e)', 'text', 4, '"2026-05-06T22:51:00.851Z"', NULL) ON CONFLICT DO NOTHING;
INSERT INTO "public"."checklist_template_items" ("id", "template_id", "description", "item_type", "order_index", "created_at", "options") VALUES ('993df017-b3a6-415f-89f3-6ecf7c8b265a', 'b2c3d4e5-0002-0002-0002-000000000004', 'CNH válida e compatível com a categoria do veículo?', 'yes_no', 0, '"2026-05-06T22:51:00.851Z"', NULL) ON CONFLICT DO NOTHING;
INSERT INTO "public"."checklist_template_items" ("id", "template_id", "description", "item_type", "order_index", "created_at", "options") VALUES ('f4a3b44a-958a-40ca-8c1c-f50abd2fe32e', 'b2c3d4e5-0002-0002-0002-000000000004', 'Exame médico ocupacional em dia?', 'yes_no', 1, '"2026-05-06T22:51:00.851Z"', NULL) ON CONFLICT DO NOTHING;
INSERT INTO "public"."checklist_template_items" ("id", "template_id", "description", "item_type", "order_index", "created_at", "options") VALUES ('f6145ff0-6702-4777-b29e-0000722f5138', 'b2c3d4e5-0002-0002-0002-000000000004', 'Motorista descansado (respeito à jornada e HS)?', 'yes_no', 2, '"2026-05-06T22:51:00.851Z"', NULL) ON CONFLICT DO NOTHING;
INSERT INTO "public"."checklist_template_items" ("id", "template_id", "description", "item_type", "order_index", "created_at", "options") VALUES ('cdbac4f4-824c-4141-a1a6-e6cfa1852dbc', 'b2c3d4e5-0002-0002-0002-000000000004', 'Treinamento de direção defensiva realizado no último ano?', 'yes_no', 3, '"2026-05-06T22:51:00.851Z"', NULL) ON CONFLICT DO NOTHING;
INSERT INTO "public"."checklist_template_items" ("id", "template_id", "description", "item_type", "order_index", "created_at", "options") VALUES ('e49f2fde-2fe6-4840-bd7d-43c4ab588efe', 'b2c3d4e5-0002-0002-0002-000000000004', 'Data de vencimento do exame médico', 'date', 4, '"2026-05-06T22:51:00.851Z"', NULL) ON CONFLICT DO NOTHING;
INSERT INTO "public"."checklist_template_items" ("id", "template_id", "description", "item_type", "order_index", "created_at", "options") VALUES ('62648369-2b3c-489a-ae47-9e726c8413d4', 'b2c3d4e5-0002-0002-0002-000000000005', 'O destinatário confirmou o recebimento?', 'yes_no', 0, '"2026-05-06T22:51:00.851Z"', NULL) ON CONFLICT DO NOTHING;
INSERT INTO "public"."checklist_template_items" ("id", "template_id", "description", "item_type", "order_index", "created_at", "options") VALUES ('cc20757f-8818-4269-be3f-b5aeca1e97ea', 'b2c3d4e5-0002-0002-0002-000000000005', 'A quantidade entregue confere com o pedido?', 'yes_no', 1, '"2026-05-06T22:51:00.851Z"', NULL) ON CONFLICT DO NOTHING;
INSERT INTO "public"."checklist_template_items" ("id", "template_id", "description", "item_type", "order_index", "created_at", "options") VALUES ('011d4509-1194-4c6c-a923-8e53492e5d5e', 'b2c3d4e5-0002-0002-0002-000000000005', 'Houve avaria ou perda durante o transporte?', 'yes_no', 2, '"2026-05-06T22:51:00.851Z"', NULL) ON CONFLICT DO NOTHING;
INSERT INTO "public"."checklist_template_items" ("id", "template_id", "description", "item_type", "order_index", "created_at", "options") VALUES ('68880cf7-6f12-425d-890e-0f0c54f06e4f', 'b2c3d4e5-0002-0002-0002-000000000005', 'Assinatura do recebedor coletada?', 'yes_no', 3, '"2026-05-06T22:51:00.851Z"', NULL) ON CONFLICT DO NOTHING;
INSERT INTO "public"."checklist_template_items" ("id", "template_id", "description", "item_type", "order_index", "created_at", "options") VALUES ('e59c7651-af29-4d9a-8463-e4a637f4972d', 'b2c3d4e5-0002-0002-0002-000000000005', 'Observações sobre a entrega', 'text', 4, '"2026-05-06T22:51:00.851Z"', NULL) ON CONFLICT DO NOTHING;
INSERT INTO "public"."checklist_template_items" ("id", "template_id", "description", "item_type", "order_index", "created_at", "options") VALUES ('5087b7c0-9ce5-42f7-bc42-566117fd0294', '5baf7395-da57-437b-b72a-c58cff80ba95', 'Imagens', 'photo', 0, '"2026-05-08T01:16:19.423Z"', NULL) ON CONFLICT DO NOTHING;
INSERT INTO "public"."checklist_template_items" ("id", "template_id", "description", "item_type", "order_index", "created_at", "options") VALUES ('de246292-eb94-4adc-bf54-78545757eb3d', '5baf7395-da57-437b-b72a-c58cff80ba95', 'Número do lacre do tacógrafo', 'text', 1, '"2026-05-08T01:16:19.423Z"', NULL) ON CONFLICT DO NOTHING;
INSERT INTO "public"."checklist_template_items" ("id", "template_id", "description", "item_type", "order_index", "created_at", "options") VALUES ('3f3b74d8-7104-4c88-a15e-4cade3806ed7', '5baf7395-da57-437b-b72a-c58cff80ba95', 'Tacógrafo calibrado e funcionando?', 'yes_no', 2, '"2026-05-08T01:16:19.423Z"', NULL) ON CONFLICT DO NOTHING;
INSERT INTO "public"."checklist_template_items" ("id", "template_id", "description", "item_type", "order_index", "created_at", "options") VALUES ('872499bf-83a7-445c-837c-08029e350651', '5baf7395-da57-437b-b72a-c58cff80ba95', 'Luzes e sinalização em funcionamento?', 'yes_no', 3, '"2026-05-08T01:16:19.423Z"', NULL) ON CONFLICT DO NOTHING;
INSERT INTO "public"."checklist_template_items" ("id", "template_id", "description", "item_type", "order_index", "created_at", "options") VALUES ('4929aa86-0786-44f4-91a1-838461adda74', '5baf7395-da57-437b-b72a-c58cff80ba95', 'Sistema de freios (serviço e estacionamento) funcionando?', 'yes_no', 4, '"2026-05-08T01:16:19.423Z"', NULL) ON CONFLICT DO NOTHING;
INSERT INTO "public"."checklist_template_items" ("id", "template_id", "description", "item_type", "order_index", "created_at", "options") VALUES ('6adfe51e-c811-468d-bfae-366bb692f7c8', '5baf7395-da57-437b-b72a-c58cff80ba95', 'Pneus (incluindo estepes) em condições adequadas?', 'yes_no', 5, '"2026-05-08T01:16:19.423Z"', NULL) ON CONFLICT DO NOTHING;
INSERT INTO "public"."checklist_template_items" ("id", "template_id", "description", "item_type", "order_index", "created_at", "options") VALUES ('ce774916-ba1c-514b-b822-d5f17e24db49', 'b94f4805-2f08-58a0-95d0-924801c59eab', 'Motorista', 'text', 0, '"2026-05-08T03:40:35.952Z"', NULL) ON CONFLICT DO NOTHING;
INSERT INTO "public"."checklist_template_items" ("id", "template_id", "description", "item_type", "order_index", "created_at", "options") VALUES ('c51ce6dc-f359-5116-9356-a4b10062bcfa', 'b94f4805-2f08-58a0-95d0-924801c59eab', 'CNH', 'text', 1, '"2026-05-08T03:40:35.952Z"', NULL) ON CONFLICT DO NOTHING;
INSERT INTO "public"."checklist_template_items" ("id", "template_id", "description", "item_type", "order_index", "created_at", "options") VALUES ('cf60a834-9650-54e4-85f3-0d906c7d2a15', 'b94f4805-2f08-58a0-95d0-924801c59eab', 'Veículo', 'text', 2, '"2026-05-08T03:40:35.952Z"', NULL) ON CONFLICT DO NOTHING;
INSERT INTO "public"."checklist_template_items" ("id", "template_id", "description", "item_type", "order_index", "created_at", "options") VALUES ('ff5d25e3-8955-54e1-ad19-3c333be115ab', 'b94f4805-2f08-58a0-95d0-924801c59eab', 'Modelo', 'text', 3, '"2026-05-08T03:40:35.952Z"', NULL) ON CONFLICT DO NOTHING;
INSERT INTO "public"."checklist_template_items" ("id", "template_id", "description", "item_type", "order_index", "created_at", "options") VALUES ('1cd0cc24-c5cf-5050-989b-63d154a7af93', 'b94f4805-2f08-58a0-95d0-924801c59eab', 'Placa', 'text', 4, '"2026-05-08T03:40:35.952Z"', NULL) ON CONFLICT DO NOTHING;
INSERT INTO "public"."checklist_template_items" ("id", "template_id", "description", "item_type", "order_index", "created_at", "options") VALUES ('f9b40848-a09e-5f11-b3ab-760c5fbf5e27', 'b94f4805-2f08-58a0-95d0-924801c59eab', 'Data de Saída', 'date', 5, '"2026-05-08T03:40:35.952Z"', NULL) ON CONFLICT DO NOTHING;
INSERT INTO "public"."checklist_template_items" ("id", "template_id", "description", "item_type", "order_index", "created_at", "options") VALUES ('c4b0fe54-88fb-596d-82d8-26b2b7de4ebe', 'b94f4805-2f08-58a0-95d0-924801c59eab', 'Hora de Saída', 'text', 6, '"2026-05-08T03:40:35.952Z"', NULL) ON CONFLICT DO NOTHING;
INSERT INTO "public"."checklist_template_items" ("id", "template_id", "description", "item_type", "order_index", "created_at", "options") VALUES ('a7610e67-b46a-5107-a5da-c502dfc95429', 'b94f4805-2f08-58a0-95d0-924801c59eab', 'Data de Retorno', 'date', 7, '"2026-05-08T03:40:35.952Z"', NULL) ON CONFLICT DO NOTHING;
INSERT INTO "public"."checklist_template_items" ("id", "template_id", "description", "item_type", "order_index", "created_at", "options") VALUES ('e551eb3d-ef69-5672-abd0-cacb40508aa0', 'b94f4805-2f08-58a0-95d0-924801c59eab', 'Hora de Retorno', 'text', 8, '"2026-05-08T03:40:35.952Z"', NULL) ON CONFLICT DO NOTHING;
INSERT INTO "public"."checklist_template_items" ("id", "template_id", "description", "item_type", "order_index", "created_at", "options") VALUES ('bc1c26a7-0f84-5faf-bf27-3fee3ea12c10', 'b94f4805-2f08-58a0-95d0-924801c59eab', 'Origem', 'text', 9, '"2026-05-08T03:40:35.952Z"', NULL) ON CONFLICT DO NOTHING;
INSERT INTO "public"."checklist_template_items" ("id", "template_id", "description", "item_type", "order_index", "created_at", "options") VALUES ('4e0f6374-865e-5b4f-9cd3-a06d858ed817', 'b94f4805-2f08-58a0-95d0-924801c59eab', 'Destino', 'text', 10, '"2026-05-08T03:40:35.952Z"', NULL) ON CONFLICT DO NOTHING;
INSERT INTO "public"."checklist_template_items" ("id", "template_id", "description", "item_type", "order_index", "created_at", "options") VALUES ('98e7dc5d-7ab4-527e-861c-989490fb5427', 'b94f4805-2f08-58a0-95d0-924801c59eab', 'Pneus', 'yes_no', 11, '"2026-05-08T03:40:35.952Z"', NULL) ON CONFLICT DO NOTHING;
INSERT INTO "public"."checklist_template_items" ("id", "template_id", "description", "item_type", "order_index", "created_at", "options") VALUES ('453b4675-3243-56b9-bf1c-b528a245cf17', 'b94f4805-2f08-58a0-95d0-924801c59eab', 'Nível do Óleo', 'yes_no', 12, '"2026-05-08T03:40:35.952Z"', NULL) ON CONFLICT DO NOTHING;
INSERT INTO "public"."checklist_template_items" ("id", "template_id", "description", "item_type", "order_index", "created_at", "options") VALUES ('7732115f-1c00-5464-aa2d-81e341bdd3c1', 'b94f4805-2f08-58a0-95d0-924801c59eab', 'Faróis', 'yes_no', 13, '"2026-05-08T03:40:35.952Z"', NULL) ON CONFLICT DO NOTHING;
INSERT INTO "public"."checklist_template_items" ("id", "template_id", "description", "item_type", "order_index", "created_at", "options") VALUES ('4abc7e7d-6f90-59f5-913a-9d17ac2a5a47', 'b94f4805-2f08-58a0-95d0-924801c59eab', 'Pisca', 'yes_no', 14, '"2026-05-08T03:40:35.952Z"', NULL) ON CONFLICT DO NOTHING;
INSERT INTO "public"."checklist_template_items" ("id", "template_id", "description", "item_type", "order_index", "created_at", "options") VALUES ('aaad4d1e-6d5f-5df5-bd03-90618050721d', 'b94f4805-2f08-58a0-95d0-924801c59eab', 'Lanternas', 'yes_no', 15, '"2026-05-08T03:40:35.952Z"', NULL) ON CONFLICT DO NOTHING;
INSERT INTO "public"."checklist_template_items" ("id", "template_id", "description", "item_type", "order_index", "created_at", "options") VALUES ('499c1b56-4134-555b-9970-57a2ff5f7161', 'b94f4805-2f08-58a0-95d0-924801c59eab', 'Luz de Ré', 'yes_no', 16, '"2026-05-08T03:40:35.952Z"', NULL) ON CONFLICT DO NOTHING;
INSERT INTO "public"."checklist_template_items" ("id", "template_id", "description", "item_type", "order_index", "created_at", "options") VALUES ('88eabb59-fb1c-547c-8a8f-59be0c76cb48', 'b94f4805-2f08-58a0-95d0-924801c59eab', 'Amassados', 'yes_no', 17, '"2026-05-08T03:40:35.952Z"', NULL) ON CONFLICT DO NOTHING;
INSERT INTO "public"."checklist_template_items" ("id", "template_id", "description", "item_type", "order_index", "created_at", "options") VALUES ('6afac1a6-00e7-58ad-8514-da3fa7bf65dd', 'b94f4805-2f08-58a0-95d0-924801c59eab', 'Riscos', 'yes_no', 18, '"2026-05-08T03:40:35.952Z"', NULL) ON CONFLICT DO NOTHING;
INSERT INTO "public"."checklist_template_items" ("id", "template_id", "description", "item_type", "order_index", "created_at", "options") VALUES ('56a61ada-48fb-55b1-a664-8628725ce711', 'b94f4805-2f08-58a0-95d0-924801c59eab', 'Painel', 'yes_no', 19, '"2026-05-08T03:40:35.952Z"', NULL) ON CONFLICT DO NOTHING;
INSERT INTO "public"."checklist_template_items" ("id", "template_id", "description", "item_type", "order_index", "created_at", "options") VALUES ('5704ce91-b5cb-5648-8a24-c0d857aaee90', 'b94f4805-2f08-58a0-95d0-924801c59eab', 'Bancos', 'yes_no', 20, '"2026-05-08T03:40:35.952Z"', NULL) ON CONFLICT DO NOTHING;
INSERT INTO "public"."checklist_template_items" ("id", "template_id", "description", "item_type", "order_index", "created_at", "options") VALUES ('80ef0acf-8f6f-551c-a21d-70c56d4ba7e4', 'b94f4805-2f08-58a0-95d0-924801c59eab', 'Limpeza Externa', 'yes_no', 21, '"2026-05-08T03:40:35.952Z"', NULL) ON CONFLICT DO NOTHING;
INSERT INTO "public"."checklist_template_items" ("id", "template_id", "description", "item_type", "order_index", "created_at", "options") VALUES ('b4512c49-d1c0-5938-8ebd-7fd3b78ea4f3', 'b94f4805-2f08-58a0-95d0-924801c59eab', 'Limpeza Interna', 'yes_no', 22, '"2026-05-08T03:40:35.952Z"', NULL) ON CONFLICT DO NOTHING;
INSERT INTO "public"."checklist_template_items" ("id", "template_id", "description", "item_type", "order_index", "created_at", "options") VALUES ('2b0c3fbb-1fab-5a79-b8bf-ca4295f47c54', 'b94f4805-2f08-58a0-95d0-924801c59eab', 'Avarias na Imagem (diagrama)', 'photo', 23, '"2026-05-08T03:40:35.952Z"', NULL) ON CONFLICT DO NOTHING;
INSERT INTO "public"."checklist_template_items" ("id", "template_id", "description", "item_type", "order_index", "created_at", "options") VALUES ('437da52a-3622-5c6c-b632-b478b5a4b2b8', 'b94f4805-2f08-58a0-95d0-924801c59eab', 'Observações', 'text', 24, '"2026-05-08T03:40:35.952Z"', NULL) ON CONFLICT DO NOTHING;
INSERT INTO "public"."checklist_template_items" ("id", "template_id", "description", "item_type", "order_index", "created_at", "options") VALUES ('49db16f4-4961-57d5-9123-937afaf8b7b8', 'b94f4805-2f08-58a0-95d0-924801c59eab', 'Veículo está perfeito?', 'yes_no', 25, '"2026-05-08T03:40:35.952Z"', NULL) ON CONFLICT DO NOTHING;
INSERT INTO "public"."checklist_template_items" ("id", "template_id", "description", "item_type", "order_index", "created_at", "options") VALUES ('98478ab3-76fd-534e-9f9d-6383b56f4dc6', 'b94f4805-2f08-58a0-95d0-924801c59eab', 'Documento do veículo e CNH em dia?', 'yes_no', 26, '"2026-05-08T03:40:35.952Z"', NULL) ON CONFLICT DO NOTHING;
INSERT INTO "public"."checklist_template_items" ("id", "template_id", "description", "item_type", "order_index", "created_at", "options") VALUES ('64d7b9a1-8328-5df4-a102-b802592a25d0', 'b94f4805-2f08-58a0-95d0-924801c59eab', 'Assinatura do Motorista Responsável', 'photo', 27, '"2026-05-08T03:40:35.952Z"', NULL) ON CONFLICT DO NOTHING;
INSERT INTO "public"."checklist_template_items" ("id", "template_id", "description", "item_type", "order_index", "created_at", "options") VALUES ('60f5bcce-fbac-584c-96a0-81134022c133', '7def77e2-4206-5b9b-b0cc-838d54ce377f', 'Motorista', 'text', 0, '"2026-05-08T03:40:35.952Z"', NULL) ON CONFLICT DO NOTHING;
INSERT INTO "public"."checklist_template_items" ("id", "template_id", "description", "item_type", "order_index", "created_at", "options") VALUES ('8c162c80-8e00-5c23-86af-be6be8d113b6', '7def77e2-4206-5b9b-b0cc-838d54ce377f', 'CNH', 'text', 1, '"2026-05-08T03:40:35.952Z"', NULL) ON CONFLICT DO NOTHING;
INSERT INTO "public"."checklist_template_items" ("id", "template_id", "description", "item_type", "order_index", "created_at", "options") VALUES ('5eba459c-5135-5ffb-b114-f68953eb6acc', '7def77e2-4206-5b9b-b0cc-838d54ce377f', 'Veículo', 'text', 2, '"2026-05-08T03:40:35.952Z"', NULL) ON CONFLICT DO NOTHING;
INSERT INTO "public"."checklist_template_items" ("id", "template_id", "description", "item_type", "order_index", "created_at", "options") VALUES ('e6e8a14f-e8e7-5fea-a35e-0f3f8b8d67e4', '7def77e2-4206-5b9b-b0cc-838d54ce377f', 'Modelo', 'text', 3, '"2026-05-08T03:40:35.952Z"', NULL) ON CONFLICT DO NOTHING;
INSERT INTO "public"."checklist_template_items" ("id", "template_id", "description", "item_type", "order_index", "created_at", "options") VALUES ('914639a8-2ac2-5802-94fc-b1cd61d9c040', '7def77e2-4206-5b9b-b0cc-838d54ce377f', 'Placa', 'text', 4, '"2026-05-08T03:40:35.952Z"', NULL) ON CONFLICT DO NOTHING;
INSERT INTO "public"."checklist_template_items" ("id", "template_id", "description", "item_type", "order_index", "created_at", "options") VALUES ('f6f16562-b1f2-5bd9-af95-bc54542e6503', '7def77e2-4206-5b9b-b0cc-838d54ce377f', 'Data de Saída', 'date', 5, '"2026-05-08T03:40:35.952Z"', NULL) ON CONFLICT DO NOTHING;
INSERT INTO "public"."checklist_template_items" ("id", "template_id", "description", "item_type", "order_index", "created_at", "options") VALUES ('97622ceb-1c9f-5fcc-b89f-5cb783d9927d', '7def77e2-4206-5b9b-b0cc-838d54ce377f', 'Hora de Saída', 'text', 6, '"2026-05-08T03:40:35.952Z"', NULL) ON CONFLICT DO NOTHING;
INSERT INTO "public"."checklist_template_items" ("id", "template_id", "description", "item_type", "order_index", "created_at", "options") VALUES ('a7ba5f95-82d7-5933-81cb-f1d8a0c937da', '7def77e2-4206-5b9b-b0cc-838d54ce377f', 'Data de Retorno', 'date', 7, '"2026-05-08T03:40:35.952Z"', NULL) ON CONFLICT DO NOTHING;
INSERT INTO "public"."checklist_template_items" ("id", "template_id", "description", "item_type", "order_index", "created_at", "options") VALUES ('bb67c817-7297-5062-8e80-906f4032be43', '7def77e2-4206-5b9b-b0cc-838d54ce377f', 'Hora de Retorno', 'text', 8, '"2026-05-08T03:40:35.952Z"', NULL) ON CONFLICT DO NOTHING;
INSERT INTO "public"."checklist_template_items" ("id", "template_id", "description", "item_type", "order_index", "created_at", "options") VALUES ('56db4e07-c33f-5247-a9be-959703badd01', '7def77e2-4206-5b9b-b0cc-838d54ce377f', 'Origem', 'text', 9, '"2026-05-08T03:40:35.952Z"', NULL) ON CONFLICT DO NOTHING;
INSERT INTO "public"."checklist_template_items" ("id", "template_id", "description", "item_type", "order_index", "created_at", "options") VALUES ('8354010a-5af3-5c0d-ac69-99ba58d95e5f', '7def77e2-4206-5b9b-b0cc-838d54ce377f', 'Destino', 'text', 10, '"2026-05-08T03:40:35.952Z"', NULL) ON CONFLICT DO NOTHING;
INSERT INTO "public"."checklist_template_items" ("id", "template_id", "description", "item_type", "order_index", "created_at", "options") VALUES ('4e550e94-31e2-512b-bf0d-8737367791c2', '7def77e2-4206-5b9b-b0cc-838d54ce377f', 'Pneus', 'yes_no', 11, '"2026-05-08T03:40:35.952Z"', NULL) ON CONFLICT DO NOTHING;
INSERT INTO "public"."checklist_template_items" ("id", "template_id", "description", "item_type", "order_index", "created_at", "options") VALUES ('43676879-5954-56b5-8d4a-bb361e5e667a', '7def77e2-4206-5b9b-b0cc-838d54ce377f', 'Nível do Óleo', 'yes_no', 12, '"2026-05-08T03:40:35.952Z"', NULL) ON CONFLICT DO NOTHING;
INSERT INTO "public"."checklist_template_items" ("id", "template_id", "description", "item_type", "order_index", "created_at", "options") VALUES ('6e8d0c1d-5a16-53bf-b463-31ac927afc02', '7def77e2-4206-5b9b-b0cc-838d54ce377f', 'Faróis', 'yes_no', 13, '"2026-05-08T03:40:35.952Z"', NULL) ON CONFLICT DO NOTHING;
INSERT INTO "public"."checklist_template_items" ("id", "template_id", "description", "item_type", "order_index", "created_at", "options") VALUES ('554ca1b1-3b57-564c-8e6a-81a4e7068354', '7def77e2-4206-5b9b-b0cc-838d54ce377f', 'Pisca', 'yes_no', 14, '"2026-05-08T03:40:35.952Z"', NULL) ON CONFLICT DO NOTHING;
INSERT INTO "public"."checklist_template_items" ("id", "template_id", "description", "item_type", "order_index", "created_at", "options") VALUES ('37513426-cbb2-504c-8d73-f60ebc77f5c9', '7def77e2-4206-5b9b-b0cc-838d54ce377f', 'Lanternas', 'yes_no', 15, '"2026-05-08T03:40:35.952Z"', NULL) ON CONFLICT DO NOTHING;
INSERT INTO "public"."checklist_template_items" ("id", "template_id", "description", "item_type", "order_index", "created_at", "options") VALUES ('dd342deb-ba9e-5ee9-924e-89217fb4dbb6', '7def77e2-4206-5b9b-b0cc-838d54ce377f', 'Luz de Ré', 'yes_no', 16, '"2026-05-08T03:40:35.952Z"', NULL) ON CONFLICT DO NOTHING;
INSERT INTO "public"."checklist_template_items" ("id", "template_id", "description", "item_type", "order_index", "created_at", "options") VALUES ('1f67982a-e64e-5133-a301-b4575c7a9281', '7def77e2-4206-5b9b-b0cc-838d54ce377f', 'Amassados', 'yes_no', 17, '"2026-05-08T03:40:35.952Z"', NULL) ON CONFLICT DO NOTHING;
INSERT INTO "public"."checklist_template_items" ("id", "template_id", "description", "item_type", "order_index", "created_at", "options") VALUES ('1853a39d-a65c-5c7e-9774-e19508541832', '7def77e2-4206-5b9b-b0cc-838d54ce377f', 'Riscos', 'yes_no', 18, '"2026-05-08T03:40:35.952Z"', NULL) ON CONFLICT DO NOTHING;
INSERT INTO "public"."checklist_template_items" ("id", "template_id", "description", "item_type", "order_index", "created_at", "options") VALUES ('a25e1328-0dfa-56cd-b5b6-75ee26129f48', '7def77e2-4206-5b9b-b0cc-838d54ce377f', 'Painel', 'yes_no', 19, '"2026-05-08T03:40:35.952Z"', NULL) ON CONFLICT DO NOTHING;
INSERT INTO "public"."checklist_template_items" ("id", "template_id", "description", "item_type", "order_index", "created_at", "options") VALUES ('bcf0c5a5-c460-5bb9-89c2-1bdcd877e77b', '7def77e2-4206-5b9b-b0cc-838d54ce377f', 'Bancos', 'yes_no', 20, '"2026-05-08T03:40:35.952Z"', NULL) ON CONFLICT DO NOTHING;
INSERT INTO "public"."checklist_template_items" ("id", "template_id", "description", "item_type", "order_index", "created_at", "options") VALUES ('1ba007af-906d-521d-bf77-94b89163a2ab', '7def77e2-4206-5b9b-b0cc-838d54ce377f', 'Limpeza Externa', 'yes_no', 21, '"2026-05-08T03:40:35.952Z"', NULL) ON CONFLICT DO NOTHING;
INSERT INTO "public"."checklist_template_items" ("id", "template_id", "description", "item_type", "order_index", "created_at", "options") VALUES ('bc13fafe-3f73-51b0-a054-063a32951bfb', '7def77e2-4206-5b9b-b0cc-838d54ce377f', 'Limpeza Interna', 'yes_no', 22, '"2026-05-08T03:40:35.952Z"', NULL) ON CONFLICT DO NOTHING;
INSERT INTO "public"."checklist_template_items" ("id", "template_id", "description", "item_type", "order_index", "created_at", "options") VALUES ('5a94e654-87dd-50bd-8ddc-9eac399ce934', '7def77e2-4206-5b9b-b0cc-838d54ce377f', 'Porta Passageiros', 'yes_no', 23, '"2026-05-08T03:40:35.952Z"', NULL) ON CONFLICT DO NOTHING;
INSERT INTO "public"."checklist_template_items" ("id", "template_id", "description", "item_type", "order_index", "created_at", "options") VALUES ('d0ff6066-e77e-5aed-8817-f67b7a033326', '7def77e2-4206-5b9b-b0cc-838d54ce377f', 'Banco de Passageiros', 'yes_no', 24, '"2026-05-08T03:40:35.952Z"', NULL) ON CONFLICT DO NOTHING;
INSERT INTO "public"."checklist_template_items" ("id", "template_id", "description", "item_type", "order_index", "created_at", "options") VALUES ('439aea34-4c94-5057-93de-3bbc62db2664', '7def77e2-4206-5b9b-b0cc-838d54ce377f', 'Televisão', 'yes_no', 25, '"2026-05-08T03:40:35.952Z"', NULL) ON CONFLICT DO NOTHING;
INSERT INTO "public"."checklist_template_items" ("id", "template_id", "description", "item_type", "order_index", "created_at", "options") VALUES ('6c44a992-4671-58dc-8fdb-fb65f715c2a7', '7def77e2-4206-5b9b-b0cc-838d54ce377f', 'Avarias na Imagem (diagrama)', 'photo', 26, '"2026-05-08T03:40:35.952Z"', NULL) ON CONFLICT DO NOTHING;
INSERT INTO "public"."checklist_template_items" ("id", "template_id", "description", "item_type", "order_index", "created_at", "options") VALUES ('8172a826-2313-5dc4-b7ad-cfe231ad3e15', '7def77e2-4206-5b9b-b0cc-838d54ce377f', 'Observações', 'text', 27, '"2026-05-08T03:40:35.952Z"', NULL) ON CONFLICT DO NOTHING;
INSERT INTO "public"."checklist_template_items" ("id", "template_id", "description", "item_type", "order_index", "created_at", "options") VALUES ('03e54b1d-eada-510d-a5ec-dfbd9889ad38', '7def77e2-4206-5b9b-b0cc-838d54ce377f', 'Veículo está perfeito?', 'yes_no', 28, '"2026-05-08T03:40:35.952Z"', NULL) ON CONFLICT DO NOTHING;
INSERT INTO "public"."checklist_template_items" ("id", "template_id", "description", "item_type", "order_index", "created_at", "options") VALUES ('4ed72361-5cb1-5008-9ef2-fcc60bda8a53', '7def77e2-4206-5b9b-b0cc-838d54ce377f', 'Documento do veículo e CNH em dia?', 'yes_no', 29, '"2026-05-08T03:40:35.952Z"', NULL) ON CONFLICT DO NOTHING;
INSERT INTO "public"."checklist_template_items" ("id", "template_id", "description", "item_type", "order_index", "created_at", "options") VALUES ('f31af61f-10c9-5e04-84fc-f87f22308f75', '7def77e2-4206-5b9b-b0cc-838d54ce377f', 'Assinatura do Motorista Responsável', 'photo', 30, '"2026-05-08T03:40:35.952Z"', NULL) ON CONFLICT DO NOTHING;
INSERT INTO "public"."checklist_template_items" ("id", "template_id", "description", "item_type", "order_index", "created_at", "options") VALUES ('289b529b-3f5e-5bfc-8de5-6b7717c25558', '213dd64d-cad0-5a0e-8838-79455aedcc79', 'Motorista', 'text', 0, '"2026-05-08T03:40:35.952Z"', NULL) ON CONFLICT DO NOTHING;
INSERT INTO "public"."checklist_template_items" ("id", "template_id", "description", "item_type", "order_index", "created_at", "options") VALUES ('14cdafd1-304c-515d-a937-98f66ec7a4de', '213dd64d-cad0-5a0e-8838-79455aedcc79', 'CNH', 'text', 1, '"2026-05-08T03:40:35.952Z"', NULL) ON CONFLICT DO NOTHING;
INSERT INTO "public"."checklist_template_items" ("id", "template_id", "description", "item_type", "order_index", "created_at", "options") VALUES ('bf837dee-ddf3-54e4-8d6d-b53aee668568', '213dd64d-cad0-5a0e-8838-79455aedcc79', 'Veículo', 'text', 2, '"2026-05-08T03:40:35.952Z"', NULL) ON CONFLICT DO NOTHING;
INSERT INTO "public"."checklist_template_items" ("id", "template_id", "description", "item_type", "order_index", "created_at", "options") VALUES ('cd5d549d-b1b8-596e-8ef2-ece701478399', '213dd64d-cad0-5a0e-8838-79455aedcc79', 'Modelo', 'text', 3, '"2026-05-08T03:40:35.952Z"', NULL) ON CONFLICT DO NOTHING;
INSERT INTO "public"."checklist_template_items" ("id", "template_id", "description", "item_type", "order_index", "created_at", "options") VALUES ('6d960b5d-cbca-5c64-a24c-2d21bde27f9c', '213dd64d-cad0-5a0e-8838-79455aedcc79', 'Placa', 'text', 4, '"2026-05-08T03:40:35.952Z"', NULL) ON CONFLICT DO NOTHING;
INSERT INTO "public"."checklist_template_items" ("id", "template_id", "description", "item_type", "order_index", "created_at", "options") VALUES ('e373eeb9-1e10-5bfd-9046-2a982a468b9d', '213dd64d-cad0-5a0e-8838-79455aedcc79', 'Data de Saída', 'date', 5, '"2026-05-08T03:40:35.952Z"', NULL) ON CONFLICT DO NOTHING;
INSERT INTO "public"."checklist_template_items" ("id", "template_id", "description", "item_type", "order_index", "created_at", "options") VALUES ('618a02c5-a698-5402-824b-32d5a0ef50e3', '213dd64d-cad0-5a0e-8838-79455aedcc79', 'Hora de Saída', 'text', 6, '"2026-05-08T03:40:35.952Z"', NULL) ON CONFLICT DO NOTHING;
INSERT INTO "public"."checklist_template_items" ("id", "template_id", "description", "item_type", "order_index", "created_at", "options") VALUES ('56d17993-ac8c-5acf-9a27-655292218a20', '213dd64d-cad0-5a0e-8838-79455aedcc79', 'Data de Retorno', 'date', 7, '"2026-05-08T03:40:35.952Z"', NULL) ON CONFLICT DO NOTHING;
INSERT INTO "public"."checklist_template_items" ("id", "template_id", "description", "item_type", "order_index", "created_at", "options") VALUES ('6108e363-d6e4-5d14-839d-303d2a4ba895', '213dd64d-cad0-5a0e-8838-79455aedcc79', 'Hora de Retorno', 'text', 8, '"2026-05-08T03:40:35.952Z"', NULL) ON CONFLICT DO NOTHING;
INSERT INTO "public"."checklist_template_items" ("id", "template_id", "description", "item_type", "order_index", "created_at", "options") VALUES ('0af538ce-9ad7-5876-b346-c84fb97bf0e9', '213dd64d-cad0-5a0e-8838-79455aedcc79', 'Origem', 'text', 9, '"2026-05-08T03:40:35.952Z"', NULL) ON CONFLICT DO NOTHING;
INSERT INTO "public"."checklist_template_items" ("id", "template_id", "description", "item_type", "order_index", "created_at", "options") VALUES ('3b57f797-dad8-51ef-b037-d7f5b3543f7d', '213dd64d-cad0-5a0e-8838-79455aedcc79', 'Destino', 'text', 10, '"2026-05-08T03:40:35.952Z"', NULL) ON CONFLICT DO NOTHING;
INSERT INTO "public"."checklist_template_items" ("id", "template_id", "description", "item_type", "order_index", "created_at", "options") VALUES ('c497d14a-5da5-5ae6-bfe2-664fb685ff1c', '213dd64d-cad0-5a0e-8838-79455aedcc79', 'Pneus', 'yes_no', 11, '"2026-05-08T03:40:35.952Z"', NULL) ON CONFLICT DO NOTHING;
INSERT INTO "public"."checklist_template_items" ("id", "template_id", "description", "item_type", "order_index", "created_at", "options") VALUES ('7d4fdfbb-1689-5707-934b-746f8c4b811e', '213dd64d-cad0-5a0e-8838-79455aedcc79', 'Nível do Óleo', 'yes_no', 12, '"2026-05-08T03:40:35.952Z"', NULL) ON CONFLICT DO NOTHING;
INSERT INTO "public"."checklist_template_items" ("id", "template_id", "description", "item_type", "order_index", "created_at", "options") VALUES ('f1673bd3-b2fd-5d46-8e58-a18c20e4c3b5', '213dd64d-cad0-5a0e-8838-79455aedcc79', 'Faróis', 'yes_no', 13, '"2026-05-08T03:40:35.952Z"', NULL) ON CONFLICT DO NOTHING;
INSERT INTO "public"."checklist_template_items" ("id", "template_id", "description", "item_type", "order_index", "created_at", "options") VALUES ('f075a117-71b6-58e3-ac00-ceb7611d0d24', '213dd64d-cad0-5a0e-8838-79455aedcc79', 'Pisca', 'yes_no', 14, '"2026-05-08T03:40:35.952Z"', NULL) ON CONFLICT DO NOTHING;
INSERT INTO "public"."checklist_template_items" ("id", "template_id", "description", "item_type", "order_index", "created_at", "options") VALUES ('cd4d34ca-1acc-5a90-baee-6f3c1178e339', '213dd64d-cad0-5a0e-8838-79455aedcc79', 'Lanternas', 'yes_no', 15, '"2026-05-08T03:40:35.952Z"', NULL) ON CONFLICT DO NOTHING;
INSERT INTO "public"."checklist_template_items" ("id", "template_id", "description", "item_type", "order_index", "created_at", "options") VALUES ('399363d7-b312-512d-bf6f-1ee7410a61b8', '213dd64d-cad0-5a0e-8838-79455aedcc79', 'Luz de Ré', 'yes_no', 16, '"2026-05-08T03:40:35.952Z"', NULL) ON CONFLICT DO NOTHING;
INSERT INTO "public"."checklist_template_items" ("id", "template_id", "description", "item_type", "order_index", "created_at", "options") VALUES ('1ad02559-68b8-53e6-9811-13f1c4310da6', '213dd64d-cad0-5a0e-8838-79455aedcc79', 'Lataria', 'yes_no', 17, '"2026-05-08T03:40:35.952Z"', NULL) ON CONFLICT DO NOTHING;
INSERT INTO "public"."checklist_template_items" ("id", "template_id", "description", "item_type", "order_index", "created_at", "options") VALUES ('94ab655e-1082-551c-bd14-11a4b06598ed', '213dd64d-cad0-5a0e-8838-79455aedcc79', 'Pintura', 'yes_no', 18, '"2026-05-08T03:40:35.952Z"', NULL) ON CONFLICT DO NOTHING;
INSERT INTO "public"."checklist_template_items" ("id", "template_id", "description", "item_type", "order_index", "created_at", "options") VALUES ('9ccc43c7-0088-5fd4-a8ec-a3c362aac4dc', '213dd64d-cad0-5a0e-8838-79455aedcc79', 'Painel', 'yes_no', 19, '"2026-05-08T03:40:35.952Z"', NULL) ON CONFLICT DO NOTHING;
INSERT INTO "public"."checklist_template_items" ("id", "template_id", "description", "item_type", "order_index", "created_at", "options") VALUES ('7dd35e33-6db5-515f-86eb-4ce01994fe81', '213dd64d-cad0-5a0e-8838-79455aedcc79', 'Bancos', 'yes_no', 20, '"2026-05-08T03:40:35.952Z"', NULL) ON CONFLICT DO NOTHING;
INSERT INTO "public"."checklist_template_items" ("id", "template_id", "description", "item_type", "order_index", "created_at", "options") VALUES ('2f7aa054-7593-54c1-94a9-3952404a83d3', '213dd64d-cad0-5a0e-8838-79455aedcc79', 'Limpeza Externa', 'yes_no', 21, '"2026-05-08T03:40:35.952Z"', NULL) ON CONFLICT DO NOTHING;
INSERT INTO "public"."checklist_template_items" ("id", "template_id", "description", "item_type", "order_index", "created_at", "options") VALUES ('35192f63-1a87-578b-9ea8-28c0e074d152', '213dd64d-cad0-5a0e-8838-79455aedcc79', 'Limpeza Interna', 'yes_no', 22, '"2026-05-08T03:40:35.952Z"', NULL) ON CONFLICT DO NOTHING;
INSERT INTO "public"."checklist_template_items" ("id", "template_id", "description", "item_type", "order_index", "created_at", "options") VALUES ('75fa88f8-b660-533f-a940-3635b68dc109', '213dd64d-cad0-5a0e-8838-79455aedcc79', 'Caçamba', 'yes_no', 23, '"2026-05-08T03:40:35.952Z"', NULL) ON CONFLICT DO NOTHING;
INSERT INTO "public"."checklist_template_items" ("id", "template_id", "description", "item_type", "order_index", "created_at", "options") VALUES ('65243754-877d-5956-b8ef-619b63604c68', '213dd64d-cad0-5a0e-8838-79455aedcc79', 'Cap. Caçamba', 'yes_no', 24, '"2026-05-08T03:40:35.952Z"', NULL) ON CONFLICT DO NOTHING;
INSERT INTO "public"."checklist_template_items" ("id", "template_id", "description", "item_type", "order_index", "created_at", "options") VALUES ('9df69590-01de-5cbb-87b1-31d1bb3ce272', '213dd64d-cad0-5a0e-8838-79455aedcc79', 'Retrovisor', 'yes_no', 25, '"2026-05-08T03:40:35.952Z"', NULL) ON CONFLICT DO NOTHING;
INSERT INTO "public"."checklist_template_items" ("id", "template_id", "description", "item_type", "order_index", "created_at", "options") VALUES ('e20b3e07-fd24-5a7e-a10e-eb8b666ba474', '213dd64d-cad0-5a0e-8838-79455aedcc79', 'Avarias na Imagem (diagrama)', 'photo', 26, '"2026-05-08T03:40:35.952Z"', NULL) ON CONFLICT DO NOTHING;
INSERT INTO "public"."checklist_template_items" ("id", "template_id", "description", "item_type", "order_index", "created_at", "options") VALUES ('4955dd00-995c-5c5e-9945-c1121c51dab1', '213dd64d-cad0-5a0e-8838-79455aedcc79', 'Observações', 'text', 27, '"2026-05-08T03:40:35.952Z"', NULL) ON CONFLICT DO NOTHING;
INSERT INTO "public"."checklist_template_items" ("id", "template_id", "description", "item_type", "order_index", "created_at", "options") VALUES ('6682e399-f04b-5818-b2cc-4a3871f11db1', '213dd64d-cad0-5a0e-8838-79455aedcc79', 'Veículo está perfeito?', 'yes_no', 28, '"2026-05-08T03:40:35.952Z"', NULL) ON CONFLICT DO NOTHING;
INSERT INTO "public"."checklist_template_items" ("id", "template_id", "description", "item_type", "order_index", "created_at", "options") VALUES ('dd506b60-1245-5e3d-953c-f696e19f56f8', '213dd64d-cad0-5a0e-8838-79455aedcc79', 'Documento do veículo e CNH em dia?', 'yes_no', 29, '"2026-05-08T03:40:35.952Z"', NULL) ON CONFLICT DO NOTHING;
INSERT INTO "public"."checklist_template_items" ("id", "template_id", "description", "item_type", "order_index", "created_at", "options") VALUES ('0235d87c-0e7c-51e5-98b7-e1ab5d06f36b', '213dd64d-cad0-5a0e-8838-79455aedcc79', 'Assinatura do Motorista Responsável', 'photo', 30, '"2026-05-08T03:40:35.952Z"', NULL) ON CONFLICT DO NOTHING;
INSERT INTO "public"."checklist_template_items" ("id", "template_id", "description", "item_type", "order_index", "created_at", "options") VALUES ('827c1e48-f219-54c7-ad08-d528c152d947', 'c8cbc66c-ea80-5c52-aca0-90058ef49ad8', 'Motorista', 'text', 0, '"2026-05-08T03:40:35.952Z"', NULL) ON CONFLICT DO NOTHING;
INSERT INTO "public"."checklist_template_items" ("id", "template_id", "description", "item_type", "order_index", "created_at", "options") VALUES ('896206e2-b06c-5bcf-bf53-51a2240ec776', 'c8cbc66c-ea80-5c52-aca0-90058ef49ad8', 'CNH', 'text', 1, '"2026-05-08T03:40:35.952Z"', NULL) ON CONFLICT DO NOTHING;
INSERT INTO "public"."checklist_template_items" ("id", "template_id", "description", "item_type", "order_index", "created_at", "options") VALUES ('301ec97b-5738-58e4-8efe-49c73ded0966', 'c8cbc66c-ea80-5c52-aca0-90058ef49ad8', 'Veículo', 'text', 2, '"2026-05-08T03:40:35.952Z"', NULL) ON CONFLICT DO NOTHING;
INSERT INTO "public"."checklist_template_items" ("id", "template_id", "description", "item_type", "order_index", "created_at", "options") VALUES ('2c7610c0-82e7-55ca-aa0e-8145d6e7e76a', 'c8cbc66c-ea80-5c52-aca0-90058ef49ad8', 'Modelo', 'text', 3, '"2026-05-08T03:40:35.952Z"', NULL) ON CONFLICT DO NOTHING;
INSERT INTO "public"."checklist_template_items" ("id", "template_id", "description", "item_type", "order_index", "created_at", "options") VALUES ('d446ad8b-9aa8-5981-91fa-30ddef15b926', 'c8cbc66c-ea80-5c52-aca0-90058ef49ad8', 'Placa', 'text', 4, '"2026-05-08T03:40:35.952Z"', NULL) ON CONFLICT DO NOTHING;
INSERT INTO "public"."checklist_template_items" ("id", "template_id", "description", "item_type", "order_index", "created_at", "options") VALUES ('789eb815-69ca-5032-9aa4-755cb7888ca0', 'c8cbc66c-ea80-5c52-aca0-90058ef49ad8', 'Data da Saída', 'date', 5, '"2026-05-08T03:40:35.952Z"', NULL) ON CONFLICT DO NOTHING;
INSERT INTO "public"."checklist_template_items" ("id", "template_id", "description", "item_type", "order_index", "created_at", "options") VALUES ('3792a85e-dd1e-5c00-85f3-2f343c542245', 'c8cbc66c-ea80-5c52-aca0-90058ef49ad8', 'Data do Retorno', 'date', 6, '"2026-05-08T03:40:35.952Z"', NULL) ON CONFLICT DO NOTHING;
INSERT INTO "public"."checklist_template_items" ("id", "template_id", "description", "item_type", "order_index", "created_at", "options") VALUES ('daa17bdd-08ab-59ec-9b15-8f8f5528ff36', 'c8cbc66c-ea80-5c52-aca0-90058ef49ad8', 'Origem', 'text', 7, '"2026-05-08T03:40:35.952Z"', NULL) ON CONFLICT DO NOTHING;
INSERT INTO "public"."checklist_template_items" ("id", "template_id", "description", "item_type", "order_index", "created_at", "options") VALUES ('66c77192-3a51-500e-b0e3-0b5c599c82a3', 'c8cbc66c-ea80-5c52-aca0-90058ef49ad8', 'Destino', 'text', 8, '"2026-05-08T03:40:35.952Z"', NULL) ON CONFLICT DO NOTHING;
INSERT INTO "public"."checklist_template_items" ("id", "template_id", "description", "item_type", "order_index", "created_at", "options") VALUES ('6254a681-070b-5df3-9c36-f3c0086b7394', 'c8cbc66c-ea80-5c52-aca0-90058ef49ad8', 'Pneus', 'yes_no', 9, '"2026-05-08T03:40:35.952Z"', NULL) ON CONFLICT DO NOTHING;
INSERT INTO "public"."checklist_template_items" ("id", "template_id", "description", "item_type", "order_index", "created_at", "options") VALUES ('95488f19-2b79-54af-b315-08e88ddfa87b', 'c8cbc66c-ea80-5c52-aca0-90058ef49ad8', 'Estepe', 'yes_no', 10, '"2026-05-08T03:40:35.952Z"', NULL) ON CONFLICT DO NOTHING;
INSERT INTO "public"."checklist_template_items" ("id", "template_id", "description", "item_type", "order_index", "created_at", "options") VALUES ('40066ba7-f475-5b13-8b0b-e21b8811beb4', 'c8cbc66c-ea80-5c52-aca0-90058ef49ad8', 'Rodas', 'yes_no', 11, '"2026-05-08T03:40:35.952Z"', NULL) ON CONFLICT DO NOTHING;
INSERT INTO "public"."checklist_template_items" ("id", "template_id", "description", "item_type", "order_index", "created_at", "options") VALUES ('54ca4d3a-90e1-550a-bc42-6c74dd0d4dbb', 'c8cbc66c-ea80-5c52-aca0-90058ef49ad8', 'Freio', 'yes_no', 12, '"2026-05-08T03:40:35.952Z"', NULL) ON CONFLICT DO NOTHING;
INSERT INTO "public"."checklist_template_items" ("id", "template_id", "description", "item_type", "order_index", "created_at", "options") VALUES ('ada5e6e0-bf93-55d5-bd1e-e2d95720296c', 'c8cbc66c-ea80-5c52-aca0-90058ef49ad8', 'Freio Estacionário', 'yes_no', 13, '"2026-05-08T03:40:35.952Z"', NULL) ON CONFLICT DO NOTHING;
INSERT INTO "public"."checklist_template_items" ("id", "template_id", "description", "item_type", "order_index", "created_at", "options") VALUES ('1a6047db-b293-5be5-853d-d2a56cca0a46', 'c8cbc66c-ea80-5c52-aca0-90058ef49ad8', 'Farol', 'yes_no', 14, '"2026-05-08T03:40:35.952Z"', NULL) ON CONFLICT DO NOTHING;
INSERT INTO "public"."checklist_template_items" ("id", "template_id", "description", "item_type", "order_index", "created_at", "options") VALUES ('fb689311-e77c-5b0d-8bb6-67cb92386a4c', 'c8cbc66c-ea80-5c52-aca0-90058ef49ad8', 'Setas', 'yes_no', 15, '"2026-05-08T03:40:35.952Z"', NULL) ON CONFLICT DO NOTHING;
INSERT INTO "public"."checklist_template_items" ("id", "template_id", "description", "item_type", "order_index", "created_at", "options") VALUES ('ace46f80-d9bb-5e59-af0a-59a26db388a9', 'c8cbc66c-ea80-5c52-aca0-90058ef49ad8', 'Alerta', 'yes_no', 16, '"2026-05-08T03:40:35.952Z"', NULL) ON CONFLICT DO NOTHING;
INSERT INTO "public"."checklist_template_items" ("id", "template_id", "description", "item_type", "order_index", "created_at", "options") VALUES ('6285aa2d-59e2-5ced-9f44-e00519f6d5bd', 'c8cbc66c-ea80-5c52-aca0-90058ef49ad8', 'Luz de Ré', 'yes_no', 17, '"2026-05-08T03:40:35.952Z"', NULL) ON CONFLICT DO NOTHING;
INSERT INTO "public"."checklist_template_items" ("id", "template_id", "description", "item_type", "order_index", "created_at", "options") VALUES ('a333b757-9b90-5f3d-a4d8-94a57ef6d90e', 'c8cbc66c-ea80-5c52-aca0-90058ef49ad8', 'Luz de Freio', 'yes_no', 18, '"2026-05-08T03:40:35.952Z"', NULL) ON CONFLICT DO NOTHING;
INSERT INTO "public"."checklist_template_items" ("id", "template_id", "description", "item_type", "order_index", "created_at", "options") VALUES ('56d2981a-e6cd-5646-ad91-13bfe08b3185', 'c8cbc66c-ea80-5c52-aca0-90058ef49ad8', 'Lanterna Traseira', 'yes_no', 19, '"2026-05-08T03:40:35.952Z"', NULL) ON CONFLICT DO NOTHING;
INSERT INTO "public"."checklist_template_items" ("id", "template_id", "description", "item_type", "order_index", "created_at", "options") VALUES ('cd51d55c-9d4e-58e7-99a0-b9f5d5312a83', 'c8cbc66c-ea80-5c52-aca0-90058ef49ad8', 'Alerta de Ré', 'yes_no', 20, '"2026-05-08T03:40:35.952Z"', NULL) ON CONFLICT DO NOTHING;
INSERT INTO "public"."checklist_template_items" ("id", "template_id", "description", "item_type", "order_index", "created_at", "options") VALUES ('88b6b38e-f782-507f-b807-11e1c0214865', 'c8cbc66c-ea80-5c52-aca0-90058ef49ad8', 'Direção Hidráulica', 'yes_no', 21, '"2026-05-08T03:40:35.952Z"', NULL) ON CONFLICT DO NOTHING;
INSERT INTO "public"."checklist_template_items" ("id", "template_id", "description", "item_type", "order_index", "created_at", "options") VALUES ('32cb26f3-4444-5a57-abb7-4dcbc53995ce', 'c8cbc66c-ea80-5c52-aca0-90058ef49ad8', 'Tacógrafo', 'yes_no', 22, '"2026-05-08T03:40:35.952Z"', NULL) ON CONFLICT DO NOTHING;
INSERT INTO "public"."checklist_template_items" ("id", "template_id", "description", "item_type", "order_index", "created_at", "options") VALUES ('78fa4a39-7378-58ce-9e77-22bfe945ada2', 'c8cbc66c-ea80-5c52-aca0-90058ef49ad8', 'Painel de Instrumentos', 'yes_no', 23, '"2026-05-08T03:40:35.952Z"', NULL) ON CONFLICT DO NOTHING;
INSERT INTO "public"."checklist_template_items" ("id", "template_id", "description", "item_type", "order_index", "created_at", "options") VALUES ('b0e6f41a-1857-5813-a7ff-5e7564d406a6', 'c8cbc66c-ea80-5c52-aca0-90058ef49ad8', 'Bancos', 'yes_no', 24, '"2026-05-08T03:40:35.952Z"', NULL) ON CONFLICT DO NOTHING;
INSERT INTO "public"."checklist_template_items" ("id", "template_id", "description", "item_type", "order_index", "created_at", "options") VALUES ('1f87ba36-6470-5ec6-b5d6-36b18550525a', 'c8cbc66c-ea80-5c52-aca0-90058ef49ad8', 'Chave de Segurança', 'yes_no', 25, '"2026-05-08T03:40:35.952Z"', NULL) ON CONFLICT DO NOTHING;
INSERT INTO "public"."checklist_template_items" ("id", "template_id", "description", "item_type", "order_index", "created_at", "options") VALUES ('be58cb14-5aba-5172-a677-753d80ffeb54', 'c8cbc66c-ea80-5c52-aca0-90058ef49ad8', 'Triângulo', 'yes_no', 26, '"2026-05-08T03:40:35.952Z"', NULL) ON CONFLICT DO NOTHING;
INSERT INTO "public"."checklist_template_items" ("id", "template_id", "description", "item_type", "order_index", "created_at", "options") VALUES ('e6e3ad7e-4ede-57c5-8164-d9349e9de744', 'c8cbc66c-ea80-5c52-aca0-90058ef49ad8', 'Extintor', 'yes_no', 27, '"2026-05-08T03:40:35.952Z"', NULL) ON CONFLICT DO NOTHING;
INSERT INTO "public"."checklist_template_items" ("id", "template_id", "description", "item_type", "order_index", "created_at", "options") VALUES ('e3d40448-a40c-5c58-91c4-b492e381efad', 'c8cbc66c-ea80-5c52-aca0-90058ef49ad8', 'Bateria', 'yes_no', 28, '"2026-05-08T03:40:35.952Z"', NULL) ON CONFLICT DO NOTHING;
INSERT INTO "public"."checklist_template_items" ("id", "template_id", "description", "item_type", "order_index", "created_at", "options") VALUES ('89fe2c63-58ed-5e72-9073-50ab49d24746', 'c8cbc66c-ea80-5c52-aca0-90058ef49ad8', 'Carroceria', 'yes_no', 29, '"2026-05-08T03:40:35.952Z"', NULL) ON CONFLICT DO NOTHING;
INSERT INTO "public"."checklist_template_items" ("id", "template_id", "description", "item_type", "order_index", "created_at", "options") VALUES ('d31a307e-9873-50eb-96e5-2b58ed64aa96', 'c8cbc66c-ea80-5c52-aca0-90058ef49ad8', 'Assoalho', 'yes_no', 30, '"2026-05-08T03:40:35.952Z"', NULL) ON CONFLICT DO NOTHING;
INSERT INTO "public"."checklist_template_items" ("id", "template_id", "description", "item_type", "order_index", "created_at", "options") VALUES ('d65e6c21-a279-55b1-8560-07c95001aaa5', 'c8cbc66c-ea80-5c52-aca0-90058ef49ad8', 'Tampa Combustível', 'yes_no', 31, '"2026-05-08T03:40:35.952Z"', NULL) ON CONFLICT DO NOTHING;
INSERT INTO "public"."checklist_template_items" ("id", "template_id", "description", "item_type", "order_index", "created_at", "options") VALUES ('85fe136b-ab0f-533e-bebb-1c40ad70c734', 'c8cbc66c-ea80-5c52-aca0-90058ef49ad8', 'Escapamento', 'yes_no', 32, '"2026-05-08T03:40:35.952Z"', NULL) ON CONFLICT DO NOTHING;
INSERT INTO "public"."checklist_template_items" ("id", "template_id", "description", "item_type", "order_index", "created_at", "options") VALUES ('f4364a8c-309e-51e1-b4b4-1f985ad0534d', 'c8cbc66c-ea80-5c52-aca0-90058ef49ad8', 'Nível Óleo do Motor', 'yes_no', 33, '"2026-05-08T03:40:35.952Z"', NULL) ON CONFLICT DO NOTHING;
INSERT INTO "public"."checklist_template_items" ("id", "template_id", "description", "item_type", "order_index", "created_at", "options") VALUES ('4c3abb3d-128d-5152-9787-0f66b3f02358', 'c8cbc66c-ea80-5c52-aca0-90058ef49ad8', 'Água do Radiador', 'yes_no', 34, '"2026-05-08T03:40:35.952Z"', NULL) ON CONFLICT DO NOTHING;
INSERT INTO "public"."checklist_template_items" ("id", "template_id", "description", "item_type", "order_index", "created_at", "options") VALUES ('452bc3b0-e0ef-51b6-ab3c-495788ba0d0c', 'c8cbc66c-ea80-5c52-aca0-90058ef49ad8', 'Óleo de Freio', 'yes_no', 35, '"2026-05-08T03:40:35.952Z"', NULL) ON CONFLICT DO NOTHING;
INSERT INTO "public"."checklist_template_items" ("id", "template_id", "description", "item_type", "order_index", "created_at", "options") VALUES ('ccac848e-b4ff-55f8-8ac1-f94822acc9ea', 'c8cbc66c-ea80-5c52-aca0-90058ef49ad8', 'Limpeza Interna', 'yes_no', 36, '"2026-05-08T03:40:35.952Z"', NULL) ON CONFLICT DO NOTHING;
INSERT INTO "public"."checklist_template_items" ("id", "template_id", "description", "item_type", "order_index", "created_at", "options") VALUES ('dc14958d-efc4-56c3-8df2-f52c3c93b214', 'c8cbc66c-ea80-5c52-aca0-90058ef49ad8', 'Limpeza Externa', 'yes_no', 37, '"2026-05-08T03:40:35.952Z"', NULL) ON CONFLICT DO NOTHING;
INSERT INTO "public"."checklist_template_items" ("id", "template_id", "description", "item_type", "order_index", "created_at", "options") VALUES ('a4e7bfdc-50ff-52bd-b816-c88f3892da41', 'c8cbc66c-ea80-5c52-aca0-90058ef49ad8', 'Vazamentos (MUNCK)', 'yes_no', 38, '"2026-05-08T03:40:35.952Z"', NULL) ON CONFLICT DO NOTHING;
INSERT INTO "public"."checklist_template_items" ("id", "template_id", "description", "item_type", "order_index", "created_at", "options") VALUES ('a5eb3e26-9174-5dbc-b35d-94b6ca6a3516', 'c8cbc66c-ea80-5c52-aca0-90058ef49ad8', 'Condições das Mangueiras (MUNCK)', 'yes_no', 39, '"2026-05-08T03:40:35.952Z"', NULL) ON CONFLICT DO NOTHING;
INSERT INTO "public"."checklist_template_items" ("id", "template_id", "description", "item_type", "order_index", "created_at", "options") VALUES ('59f75eb1-3269-5609-b039-07634eb395a0', 'c8cbc66c-ea80-5c52-aca0-90058ef49ad8', 'Bomba Hidráulica (MUNCK)', 'yes_no', 40, '"2026-05-08T03:40:35.952Z"', NULL) ON CONFLICT DO NOTHING;
INSERT INTO "public"."checklist_template_items" ("id", "template_id", "description", "item_type", "order_index", "created_at", "options") VALUES ('2992d464-7eb1-58d8-a0fb-b45337a7d086', 'c8cbc66c-ea80-5c52-aca0-90058ef49ad8', 'Lança (MUNCK)', 'yes_no', 41, '"2026-05-08T03:40:35.952Z"', NULL) ON CONFLICT DO NOTHING;
INSERT INTO "public"."checklist_template_items" ("id", "template_id", "description", "item_type", "order_index", "created_at", "options") VALUES ('87694382-dd30-5bb3-af76-d115b4b8cbbf', 'c8cbc66c-ea80-5c52-aca0-90058ef49ad8', 'Moitão e Trava Guincho (MUNCK)', 'yes_no', 42, '"2026-05-08T03:40:35.952Z"', NULL) ON CONFLICT DO NOTHING;
INSERT INTO "public"."checklist_template_items" ("id", "template_id", "description", "item_type", "order_index", "created_at", "options") VALUES ('5c548f55-a820-56b1-bee8-f8574bbae1d1', 'c8cbc66c-ea80-5c52-aca0-90058ef49ad8', 'Pátolas (MUNCK)', 'yes_no', 43, '"2026-05-08T03:40:35.952Z"', NULL) ON CONFLICT DO NOTHING;
INSERT INTO "public"."checklist_template_items" ("id", "template_id", "description", "item_type", "order_index", "created_at", "options") VALUES ('fa6218a0-9027-5a90-83c2-349877807004', 'c8cbc66c-ea80-5c52-aca0-90058ef49ad8', 'Manetes de Comando (MUNCK)', 'yes_no', 44, '"2026-05-08T03:40:35.952Z"', NULL) ON CONFLICT DO NOTHING;
INSERT INTO "public"."checklist_template_items" ("id", "template_id", "description", "item_type", "order_index", "created_at", "options") VALUES ('cc9f1904-6784-5653-ad4e-96c7f06101b8', 'c8cbc66c-ea80-5c52-aca0-90058ef49ad8', 'Horímetro (MUNCK)', 'yes_no', 45, '"2026-05-08T03:40:35.952Z"', NULL) ON CONFLICT DO NOTHING;
INSERT INTO "public"."checklist_template_items" ("id", "template_id", "description", "item_type", "order_index", "created_at", "options") VALUES ('920af971-c357-5154-b206-ff48b270f851', 'c8cbc66c-ea80-5c52-aca0-90058ef49ad8', 'Óleo Hidráulico (MUNCK)', 'yes_no', 46, '"2026-05-08T03:40:35.952Z"', NULL) ON CONFLICT DO NOTHING;
INSERT INTO "public"."checklist_template_items" ("id", "template_id", "description", "item_type", "order_index", "created_at", "options") VALUES ('e00ea408-1cdd-5801-8d05-956aecdcdb67', 'c8cbc66c-ea80-5c52-aca0-90058ef49ad8', 'Cabos de Aço (MUNCK)', 'yes_no', 47, '"2026-05-08T03:40:35.952Z"', NULL) ON CONFLICT DO NOTHING;
INSERT INTO "public"."checklist_template_items" ("id", "template_id", "description", "item_type", "order_index", "created_at", "options") VALUES ('1b2827d3-a431-5944-89f5-3ca57e943772', 'c8cbc66c-ea80-5c52-aca0-90058ef49ad8', 'Cintas 4 mts. - 5 ton. (MUNCK)', 'yes_no', 48, '"2026-05-08T03:40:35.952Z"', NULL) ON CONFLICT DO NOTHING;
INSERT INTO "public"."checklist_template_items" ("id", "template_id", "description", "item_type", "order_index", "created_at", "options") VALUES ('82a6ec04-3238-5963-b192-7af5def75829', 'c8cbc66c-ea80-5c52-aca0-90058ef49ad8', 'Cintas 6 mts. - 5 ton. (MUNCK)', 'yes_no', 49, '"2026-05-08T03:40:35.952Z"', NULL) ON CONFLICT DO NOTHING;
INSERT INTO "public"."checklist_template_items" ("id", "template_id", "description", "item_type", "order_index", "created_at", "options") VALUES ('86ada6b3-17c9-566b-9f05-28012879ddf8', 'c8cbc66c-ea80-5c52-aca0-90058ef49ad8', 'Anilha 3/4 (MUNCK)', 'yes_no', 50, '"2026-05-08T03:40:35.952Z"', NULL) ON CONFLICT DO NOTHING;
INSERT INTO "public"."checklist_template_items" ("id", "template_id", "description", "item_type", "order_index", "created_at", "options") VALUES ('12a9bfc6-e87d-5e19-a8a5-f6a6ca449a82', 'c8cbc66c-ea80-5c52-aca0-90058ef49ad8', 'Anilha 1/4 (MUNCK)', 'yes_no', 51, '"2026-05-08T03:40:35.952Z"', NULL) ON CONFLICT DO NOTHING;
INSERT INTO "public"."checklist_template_items" ("id", "template_id", "description", "item_type", "order_index", "created_at", "options") VALUES ('a589f9a5-da9a-5373-8717-abb724394d5f', 'c8cbc66c-ea80-5c52-aca0-90058ef49ad8', 'Anilha 1 (MUNCK)', 'yes_no', 52, '"2026-05-08T03:40:35.952Z"', NULL) ON CONFLICT DO NOTHING;
INSERT INTO "public"."checklist_template_items" ("id", "template_id", "description", "item_type", "order_index", "created_at", "options") VALUES ('61e95102-5dac-54b8-b5c8-63e89f207afc', 'c8cbc66c-ea80-5c52-aca0-90058ef49ad8', '12 Cinta e Catraca 5 ton. (MUNCK)', 'yes_no', 53, '"2026-05-08T03:40:35.952Z"', NULL) ON CONFLICT DO NOTHING;
INSERT INTO "public"."checklist_template_items" ("id", "template_id", "description", "item_type", "order_index", "created_at", "options") VALUES ('5a9fc523-1625-5d14-98d7-3259058e9959', 'c8cbc66c-ea80-5c52-aca0-90058ef49ad8', '04 Cinta e Catraca 2 mts. 5 ton. (MUNCK)', 'yes_no', 54, '"2026-05-08T03:40:35.952Z"', NULL) ON CONFLICT DO NOTHING;
INSERT INTO "public"."checklist_template_items" ("id", "template_id", "description", "item_type", "order_index", "created_at", "options") VALUES ('465dcabc-f004-5560-8b30-7c79fc8b83e6', 'c8cbc66c-ea80-5c52-aca0-90058ef49ad8', 'Anotações para Manutenção', 'text', 55, '"2026-05-08T03:40:35.952Z"', NULL) ON CONFLICT DO NOTHING;
INSERT INTO "public"."checklist_template_items" ("id", "template_id", "description", "item_type", "order_index", "created_at", "options") VALUES ('123adeda-c360-5d07-96f3-fe4ce245edb9', 'c8cbc66c-ea80-5c52-aca0-90058ef49ad8', 'Assinatura do Motorista Responsável', 'photo', 56, '"2026-05-08T03:40:35.952Z"', NULL) ON CONFLICT DO NOTHING;
INSERT INTO "public"."checklist_template_items" ("id", "template_id", "description", "item_type", "order_index", "created_at", "options") VALUES ('a586296e-b340-4420-a0d9-8638c25d8654', 'e18c1725-a0ab-4523-9d71-a8edb7e1ee69', 'Número da CNH', 'number', 0, '"2026-05-08T03:53:57.536Z"', NULL) ON CONFLICT DO NOTHING;
INSERT INTO "public"."checklist_template_items" ("id", "template_id", "description", "item_type", "order_index", "created_at", "options") VALUES ('1bafcbed-a9c4-4493-bbe7-2b1054707314', 'e18c1725-a0ab-4523-9d71-a8edb7e1ee69', 'Modelo', 'text', 1, '"2026-05-08T03:53:57.536Z"', NULL) ON CONFLICT DO NOTHING;
INSERT INTO "public"."checklist_template_items" ("id", "template_id", "description", "item_type", "order_index", "created_at", "options") VALUES ('187a96e9-22fc-4066-ab67-0d1b44de50c1', 'e18c1725-a0ab-4523-9d71-a8edb7e1ee69', 'Pneus', 'yes_no', 2, '"2026-05-08T03:53:57.536Z"', NULL) ON CONFLICT DO NOTHING;
INSERT INTO "public"."checklist_template_items" ("id", "template_id", "description", "item_type", "order_index", "created_at", "options") VALUES ('8cd49a3c-1754-4a4d-8de3-69c645af9103', 'e18c1725-a0ab-4523-9d71-a8edb7e1ee69', 'Nível do Óleo', 'yes_no', 3, '"2026-05-08T03:53:57.536Z"', NULL) ON CONFLICT DO NOTHING;
INSERT INTO "public"."checklist_template_items" ("id", "template_id", "description", "item_type", "order_index", "created_at", "options") VALUES ('fb4442b0-62b8-4425-ab93-1d30550d074e', 'e18c1725-a0ab-4523-9d71-a8edb7e1ee69', 'Faróis', 'yes_no', 4, '"2026-05-08T03:53:57.536Z"', NULL) ON CONFLICT DO NOTHING;
INSERT INTO "public"."checklist_template_items" ("id", "template_id", "description", "item_type", "order_index", "created_at", "options") VALUES ('f54d97e3-3ea9-436f-b56c-91aff61b3958', 'e18c1725-a0ab-4523-9d71-a8edb7e1ee69', 'Pisca', 'yes_no', 5, '"2026-05-08T03:53:57.536Z"', NULL) ON CONFLICT DO NOTHING;
INSERT INTO "public"."checklist_template_items" ("id", "template_id", "description", "item_type", "order_index", "created_at", "options") VALUES ('cf262382-2c8d-419b-ae5a-2c21dcd8121e', 'e18c1725-a0ab-4523-9d71-a8edb7e1ee69', 'Lanternas', 'yes_no', 6, '"2026-05-08T03:53:57.536Z"', NULL) ON CONFLICT DO NOTHING;
INSERT INTO "public"."checklist_template_items" ("id", "template_id", "description", "item_type", "order_index", "created_at", "options") VALUES ('f6e21c92-e2e7-490a-ada5-34aa7ce56c3a', 'e18c1725-a0ab-4523-9d71-a8edb7e1ee69', 'Luz de Ré', 'yes_no', 7, '"2026-05-08T03:53:57.536Z"', NULL) ON CONFLICT DO NOTHING;
INSERT INTO "public"."checklist_template_items" ("id", "template_id", "description", "item_type", "order_index", "created_at", "options") VALUES ('28ddd929-94ec-4f4e-b7cb-397e03bed6af', 'e18c1725-a0ab-4523-9d71-a8edb7e1ee69', 'Amassados', 'yes_no', 8, '"2026-05-08T03:53:57.536Z"', NULL) ON CONFLICT DO NOTHING;
INSERT INTO "public"."checklist_template_items" ("id", "template_id", "description", "item_type", "order_index", "created_at", "options") VALUES ('c9208b47-eed9-49d6-b1b6-79060ff7fa6e', 'e18c1725-a0ab-4523-9d71-a8edb7e1ee69', 'Riscos', 'yes_no', 9, '"2026-05-08T03:53:57.536Z"', NULL) ON CONFLICT DO NOTHING;
INSERT INTO "public"."checklist_template_items" ("id", "template_id", "description", "item_type", "order_index", "created_at", "options") VALUES ('e294277c-8cae-4dd3-9776-741ecfd40bc0', 'e18c1725-a0ab-4523-9d71-a8edb7e1ee69', 'Painel', 'yes_no', 10, '"2026-05-08T03:53:57.536Z"', NULL) ON CONFLICT DO NOTHING;
INSERT INTO "public"."checklist_template_items" ("id", "template_id", "description", "item_type", "order_index", "created_at", "options") VALUES ('96888c97-19ce-4645-b774-a351cbcf349a', 'e18c1725-a0ab-4523-9d71-a8edb7e1ee69', 'Bancos', 'yes_no', 11, '"2026-05-08T03:53:57.536Z"', NULL) ON CONFLICT DO NOTHING;
INSERT INTO "public"."checklist_template_items" ("id", "template_id", "description", "item_type", "order_index", "created_at", "options") VALUES ('0b629699-e375-4c91-8b3e-1175d54ccc1e', 'e18c1725-a0ab-4523-9d71-a8edb7e1ee69', 'Limpeza Externa', 'yes_no', 12, '"2026-05-08T03:53:57.536Z"', NULL) ON CONFLICT DO NOTHING;
INSERT INTO "public"."checklist_template_items" ("id", "template_id", "description", "item_type", "order_index", "created_at", "options") VALUES ('1b2438db-ab44-42ec-aa91-3341f2fb334e', 'e18c1725-a0ab-4523-9d71-a8edb7e1ee69', 'Limpeza Interna', 'yes_no', 13, '"2026-05-08T03:53:57.536Z"', NULL) ON CONFLICT DO NOTHING;
INSERT INTO "public"."checklist_template_items" ("id", "template_id", "description", "item_type", "order_index", "created_at", "options") VALUES ('0521d237-ff19-4390-bc5b-5238937ffec5', 'e18c1725-a0ab-4523-9d71-a8edb7e1ee69', 'Observações', 'text', 14, '"2026-05-08T03:53:57.536Z"', NULL) ON CONFLICT DO NOTHING;
INSERT INTO "public"."checklist_template_items" ("id", "template_id", "description", "item_type", "order_index", "created_at", "options") VALUES ('5e92b405-ca7e-432e-9cb9-a4a010aa871a', 'e18c1725-a0ab-4523-9d71-a8edb7e1ee69', 'Veículo está perfeito?', 'yes_no', 15, '"2026-05-08T03:53:57.536Z"', NULL) ON CONFLICT DO NOTHING;
INSERT INTO "public"."checklist_template_items" ("id", "template_id", "description", "item_type", "order_index", "created_at", "options") VALUES ('b6128ebc-b414-45d2-88b7-fabf153cd0ab', 'e18c1725-a0ab-4523-9d71-a8edb7e1ee69', 'Documento do veículo e CNH em dia?', 'yes_no', 16, '"2026-05-08T03:53:57.536Z"', NULL) ON CONFLICT DO NOTHING;
INSERT INTO "public"."checklist_template_items" ("id", "template_id", "description", "item_type", "order_index", "created_at", "options") VALUES ('4514246a-d50f-4246-b63b-0cf352ef663c', 'e18c1725-a0ab-4523-9d71-a8edb7e1ee69', 'Adicionar Imagens', 'photo', 17, '"2026-05-08T03:53:57.536Z"', NULL) ON CONFLICT DO NOTHING;

-- public.checklist_executions: 1 rows
INSERT INTO "public"."checklist_executions" ("id", "template_id", "company_id", "created_by", "responsavel", "local", "numero", "data_execucao", "status", "conformity_percent", "created_at", "completed_at", "veiculo_placa") VALUES ('6d65fae8-5c78-439c-b204-c24ba3c3646f', 'b2c3d4e5-0002-0002-0002-000000000002', 'c37aa5ad-56f4-4c8c-bcc1-26ec7dd6ba02', '37a24365-3a4e-4ba4-aa2e-fdbb6b59652e', 'eder', 'local', NULL, '"2026-05-06T03:00:00.000Z"', 'concluido', '100.00', '"2026-05-07T02:58:58.584Z"', '"2026-05-06T23:59:29.466Z"', 'ACC8888') ON CONFLICT DO NOTHING;

-- public.checklist_answers: 10 rows
INSERT INTO "public"."checklist_answers" ("id", "execution_id", "item_id", "response", "observation", "answered_at") VALUES ('11ea2462-3e34-42c7-897e-6ed55dda4753', '6d65fae8-5c78-439c-b204-c24ba3c3646f', '0a7f5715-eddc-4ba1-a4f6-6498b73e63e5', 'Teste', NULL, '"2026-05-06T23:59:15.914Z"') ON CONFLICT DO NOTHING;
INSERT INTO "public"."checklist_answers" ("id", "execution_id", "item_id", "response", "observation", "answered_at") VALUES ('2cefa4ef-071f-47c7-9ae0-586213073a12', '6d65fae8-5c78-439c-b204-c24ba3c3646f', '78572415-aa63-40ec-a433-a6f16dc85f81', 'Teste', NULL, '"2026-05-06T23:59:18.489Z"') ON CONFLICT DO NOTHING;
INSERT INTO "public"."checklist_answers" ("id", "execution_id", "item_id", "response", "observation", "answered_at") VALUES ('bbc4ecfa-8f5b-42ff-88eb-927a06377fb1', '6d65fae8-5c78-439c-b204-c24ba3c3646f', '67305a64-c056-4a01-86d4-fc9f5dc8d309', 'yes', NULL, '"2026-05-06T23:59:20.441Z"') ON CONFLICT DO NOTHING;
INSERT INTO "public"."checklist_answers" ("id", "execution_id", "item_id", "response", "observation", "answered_at") VALUES ('efe4b63a-c352-4116-b04a-3814c629521a', '6d65fae8-5c78-439c-b204-c24ba3c3646f', '8b621a4a-822f-4a3c-b788-ae77f03c1a5c', 'yes', NULL, '"2026-05-06T23:59:21.611Z"') ON CONFLICT DO NOTHING;
INSERT INTO "public"."checklist_answers" ("id", "execution_id", "item_id", "response", "observation", "answered_at") VALUES ('9913edc2-5f1b-486d-befe-283de5188c1b', '6d65fae8-5c78-439c-b204-c24ba3c3646f', '949303fe-aad5-4d31-a179-f42ce65b66a0', 'yes', NULL, '"2026-05-06T23:59:22.738Z"') ON CONFLICT DO NOTHING;
INSERT INTO "public"."checklist_answers" ("id", "execution_id", "item_id", "response", "observation", "answered_at") VALUES ('ef4c2808-1746-489c-8078-7df972bd99ed', '6d65fae8-5c78-439c-b204-c24ba3c3646f', 'bfcdbafd-02e0-488e-9a07-b3e1611d44f9', 'yes', NULL, '"2026-05-06T23:59:23.256Z"') ON CONFLICT DO NOTHING;
INSERT INTO "public"."checklist_answers" ("id", "execution_id", "item_id", "response", "observation", "answered_at") VALUES ('78418cf9-7727-4e2b-b7b5-0c13b0321a5a', '6d65fae8-5c78-439c-b204-c24ba3c3646f', '8ff90f2c-0fb1-4ca9-af3f-394c85f88b52', 'yes', NULL, '"2026-05-06T23:59:24.749Z"') ON CONFLICT DO NOTHING;
INSERT INTO "public"."checklist_answers" ("id", "execution_id", "item_id", "response", "observation", "answered_at") VALUES ('f344d70f-b608-40b0-847a-0fb6d32c8155', '6d65fae8-5c78-439c-b204-c24ba3c3646f', '144b076a-a3d3-4a31-9770-9b3e5d2221f8', 'yes', NULL, '"2026-05-06T23:59:25.199Z"') ON CONFLICT DO NOTHING;
INSERT INTO "public"."checklist_answers" ("id", "execution_id", "item_id", "response", "observation", "answered_at") VALUES ('69510216-b1da-4ffe-a634-7d17ca33c69e', '6d65fae8-5c78-439c-b204-c24ba3c3646f', '1bdea415-7599-4b51-a1f9-33d14260034d', 'yes', NULL, '"2026-05-06T23:59:25.720Z"') ON CONFLICT DO NOTHING;
INSERT INTO "public"."checklist_answers" ("id", "execution_id", "item_id", "response", "observation", "answered_at") VALUES ('fdbf882d-caba-485e-b3f5-09f854d70613', '6d65fae8-5c78-439c-b204-c24ba3c3646f', '16012354-4fcb-4927-84ea-b329a660891c', 'yes', NULL, '"2026-05-06T23:59:26.694Z"') ON CONFLICT DO NOTHING;

-- public.checklist_item_images: 0 rows
-- public.attachments: 0 rows

SET session_replication_role = DEFAULT;
